  0
SECTION
  2
HEADER
  9
$ACADVER
  1
AC1032
  9
$ACADMAINTVER
 90
       55
  9
$DWGCODEPAGE
  3
ANSI_1252
  9
$LASTSAVEDBY
  1
Kip
  9
$REQUIREDVERSIONS
160
                 0
  9
$INSBASE
 10
0.0
 20
0.0
 30
0.0
  9
$EXTMIN
 10
37.7535
 20
-167.64
 30
0.0
  9
$EXTMAX
 10
220.3738450434275
 20
-40.38595495657253
 30
0.0
  9
$LIMMIN
 10
0.0
 20
0.0
  9
$LIMMAX
 10
12.0
 20
9.0
  9
$ORTHOMODE
 70
     0
  9
$REGENMODE
 70
     1
  9
$FILLMODE
 70
     1
  9
$QTEXTMODE
 70
     0
  9
$MIRRTEXT
 70
     0
  9
$LTSCALE
 40
1.0
  9
$ATTMODE
 70
     1
  9
$TEXTSIZE
 40
0.2
  9
$TRACEWID
 40
0.05
  9
$TEXTSTYLE
  7
Standard
  9
$CLAYER
  8
0
  9
$CELTYPE
  6
ByLayer
  9
$CECOLOR
 62
   256
  9
$CELTSCALE
 40
1.0
  9
$DISPSILH
 70
     0
  9
$DIMSCALE
 40
1.0
  9
$DIMASZ
 40
2.5
  9
$DIMEXO
 40
0.625
  9
$DIMDLI
 40
5.0
  9
$DIMRND
 40
0.0
  9
$DIMDLE
 40
0.0
  9
$DIMEXE
 40
1.25
  9
$DIMTP
 40
0.0
  9
$DIMTM
 40
0.0
  9
$DIMTXT
 40
2.5
  9
$DIMCEN
 40
0.09
  9
$DIMTSZ
 40
0.0
  9
$DIMTOL
 70
     0
  9
$DIMLIM
 70
     0
  9
$DIMTIH
 70
     0
  9
$DIMTOH
 70
     1
  9
$DIMSE1
 70
     0
  9
$DIMSE2
 70
     0
  9
$DIMTAD
 70
     1
  9
$DIMZIN
 70
     8
  9
$DIMBLK
  1

  9
$DIMASO
 70
     1
  9
$DIMSHO
 70
     1
  9
$DIMPOST
  1

  9
$DIMAPOST
  1

  9
$DIMALT
 70
     0
  9
$DIMALTD
 70
     2
  9
$DIMALTF
 40
25.4
  9
$DIMLFAC
 40
1.0
  9
$DIMTOFL
 70
     0
  9
$DIMTVP
 40
0.0
  9
$DIMTIX
 70
     0
  9
$DIMSOXD
 70
     0
  9
$DIMSAH
 70
     0
  9
$DIMBLK1
  1

  9
$DIMBLK2
  1

  9
$DIMSTYLE
  2
Standard
  9
$DIMCLRD
 70
     0
  9
$DIMCLRE
 70
     0
  9
$DIMCLRT
 70
     0
  9
$DIMTFAC
 40
1.0
  9
$DIMGAP
 40
0.625
  9
$DIMJUST
 70
     0
  9
$DIMSD1
 70
     0
  9
$DIMSD2
 70
     0
  9
$DIMTOLJ
 70
     1
  9
$DIMTZIN
 70
     0
  9
$DIMALTZ
 70
     0
  9
$DIMALTTZ
 70
     0
  9
$DIMUPT
 70
     0
  9
$DIMDEC
 70
     4
  9
$DIMTDEC
 70
     4
  9
$DIMALTU
 70
     2
  9
$DIMALTTD
 70
     2
  9
$DIMTXSTY
  7
Standard
  9
$DIMAUNIT
 70
     0
  9
$DIMADEC
 70
     0
  9
$DIMALTRND
 40
0.0
  9
$DIMAZIN
 70
     2
  9
$DIMDSEP
 70
    46
  9
$DIMATFIT
 70
     0
  9
$DIMFRAC
 70
     0
  9
$DIMLDRBLK
  1

  9
$DIMLUNIT
 70
     2
  9
$DIMLWD
 70
    -2
  9
$DIMLWE
 70
    -2
  9
$DIMTMOVE
 70
     0
  9
$DIMFXL
 40
1.0
  9
$DIMFXLON
 70
     0
  9
$DIMJOGANG
 40
0.7853981633974483
  9
$DIMTFILL
 70
     0
  9
$DIMTFILLCLR
 70
     0
  9
$DIMARCSYM
 70
     0
  9
$DIMLTYPE
  6

  9
$DIMLTEX1
  6

  9
$DIMLTEX2
  6

  9
$DIMTXTDIRECTION
 70
     0
  9
$LUNITS
 70
     2
  9
$LUPREC
 70
     4
  9
$SKETCHINC
 40
0.1
  9
$FILLETRAD
 40
0.0
  9
$AUNITS
 70
     0
  9
$AUPREC
 70
     0
  9
$MENU
  1
.
  9
$ELEVATION
 40
0.0
  9
$PELEVATION
 40
0.0
  9
$THICKNESS
 40
0.0
  9
$LIMCHECK
 70
     0
  9
$CHAMFERA
 40
0.0
  9
$CHAMFERB
 40
0.0
  9
$CHAMFERC
 40
0.0
  9
$CHAMFERD
 40
0.0
  9
$SKPOLY
 70
     0
  9
$TDCREATE
 40
2461249.86768882
  9
$TDUCREATE
 40
2461249.534355487
  9
$TDUPDATE
 40
2461249.867689063
  9
$TDUUPDATE
 40
2461249.53435573
  9
$TDINDWG
 40
0.0000000116
  9
$TDUSRTIMER
 40
0.0000000116
  9
$USRTIMER
 70
     1
  9
$ANGBASE
 50
0.0
  9
$ANGDIR
 70
     0
  9
$PDMODE
 70
     0
  9
$PDSIZE
 40
0.0
  9
$PLINEWID
 40
0.0
  9
$SPLFRAME
 70
     0
  9
$SPLINETYPE
 70
     6
  9
$SPLINESEGS
 70
     8
  9
$HANDSEED
  5
1B70
  9
$SURFTAB1
 70
     6
  9
$SURFTAB2
 70
     6
  9
$SURFTYPE
 70
     6
  9
$SURFU
 70
     6
  9
$SURFV
 70
     6
  9
$UCSBASE
  2

  9
$UCSNAME
  2

  9
$UCSORG
 10
0.0
 20
0.0
 30
0.0
  9
$UCSXDIR
 10
1.0
 20
0.0
 30
0.0
  9
$UCSYDIR
 10
0.0
 20
1.0
 30
0.0
  9
$UCSORTHOREF
  2

  9
$UCSORTHOVIEW
 70
     0
  9
$UCSORGTOP
 10
0.0
 20
0.0
 30
0.0
  9
$UCSORGBOTTOM
 10
0.0
 20
0.0
 30
0.0
  9
$UCSORGLEFT
 10
0.0
 20
0.0
 30
0.0
  9
$UCSORGRIGHT
 10
0.0
 20
0.0
 30
0.0
  9
$UCSORGFRONT
 10
0.0
 20
0.0
 30
0.0
  9
$UCSORGBACK
 10
0.0
 20
0.0
 30
0.0
  9
$PUCSBASE
  2

  9
$PUCSNAME
  2

  9
$PUCSORG
 10
0.0
 20
0.0
 30
0.0
  9
$PUCSXDIR
 10
1.0
 20
0.0
 30
0.0
  9
$PUCSYDIR
 10
0.0
 20
1.0
 30
0.0
  9
$PUCSORTHOREF
  2

  9
$PUCSORTHOVIEW
 70
     0
  9
$PUCSORGTOP
 10
0.0
 20
0.0
 30
0.0
  9
$PUCSORGBOTTOM
 10
0.0
 20
0.0
 30
0.0
  9
$PUCSORGLEFT
 10
0.0
 20
0.0
 30
0.0
  9
$PUCSORGRIGHT
 10
0.0
 20
0.0
 30
0.0
  9
$PUCSORGFRONT
 10
0.0
 20
0.0
 30
0.0
  9
$PUCSORGBACK
 10
0.0
 20
0.0
 30
0.0
  9
$USERI1
 70
     0
  9
$USERI2
 70
     0
  9
$USERI3
 70
     0
  9
$USERI4
 70
     0
  9
$USERI5
 70
     0
  9
$USERR1
 40
0.0
  9
$USERR2
 40
0.0
  9
$USERR3
 40
0.0
  9
$USERR4
 40
0.0
  9
$USERR5
 40
0.0
  9
$WORLDVIEW
 70
     1
  9
$SHADEDGE
 70
     3
  9
$SHADEDIF
 70
    70
  9
$TILEMODE
 70
     1
  9
$MAXACTVP
 70
    64
  9
$PINSBASE
 10
0.0
 20
0.0
 30
0.0
  9
$PLIMCHECK
 70
     0
  9
$PEXTMIN
 10
0.0
 20
0.0
 30
0.0
  9
$PEXTMAX
 10
0.0
 20
0.0
 30
0.0
  9
$PLIMMIN
 10
-20.0
 20
-7.5
  9
$PLIMMAX
 10
277.0
 20
202.5
  9
$UNITMODE
 70
     0
  9
$VISRETAIN
 70
     1
  9
$PLINEGEN
 70
     0
  9
$PSLTSCALE
 70
     1
  9
$TREEDEPTH
 70
  3020
  9
$CMLSTYLE
  2
Standard
  9
$CMLJUST
 70
     0
  9
$CMLSCALE
 40
1.0
  9
$PROXYGRAPHICS
 70
     1
  9
$MEASUREMENT
 70
     1
  9
$CELWEIGHT
370
    -1
  9
$ENDCAPS
280
     0
  9
$JOINSTYLE
280
     0
  9
$LWDISPLAY
290
     0
  9
$INSUNITS
 70
     4
  9
$HYPERLINKBASE
  1

  9
$STYLESHEET
  1

  9
$XEDIT
290
     1
  9
$CEPSNTYPE
380
     0
  9
$PSTYLEMODE
290
     1
  9
$FINGERPRINTGUID
  2
{2da1febe-4ad3-4f3f-aa07-5c3ce5f03699}
  9
$VERSIONGUID
  2
{FAEB1C32-E019-11D5-929B-00C0DF256EC4}
  9
$EXTNAMES
290
     1
  9
$PSVPSCALE
 40
0.0
  9
$OLESTARTUP
290
     0
  9
$SORTENTS
280
   127
  9
$INDEXCTL
280
     0
  9
$HIDETEXT
280
     1
  9
$XCLIPFRAME
280
     2
  9
$HALOGAP
280
     0
  9
$OBSCOLOR
 70
   257
  9
$OBSLTYPE
280
     0
  9
$INTERSECTIONDISPLAY
280
     0
  9
$INTERSECTIONCOLOR
 70
   257
  9
$DIMASSOC
280
     2
  9
$PROJECTNAME
  1

  9
$CAMERADISPLAY
290
     0
  9
$LENSLENGTH
 40
50.0
  9
$CAMERAHEIGHT
 40
0.0
  9
$STEPSPERSEC
 40
2.0
  9
$STEPSIZE
 40
6.0
  9
$3DDWFPREC
 40
2.0
  9
$PSOLWIDTH
 40
0.25
  9
$PSOLHEIGHT
 40
4.0
  9
$LOFTANG1
 40
1.570796326794897
  9
$LOFTANG2
 40
1.570796326794897
  9
$LOFTMAG1
 40
0.0
  9
$LOFTMAG2
 40
0.0
  9
$LOFTPARAM
 70
     7
  9
$LOFTNORMALS
280
     1
  9
$LATITUDE
 40
37.795
  9
$LONGITUDE
 40
-122.394
  9
$NORTHDIRECTION
 40
0.0
  9
$TIMEZONE
 70
 -8000
  9
$LIGHTGLYPHDISPLAY
280
     1
  9
$TILEMODELIGHTSYNCH
280
     1
  9
$CMATERIAL
347
1ADC
  9
$SOLIDHIST
280
     0
  9
$SHOWHIST
280
     1
  9
$DWFFRAME
280
     2
  9
$DGNFRAME
280
     2
  9
$REALWORLDSCALE
290
     1
  9
$INTERFERECOLOR
 62
   256
  9
$CSHADOW
280
     0
  9
$SHADOWPLANELOCATION
 40
0.0
  0
ENDSEC
  0
SECTION
  2
CLASSES
  0
CLASS
  1
ACDBDICTIONARYWDFLT
  2
AcDbDictionaryWithDefault
  3
ObjectDBX Classes
 90
        0
 91
        3
280
     0
281
     0
  0
CLASS
  1
VISUALSTYLE
  2
AcDbVisualStyle
  3
ObjectDBX Classes
 90
     4095
 91
        3
280
     0
281
     0
  0
CLASS
  1
MATERIAL
  2
AcDbMaterial
  3
ObjectDBX Classes
 90
     1153
 91
        3
280
     0
281
     0
  0
CLASS
  1
SCALE
  2
AcDbScale
  3
ObjectDBX Classes
 90
     1153
 91
        3
280
     0
281
     0
  0
CLASS
  1
TABLESTYLE
  2
AcDbTableStyle
  3
ObjectDBX Classes
 90
     4095
 91
        3
280
     0
281
     0
  0
CLASS
  1
MLEADERSTYLE
  2
AcDbMLeaderStyle
  3
ACDB_MLEADERSTYLE_CLASS
 90
     4095
 91
        3
280
     0
281
     0
  0
CLASS
  1
SUN
  2
AcDbSun
  3
SCENEOE
 90
     1153
 91
        3
280
     0
281
     0
  0
CLASS
  1
DICTIONARYVAR
  2
AcDbDictionaryVar
  3
ObjectDBX Classes
 90
        0
 91
        3
280
     0
281
     0
  0
CLASS
  1
CELLSTYLEMAP
  2
AcDbCellStyleMap
  3
ObjectDBX Classes
 90
     1152
 91
        3
280
     0
281
     0
  0
ENDSEC
  0
SECTION
  2
TABLES
  0
TABLE
  2
VPORT
  5
1AA1
330
0
100
AcDbSymbolTable
 70
     1
  0
VPORT
  5
1AC1
330
1AA1
100
AcDbSymbolTableRecord
100
AcDbViewportTableRecord
  2
*Active
 70
     0
 10
0.0
 20
0.0
 11
1.0
 21
1.0
 12
137.2055560706716
 22
-68.40533634848515
 13
0.0
 23
0.0
 14
0.5
 24
0.5
 15
0.5
 25
0.5
 16
0.0
 26
0.0
 36
1.0
 17
0.0
 27
0.0
 37
0.0
 40
171.24
 41
1.863349684653119
 42
50.0
 43
0.0
 44
0.0
 50
0.0
 51
0.0
 71
     0
 72
   100
 73
     1
 74
     3
 75
     0
 76
     0
 77
     0
 78
     0
281
     0
 65
     1
110
0.0
120
0.0
130
0.0
111
1.0
121
0.0
131
0.0
112
0.0
122
1.0
132
0.0
 79
     0
146
0.0
348
1AC7
 60
     3
 61
     5
292
     1
282
     1
141
0.0
142
0.0
 63
   250
361
1AF5
  0
ENDTAB
  0
TABLE
  2
LTYPE
  5
1A9E
330
0
100
AcDbSymbolTable
 70
    51
  0
LTYPE
  5
1AAC
330
1A9E
100
AcDbSymbolTableRecord
100
AcDbLinetypeTableRecord
  2
ByBlock
 70
     0
  3

 72
    65
 73
     0
 40
0.0
  0
LTYPE
  5
1AAD
330
1A9E
100
AcDbSymbolTableRecord
100
AcDbLinetypeTableRecord
  2
ByLayer
 70
     0
  3

 72
    65
 73
     0
 40
0.0
  0
LTYPE
  5
1AAE
330
1A9E
100
AcDbSymbolTableRecord
100
AcDbLinetypeTableRecord
  2
Continuous
 70
     0
  3
Solid line
 72
    65
 73
     0
 40
0.0
  0
LTYPE
  5
1B2F
330
1A9E
100
AcDbSymbolTableRecord
100
AcDbLinetypeTableRecord
  2
PHANTOMX2
 70
     0
  3
Phantom (2x) ____________    ____    ____   _
 72
    65
 73
     6
 40
127.0
 49
63.5
 74
     0
 49
-12.7
 74
     0
 49
12.7
 74
     0
 49
-12.7
 74
     0
 49
12.7
 74
     0
 49
-12.7
 74
     0
  0
LTYPE
  5
1B30
330
1A9E
100
AcDbSymbolTableRecord
100
AcDbLinetypeTableRecord
  2
DASHED
 70
     0
  3
Dashed __ __ __ __ __ __ __ __ __ __ __ __ __ _
 72
    65
 73
     2
 40
19.05
 49
12.7
 74
     0
 49
-6.35
 74
     0
  0
LTYPE
  5
1B32
330
1A9E
100
AcDbSymbolTableRecord
100
AcDbLinetypeTableRecord
  2
BATTING
 70
     0
  3
Batting SSSSSSSSSSSSSSSSSSSSSSSSSSSSSSSSSSSSSSSSSSSSSSS
 72
    65
 73
     4
 40
10.16254
 49
0.00254
 74
     0
 49
-2.54
 74
     2
 75
     0
340
1B31
 46
2.54
 50
0.0
 44
-2.54
 45
0.0
  9
BAT
 49
-5.08
 74
     2
 75
     0
340
1B31
 46
2.54
 50
180.0
 44
2.54
 45
0.0
  9
BAT
 49
-2.54
 74
     0
  0
LTYPE
  5
1B34
330
1A9E
100
AcDbSymbolTableRecord
100
AcDbLinetypeTableRecord
  2
DRAINAGE
 70
     0
  3
Drainage ---->---->---->----
 72
    65
 73
     2
 40
10.16
 49
5.08
 74
     2
 75
     0
340
1B33
 46
2.54
 50
180.0
 44
0.0
 45
0.0
  9
RIGHT_ARROW
 49
5.08
 74
     0
  0
LTYPE
  5
1B35
330
1A9E
100
AcDbSymbolTableRecord
100
AcDbLinetypeTableRecord
  2
DASHEDX2
 70
     0
  3
Dashed (2x) ____  ____  ____  ____  ____  ___
 72
    65
 73
     2
 40
38.09999999999999
 49
25.4
 74
     0
 49
-12.7
 74
     0
  0
LTYPE
  5
1B36
330
1A9E
100
AcDbSymbolTableRecord
100
AcDbLinetypeTableRecord
  2
POINT2
 70
     0
  3
----\/-----\/---
 72
    65
 73
     2
 40
31.26232
 49
25.4
 74
     2
 75
     0
340
1B31
 46
5.08
 50
0.0
 44
0.0
 45
0.0
  9
PT2
 49
-5.86232
 74
     0
  0
LTYPE
  5
1B38
330
1A9E
100
AcDbSymbolTableRecord
100
AcDbLinetypeTableRecord
  2
HOT_WATER_SUPPLY
 70
     0
  3
Hot water supply ---- HW ---- HW ---- HW ----
 72
    65
 73
     3
 40
22.86
 49
12.7
 74
     0
 49
-5.08
 74
     2
 75
     0
340
1B37
 46
2.54
 50
0.0
 44
-2.54
 45
-1.27
  9
HW
 49
-5.08
 74
     0
  0
LTYPE
  5
1B39
330
1A9E
100
AcDbSymbolTableRecord
100
AcDbLinetypeTableRecord
  2
ACAD_ISO06W100
 70
     0
  3
ISO long-dash triple-dot ____ ... ____ ... ____
 72
    65
 73
     8
 40
36.0
 49
24.0
 74
     0
 49
-3.0
 74
     0
 49
0.0
 74
     0
 49
-3.0
 74
     0
 49
0.0
 74
     0
 49
-3.0
 74
     0
 49
0.0
 74
     0
 49
-3.0
 74
     0
  0
LTYPE
  5
1B3A
330
1A9E
100
AcDbSymbolTableRecord
100
AcDbLinetypeTableRecord
  2
BORDERX2
 70
     0
  3
Border (2x) ____  ____  .  ____  ____  .  ___
 72
    65
 73
     6
 40
88.89999999999999
 49
25.4
 74
     0
 49
-12.7
 74
     0
 49
25.4
 74
     0
 49
-12.7
 74
     0
 49
0.0
 74
     0
 49
-12.7
 74
     0
  0
LTYPE
  5
1B3B
330
1A9E
100
AcDbSymbolTableRecord
100
AcDbLinetypeTableRecord
  2
DOT
 70
     0
  3
Dot . . . . . . . . . . . . . . . . . . . . . . . .
 72
    65
 73
     2
 40
6.35
 49
0.0
 74
     0
 49
-6.35
 74
     0
  0
LTYPE
  5
1B3C
330
1A9E
100
AcDbSymbolTableRecord
100
AcDbLinetypeTableRecord
  2
DRAINAGE2
 70
     0
  3
Drainage reversed----<----<----<----
 72
    65
 73
     2
 40
10.16
 49
5.08
 74
     2
 75
     0
340
1B33
 46
2.54
 50
0.0
 44
0.0
 45
0.0
  9
RIGHT_ARROW
 49
5.08
 74
     0
  0
LTYPE
  5
1B3D
330
1A9E
100
AcDbSymbolTableRecord
100
AcDbLinetypeTableRecord
  2
TRACKS
 70
     0
  3
Tracks -|-|-|-|-|-|-|-|-|-|-|-|-|-|-|-|-|-|-|-|-|-|-|-|-
 72
    65
 73
     2
 40
7.62
 49
3.81
 74
     2
 75
     0
340
1B31
 46
6.35
 50
0.0
 44
0.0
 45
0.0
  9
TRACK1
 49
3.81
 74
     0
  0
LTYPE
  5
1B3E
330
1A9E
100
AcDbSymbolTableRecord
100
AcDbLinetypeTableRecord
  2
ACAD_ISO04W100
 70
     0
  3
ISO long-dash dot ____ . ____ . ____ . ____ . _
 72
    65
 73
     4
 40
30.0
 49
24.0
 74
     0
 49
-3.0
 74
     0
 49
0.0
 74
     0
 49
-3.0
 74
     0
  0
LTYPE
  5
1B3F
330
1A9E
100
AcDbSymbolTableRecord
100
AcDbLinetypeTableRecord
  2
CENTER2
 70
     0
  3
Center (.5x) ___ _ ___ _ ___ _ ___ _ ___ _ ___
 72
    65
 73
     4
 40
28.575
 49
19.05
 74
     0
 49
-3.175
 74
     0
 49
3.175
 74
     0
 49
-3.175
 74
     0
  0
LTYPE
  5
1B40
330
1A9E
100
AcDbSymbolTableRecord
100
AcDbLinetypeTableRecord
  2
DASHED2
 70
     0
  3
Dashed (.5x) _ _ _ _ _ _ _ _ _ _ _ _ _ _ _ _ _ 
 72
    65
 73
     2
 40
9.524999999999999
 49
6.35
 74
     0
 49
-3.175
 74
     0
  0
LTYPE
  5
1B41
330
1A9E
100
AcDbSymbolTableRecord
100
AcDbLinetypeTableRecord
  2
FENCELINE1
 70
     0
  3
Fenceline circle ----0-----0----0-----0----0-----0--
 72
    65
 73
     4
 40
36.83
 49
6.35
 74
     0
 49
-2.54
 74
     2
 75
     0
340
1B31
 46
2.54
 50
0.0
 44
-2.54
 45
0.0
  9
CIRC1
 49
-2.54
 74
     0
 49
25.4
 74
     0
  0
LTYPE
  5
1B42
330
1A9E
100
AcDbSymbolTableRecord
100
AcDbLinetypeTableRecord
  2
ACAD_ISO02W100
 70
     0
  3
ISO dash __ __ __ __ __ __ __ __ __ __ __ __ __
 72
    65
 73
     2
 40
15.0
 49
12.0
 74
     0
 49
-3.0
 74
     0
  0
LTYPE
  5
1B43
330
1A9E
100
AcDbSymbolTableRecord
100
AcDbLinetypeTableRecord
  2
DIVIDEX2
 70
     0
  3
Divide (2x) ________  .  .  ________  .  .  _
 72
    65
 73
     6
 40
63.5
 49
25.4
 74
     0
 49
-12.7
 74
     0
 49
0.0
 74
     0
 49
-12.7
 74
     0
 49
0.0
 74
     0
 49
-12.7
 74
     0
  0
LTYPE
  5
1B44
330
1A9E
100
AcDbSymbolTableRecord
100
AcDbLinetypeTableRecord
  2
ACAD_ISO05W100
 70
     0
  3
ISO long-dash double-dot ____ .. ____ .. ____ . 
 72
    65
 73
     6
 40
33.0
 49
24.0
 74
     0
 49
-3.0
 74
     0
 49
0.0
 74
     0
 49
-3.0
 74
     0
 49
0.0
 74
     0
 49
-3.0
 74
     0
  0
LTYPE
  5
1B45
330
1A9E
100
AcDbSymbolTableRecord
100
AcDbLinetypeTableRecord
  2
GAS_LINE
 70
     0
  3
Gas line ----GAS----GAS----GAS----GAS----GAS----GAS--
 72
    65
 73
     3
 40
24.13
 49
12.7
 74
     0
 49
-5.08
 74
     2
 75
     0
340
1B37
 46
2.54
 50
0.0
 44
-2.54
 45
-1.27
  9
GAS
 49
-6.35
 74
     0
  0
LTYPE
  5
1B46
330
1A9E
100
AcDbSymbolTableRecord
100
AcDbLinetypeTableRecord
  2
ACAD_ISO03W100
 70
     0
  3
ISO dash space __    __    __    __    __    __
 72
    65
 73
     2
 40
30.0
 49
12.0
 74
     0
 49
-18.0
 74
     0
  0
LTYPE
  5
1B47
330
1A9E
100
AcDbSymbolTableRecord
100
AcDbLinetypeTableRecord
  2
ACAD_ISO10W100
 70
     0
  3
ISO dash dot __ . __ . __ . __ . __ . __ . __ . 
 72
    65
 73
     4
 40
18.0
 49
12.0
 74
     0
 49
-3.0
 74
     0
 49
0.0
 74
     0
 49
-3.0
 74
     0
  0
LTYPE
  5
1B48
330
1A9E
100
AcDbSymbolTableRecord
100
AcDbLinetypeTableRecord
  2
HIDDEN
 70
     0
  3
Hidden __ __ __ __ __ __ __ __ __ __ __ __ __ __
 72
    65
 73
     2
 40
9.524999999999999
 49
6.35
 74
     0
 49
-3.175
 74
     0
  0
LTYPE
  5
1B49
330
1A9E
100
AcDbSymbolTableRecord
100
AcDbLinetypeTableRecord
  2
BORDER2
 70
     0
  3
Border (.5x) __.__.__.__.__.__.__.__.__.__.__.
 72
    65
 73
     6
 40
22.225
 49
6.35
 74
     0
 49
-3.175
 74
     0
 49
6.35
 74
     0
 49
-3.175
 74
     0
 49
0.0
 74
     0
 49
-3.175
 74
     0
  0
LTYPE
  5
1B4A
330
1A9E
100
AcDbSymbolTableRecord
100
AcDbLinetypeTableRecord
  2
HIDDENX2
 70
     0
  3
Hidden (2x) ____ ____ ____ ____ ____ ____ ____ 
 72
    65
 73
     2
 40
19.05
 49
12.7
 74
     0
 49
-6.35
 74
     0
  0
LTYPE
  5
1B4B
330
1A9E
100
AcDbSymbolTableRecord
100
AcDbLinetypeTableRecord
  2
DASHDOTX2
 70
     0
  3
Dash dot (2x) ____  .  ____  .  ____  .  ___
 72
    65
 73
     4
 40
50.8
 49
25.4
 74
     0
 49
-12.7
 74
     0
 49
0.0
 74
     0
 49
-12.7
 74
     0
  0
LTYPE
  5
1B4C
330
1A9E
100
AcDbSymbolTableRecord
100
AcDbLinetypeTableRecord
  2
ACAD_ISO09W100
 70
     0
  3
ISO long-dash double-short-dash ____ __ __ ____
 72
    65
 73
     6
 40
45.0
 49
24.0
 74
     0
 49
-3.0
 74
     0
 49
6.0
 74
     0
 49
-3.0
 74
     0
 49
6.0
 74
     0
 49
-3.0
 74
     0
  0
LTYPE
  5
1B4D
330
1A9E
100
AcDbSymbolTableRecord
100
AcDbLinetypeTableRecord
  2
PHANTOM
 70
     0
  3
Phantom ______  __  __  ______  __  __  ______ 
 72
    65
 73
     6
 40
63.50000000000001
 49
31.75
 74
     0
 49
-6.35
 74
     0
 49
6.35
 74
     0
 49
-6.35
 74
     0
 49
6.35
 74
     0
 49
-6.35
 74
     0
  0
LTYPE
  5
1B4E
330
1A9E
100
AcDbSymbolTableRecord
100
AcDbLinetypeTableRecord
  2
DIVIDE
 70
     0
  3
Divide ____ . . ____ . . ____ . . ____ . . ____
 72
    65
 73
     6
 40
31.75
 49
12.7
 74
     0
 49
-6.35
 74
     0
 49
0.0
 74
     0
 49
-6.35
 74
     0
 49
0.0
 74
     0
 49
-6.35
 74
     0
  0
LTYPE
  5
1B4F
330
1A9E
100
AcDbSymbolTableRecord
100
AcDbLinetypeTableRecord
  2
PLANT
 70
     0
  3
_/^ \_\^ \_
 72
    65
 73
     7
 40
21.94
 49
0.01
 74
     2
 75
     0
340
1B31
 46
1.0
 50
0.0
 44
0.0
 45
0.0
  9
PLANT1
 49
-3.0
 74
     2
 75
     0
340
1B31
 46
1.0
 50
0.0
 44
0.0
 45
0.0
  9
PLANT2
 49
-3.15
 74
     2
 75
     0
340
1B31
 46
1.0
 50
0.0
 44
0.0
 45
0.0
  9
PLANT3
 49
-4.23
 74
     2
 75
     0
340
1B31
 46
1.0
 50
0.0
 44
0.0
 45
0.0
  9
PLANT4
 49
-4.63
 74
     2
 75
     0
340
1B31
 46
1.0
 50
0.0
 44
0.0
 45
0.0
  9
PLANT5
 49
-2.5
 74
     2
 75
     0
340
1B31
 46
1.0
 50
0.0
 44
0.0
 45
0.0
  9
PLANT6
 49
-4.42
 74
     0
  0
LTYPE
  5
1B50
330
1A9E
100
AcDbSymbolTableRecord
100
AcDbLinetypeTableRecord
  2
DIVIDE2
 70
     0
  3
Divide (.5x) __..__..__..__..__..__..__..__.._
 72
    65
 73
     6
 40
15.875
 49
6.35
 74
     0
 49
-3.175
 74
     0
 49
0.0
 74
     0
 49
-3.175
 74
     0
 49
0.0
 74
     0
 49
-3.175
 74
     0
  0
LTYPE
  5
1B51
330
1A9E
100
AcDbSymbolTableRecord
100
AcDbLinetypeTableRecord
  2
ACAD_ISO07W100
 70
     0
  3
ISO dot . . . . . . . . . . . . . . . . . . . . 
 72
    65
 73
     2
 40
3.0
 49
0.0
 74
     0
 49
-3.0
 74
     0
  0
LTYPE
  5
1B52
330
1A9E
100
AcDbSymbolTableRecord
100
AcDbLinetypeTableRecord
  2
ACAD_ISO15W100
 70
     0
  3
ISO double-dash triple-dot __ __ . . . __ __ . .
 72
    65
 73
    10
 40
39.0
 49
12.0
 74
     0
 49
-3.0
 74
     0
 49
12.0
 74
     0
 49
-3.0
 74
     0
 49
0.0
 74
     0
 49
-3.0
 74
     0
 49
0.0
 74
     0
 49
-3.0
 74
     0
 49
0.0
 74
     0
 49
-3.0
 74
     0
  0
LTYPE
  5
1B53
330
1A9E
100
AcDbSymbolTableRecord
100
AcDbLinetypeTableRecord
  2
FENCELINE2
 70
     0
  3
Fenceline square ----[]-----[]----[]-----[]----[]---
 72
    65
 73
     4
 40
36.83
 49
6.35
 74
     0
 49
-2.54
 74
     2
 75
     0
340
1B31
 46
2.54
 50
0.0
 44
-2.54
 45
0.0
  9
BOX
 49
-2.54
 74
     0
 49
25.4
 74
     0
  0
LTYPE
  5
1B54
330
1A9E
100
AcDbSymbolTableRecord
100
AcDbLinetypeTableRecord
  2
ZIGZAG
 70
     0
  3
Zig zag /\/\/\/\/\/\/\/\/\/\/\/\/\/\/\/\/\/\/\/\/\/\/\/
 72
    65
 73
     4
 40
20.32254
 49
0.00254
 74
     0
 49
-5.08
 74
     2
 75
     0
340
1B31
 46
5.08
 50
0.0
 44
-5.08
 45
0.0
  9
ZIG
 49
-10.16
 74
     2
 75
     0
340
1B31
 46
5.08
 50
180.0
 44
5.08
 45
0.0
  9
ZIG
 49
-5.08
 74
     0
  0
LTYPE
  5
1B55
330
1A9E
100
AcDbSymbolTableRecord
100
AcDbLinetypeTableRecord
  2
ACAD_ISO11W100
 70
     0
  3
ISO double-dash dot __ __ . __ __ . __ __ . __ _
 72
    65
 73
     6
 40
33.0
 49
12.0
 74
     0
 49
-3.0
 74
     0
 49
12.0
 74
     0
 49
-3.0
 74
     0
 49
0.0
 74
     0
 49
-3.0
 74
     0
  0
LTYPE
  5
1B56
330
1A9E
100
AcDbSymbolTableRecord
100
AcDbLinetypeTableRecord
  2
ACAD_ISO13W100
 70
     0
  3
ISO double-dash double-dot __ __ . . __ __ . . _
 72
    65
 73
     8
 40
36.0
 49
12.0
 74
     0
 49
-3.0
 74
     0
 49
12.0
 74
     0
 49
-3.0
 74
     0
 49
0.0
 74
     0
 49
-3.0
 74
     0
 49
0.0
 74
     0
 49
-3.0
 74
     0
  0
LTYPE
  5
1B57
330
1A9E
100
AcDbSymbolTableRecord
100
AcDbLinetypeTableRecord
  2
CENTERX2
 70
     0
  3
Center (2x) ________  __  ________  __  _____
 72
    65
 73
     4
 40
101.6
 49
63.5
 74
     0
 49
-12.7
 74
     0
 49
12.7
 74
     0
 49
-12.7
 74
     0
  0
LTYPE
  5
1B58
330
1A9E
100
AcDbSymbolTableRecord
100
AcDbLinetypeTableRecord
  2
HIDDEN2
 70
     0
  3
Hidden (.5x) _ _ _ _ _ _ _ _ _ _ _ _ _ _ _ _ _ 
 72
    65
 73
     2
 40
4.762499999999999
 49
3.175
 74
     0
 49
-1.5875
 74
     0
  0
LTYPE
  5
1B59
330
1A9E
100
AcDbSymbolTableRecord
100
AcDbLinetypeTableRecord
  2
DOTX2
 70
     0
  3
Dot (2x) .  .  .  .  .  .  .  .  .  .  .  .  .  .
 72
    65
 73
     2
 40
12.7
 49
0.0
 74
     0
 49
-12.7
 74
     0
  0
LTYPE
  5
1B5A
330
1A9E
100
AcDbSymbolTableRecord
100
AcDbLinetypeTableRecord
  2
POINT1
 70
     0
  3
----/\-----/\---
 72
    65
 73
     2
 40
31.26232
 49
25.4
 74
     2
 75
     0
340
1B31
 46
5.08
 50
0.0
 44
0.0
 45
0.0
  9
PT1
 49
-5.86232
 74
     0
  0
LTYPE
  5
1B5B
330
1A9E
100
AcDbSymbolTableRecord
100
AcDbLinetypeTableRecord
  2
ACAD_ISO12W100
 70
     0
  3
ISO dash double-dot __ . . __ . . __ . . __ . . 
 72
    65
 73
     6
 40
21.0
 49
12.0
 74
     0
 49
-3.0
 74
     0
 49
0.0
 74
     0
 49
-3.0
 74
     0
 49
0.0
 74
     0
 49
-3.0
 74
     0
  0
LTYPE
  5
1B5C
330
1A9E
100
AcDbSymbolTableRecord
100
AcDbLinetypeTableRecord
  2
PHANTOM2
 70
     0
  3
Phantom (.5x) ___ _ _ ___ _ _ ___ _ _ ___ _ _
 72
    65
 73
     6
 40
31.75
 49
15.875
 74
     0
 49
-3.175
 74
     0
 49
3.175
 74
     0
 49
-3.175
 74
     0
 49
3.175
 74
     0
 49
-3.175
 74
     0
  0
LTYPE
  5
1B5D
330
1A9E
100
AcDbSymbolTableRecord
100
AcDbLinetypeTableRecord
  2
DASHDOT
 70
     0
  3
Dash dot __ . __ . __ . __ . __ . __ . __ . __
 72
    65
 73
     4
 40
25.4
 49
12.7
 74
     0
 49
-6.35
 74
     0
 49
0.0
 74
     0
 49
-6.35
 74
     0
  0
LTYPE
  5
1B5E
330
1A9E
100
AcDbSymbolTableRecord
100
AcDbLinetypeTableRecord
  2
ACAD_ISO08W100
 70
     0
  3
ISO long-dash short-dash ____ __ ____ __ ____ _
 72
    65
 73
     4
 40
36.0
 49
24.0
 74
     0
 49
-3.0
 74
     0
 49
6.0
 74
     0
 49
-3.0
 74
     0
  0
LTYPE
  5
1B5F
330
1A9E
100
AcDbSymbolTableRecord
100
AcDbLinetypeTableRecord
  2
DOT2
 70
     0
  3
Dot (.5x) ........................................
 72
    65
 73
     2
 40
3.175
 49
0.0
 74
     0
 49
-3.175
 74
     0
  0
LTYPE
  5
1B60
330
1A9E
100
AcDbSymbolTableRecord
100
AcDbLinetypeTableRecord
  2
ACAD_ISO14W100
 70
     0
  3
ISO dash triple-dot __ . . . __ . . . __ . . . _
 72
    65
 73
     8
 40
24.0
 49
12.0
 74
     0
 49
-3.0
 74
     0
 49
0.0
 74
     0
 49
-3.0
 74
     0
 49
0.0
 74
     0
 49
-3.0
 74
     0
 49
0.0
 74
     0
 49
-3.0
 74
     0
  0
LTYPE
  5
1B61
330
1A9E
100
AcDbSymbolTableRecord
100
AcDbLinetypeTableRecord
  2
CENTER
 70
     0
  3
Center ____ _ ____ _ ____ _ ____ _ ____ _ ____
 72
    65
 73
     4
 40
50.8
 49
31.75
 74
     0
 49
-6.35
 74
     0
 49
6.35
 74
     0
 49
-6.35
 74
     0
  0
LTYPE
  5
1B62
330
1A9E
100
AcDbSymbolTableRecord
100
AcDbLinetypeTableRecord
  2
BORDER
 70
     0
  3
Border __ __ . __ __ . __ __ . __ __ . __ __ .
 72
    65
 73
     6
 40
44.45
 49
12.7
 74
     0
 49
-6.35
 74
     0
 49
12.7
 74
     0
 49
-6.35
 74
     0
 49
0.0
 74
     0
 49
-6.35
 74
     0
  0
LTYPE
  5
1B63
330
1A9E
100
AcDbSymbolTableRecord
100
AcDbLinetypeTableRecord
  2
DASHDOT2
 70
     0
  3
Dash dot (.5x) _._._._._._._._._._._._._._._.
 72
    65
 73
     4
 40
12.7
 49
6.35
 74
     0
 49
-3.175
 74
     0
 49
0.0
 74
     0
 49
-3.175
 74
     0
  0
ENDTAB
  0
TABLE
  2
LAYER
  5
1A9C
330
0
100
AcDbSymbolTable
 70
     2
  0
LAYER
  5
1AA9
330
1A9C
100
AcDbSymbolTableRecord
100
AcDbLayerTableRecord
  2
0
 70
     0
 62
     7
  6
Continuous
370
    25
390
1AA8
347
1ADE
348
0
  0
LAYER
  5
1B64
330
1A9C
100
AcDbSymbolTableRecord
100
AcDbLayerTableRecord
  2
Edge.Cuts
 70
     0
 62
   254
  6
Continuous
370
    -3
390
1AA8
347
1ADE
348
0
  0
ENDTAB
  0
TABLE
  2
STYLE
  5
1A9D
330
0
100
AcDbSymbolTable
 70
     4
  0
STYLE
  5
1AAA
330
1A9D
100
AcDbSymbolTableRecord
100
AcDbTextStyleTableRecord
  2
Standard
 70
     0
 40
0.0
 41
1.0
 50
0.0
 71
     0
 42
0.2
  3
txt
  4

  0
STYLE
  5
1B31
330
1A9D
100
AcDbSymbolTableRecord
100
AcDbTextStyleTableRecord
  2
textstyle0
 70
     0
 40
0.0
 41
1.0
 50
0.0
 71
     0
 42
0.2
  3
ltypeshp.shx
  4

  0
STYLE
  5
1B33
330
1A9D
100
AcDbSymbolTableRecord
100
AcDbTextStyleTableRecord
  2
textstyle1
 70
     0
 40
0.0
 41
1.0
 50
0.0
 71
     0
 42
0.2
  3
qcadshp.shx
  4

  0
STYLE
  5
1B37
330
1A9D
100
AcDbSymbolTableRecord
100
AcDbTextStyleTableRecord
  2
textstyle2
 70
     0
 40
0.0
 41
1.0
 50
0.0
 71
     0
 42
0.2
  3
STANDARD
  4

  0
ENDTAB
  0
TABLE
  2
VIEW
  5
1A9F
330
0
100
AcDbSymbolTable
 70
     0
  0
ENDTAB
  0
TABLE
  2
UCS
  5
1AA0
330
0
100
AcDbSymbolTable
 70
     0
  0
ENDTAB
  0
TABLE
  2
APPID
  5
1AA2
330
0
100
AcDbSymbolTable
 70
     2
  0
APPID
  5
1AAB
330
1AA2
100
AcDbSymbolTableRecord
100
AcDbRegAppTableRecord
  2
ACAD
 70
     0
  0
APPID
  5
1AF6
330
1AA2
100
AcDbSymbolTableRecord
100
AcDbRegAppTableRecord
  2
QCAD
 70
     0
  0
ENDTAB
  0
TABLE
  2
DIMSTYLE
  5
1AA3
330
0
100
AcDbSymbolTable
 70
     2
100
AcDbDimStyleTable
  0
DIMSTYLE
105
1ABF
330
1AA3
100
AcDbSymbolTableRecord
100
AcDbDimStyleTableRecord
  2
Standard
 70
     0
178
     0
340
1AAA
  0
DIMSTYLE
105
1B2E
330
1AA3
100
AcDbSymbolTableRecord
100
AcDbDimStyleTableRecord
  2
QCADDimStyle
 70
     0
 41
2.5
 42
0.625
 43
5.0
 44
1.25
 73
     0
 77
     1
 78
     8
 79
     2
140
2.5
147
0.625
178
     0
279
     2
340
1AAA
  0
ENDTAB
  0
TABLE
  2
BLOCK_RECORD
  5
1A9B
330
0
100
AcDbSymbolTable
 70
     0
  0
BLOCK_RECORD
  5
1AB7
330
1A9B
100
AcDbSymbolTableRecord
100
AcDbBlockTableRecord
  2
*Model_Space
340
1ABA
 70
     0
280
     1
281
     0
  0
BLOCK_RECORD
  5
1AB3
330
1A9B
100
AcDbSymbolTableRecord
100
AcDbBlockTableRecord
  2
*Paper_Space
340
1AB6
 70
     0
280
     1
281
     0
  0
ENDTAB
  0
ENDSEC
  0
SECTION
  2
BLOCKS
  0
BLOCK
  5
1AB8
330
1AB7
100
AcDbEntity
  8
0
100
AcDbBlockBegin
  2
*Model_Space
 70
     0
 10
0.0
 20
0.0
 30
0.0
  3
*Model_Space
  1

  0
ENDBLK
  5
1AB9
330
1AB7
100
AcDbEntity
  8
0
100
AcDbBlockEnd
  0
BLOCK
  5
1AB4
330
1AB3
100
AcDbEntity
 67
     1
  8
0
100
AcDbBlockBegin
  2
*Paper_Space
 70
     0
 10
0.0
 20
0.0
 30
0.0
  3
*Paper_Space
  1

  0
ENDBLK
  5
1AB5
330
1AB3
100
AcDbEntity
 67
     1
  8
0
100
AcDbBlockEnd
  0
ENDSEC
  0
SECTION
  2
ENTITIES
  0
LINE
  5
17BB
330
1AB7
100
AcDbEntity
  8
Edge.Cuts
  6
Continuous
100
AcDbLine
 10
155.282319
 20
-167.64
 30
0.0
 11
44.200625
 21
-167.470999
 31
0.0
  0
LINE
  5
17BC
330
1AB7
100
AcDbEntity
  8
Edge.Cuts
  6
Continuous
100
AcDbLine
 10
44.55399999999999
 20
-43.203
 30
0.0
 11
44.554761
 21
-43.185569
 31
0.0
  0
LINE
  5
17BD
330
1AB7
100
AcDbEntity
  8
Edge.Cuts
  6
Continuous
100
AcDbLine
 10
44.554761
 20
-43.185569
 30
0.0
 11
44.557038
 21
-43.16827
 31
0.0
  0
LINE
  5
17BE
330
1AB7
100
AcDbEntity
  8
Edge.Cuts
  6
Continuous
100
AcDbLine
 10
44.557038
 20
-43.16827
 30
0.0
 11
44.560815
 21
-43.151236
 31
0.0
  0
LINE
  5
17BF
330
1AB7
100
AcDbEntity
  8
Edge.Cuts
  6
Continuous
100
AcDbLine
 10
44.560815
 20
-43.151236
 30
0.0
 11
44.566061
 21
-43.13459599999999
 31
0.0
  0
LINE
  5
17C0
330
1AB7
100
AcDbEntity
  8
Edge.Cuts
  6
Continuous
100
AcDbLine
 10
44.566061
 20
-43.13459599999999
 30
0.0
 11
44.572738
 21
-43.118476
 31
0.0
  0
LINE
  5
17C1
330
1AB7
100
AcDbEntity
  8
Edge.Cuts
  6
Continuous
100
AcDbLine
 10
44.572738
 20
-43.118476
 30
0.0
 11
44.58079499999999
 21
-43.103
 31
0.0
  0
LINE
  5
17C2
330
1AB7
100
AcDbEntity
  8
Edge.Cuts
  6
Continuous
100
AcDbLine
 10
44.58079499999999
 20
-43.103
 30
0.0
 11
44.59017
 21
-43.088285
 31
0.0
  0
LINE
  5
17C3
330
1AB7
100
AcDbEntity
  8
Edge.Cuts
  6
Continuous
100
AcDbLine
 10
44.59017
 20
-43.088285
 30
0.0
 11
44.600791
 21
-43.074442
 31
0.0
  0
LINE
  5
17C4
330
1AB7
100
AcDbEntity
  8
Edge.Cuts
  6
Continuous
100
AcDbLine
 10
44.600791
 20
-43.074442
 30
0.0
 11
44.612579
 21
-43.06157899999999
 31
0.0
  0
LINE
  5
17C5
330
1AB7
100
AcDbEntity
  8
Edge.Cuts
  6
Continuous
100
AcDbLine
 10
44.612579
 20
-43.06157899999999
 30
0.0
 11
44.625442
 21
-43.049791
 31
0.0
  0
LINE
  5
17C6
330
1AB7
100
AcDbEntity
  8
Edge.Cuts
  6
Continuous
100
AcDbLine
 10
44.625442
 20
-43.049791
 30
0.0
 11
44.639285
 21
-43.03917
 31
0.0
  0
LINE
  5
17C7
330
1AB7
100
AcDbEntity
  8
Edge.Cuts
  6
Continuous
100
AcDbLine
 10
44.639285
 20
-43.03917
 30
0.0
 11
44.654
 21
-43.029795
 31
0.0
  0
LINE
  5
17C8
330
1AB7
100
AcDbEntity
  8
Edge.Cuts
  6
Continuous
100
AcDbLine
 10
44.654
 20
-43.029795
 30
0.0
 11
44.669476
 21
-43.021738
 31
0.0
  0
LINE
  5
17C9
330
1AB7
100
AcDbEntity
  8
Edge.Cuts
  6
Continuous
100
AcDbLine
 10
44.669476
 20
-43.021738
 30
0.0
 11
44.685596
 21
-43.015061
 31
0.0
  0
LINE
  5
17CA
330
1AB7
100
AcDbEntity
  8
Edge.Cuts
  6
Continuous
100
AcDbLine
 10
44.685596
 20
-43.015061
 30
0.0
 11
44.702236
 21
-43.009815
 31
0.0
  0
LINE
  5
17CB
330
1AB7
100
AcDbEntity
  8
Edge.Cuts
  6
Continuous
100
AcDbLine
 10
44.702236
 20
-43.009815
 30
0.0
 11
44.71926999999999
 21
-43.006038
 31
0.0
  0
LINE
  5
17CC
330
1AB7
100
AcDbEntity
  8
Edge.Cuts
  6
Continuous
100
AcDbLine
 10
44.71926999999999
 20
-43.006038
 30
0.0
 11
44.736569
 21
-43.003761
 31
0.0
  0
LINE
  5
17CD
330
1AB7
100
AcDbEntity
  8
Edge.Cuts
  6
Continuous
100
AcDbLine
 10
44.736569
 20
-43.003761
 30
0.0
 11
44.754
 21
-43.003
 31
0.0
  0
LINE
  5
17CE
330
1AB7
100
AcDbEntity
  8
Edge.Cuts
  6
Continuous
100
AcDbLine
 10
44.754
 20
-43.003
 30
0.0
 11
57.354
 21
-43.003
 31
0.0
  0
LINE
  5
17CF
330
1AB7
100
AcDbEntity
  8
Edge.Cuts
  6
Continuous
100
AcDbLine
 10
57.354
 20
-43.003
 30
0.0
 11
57.37143099999999
 21
-43.003761
 31
0.0
  0
LINE
  5
17D0
330
1AB7
100
AcDbEntity
  8
Edge.Cuts
  6
Continuous
100
AcDbLine
 10
57.37143099999999
 20
-43.003761
 30
0.0
 11
57.38873
 21
-43.006038
 31
0.0
  0
LINE
  5
17D1
330
1AB7
100
AcDbEntity
  8
Edge.Cuts
  6
Continuous
100
AcDbLine
 10
57.38873
 20
-43.006038
 30
0.0
 11
57.405764
 21
-43.009815
 31
0.0
  0
LINE
  5
17D2
330
1AB7
100
AcDbEntity
  8
Edge.Cuts
  6
Continuous
100
AcDbLine
 10
57.405764
 20
-43.009815
 30
0.0
 11
57.422404
 21
-43.015061
 31
0.0
  0
LINE
  5
17D3
330
1AB7
100
AcDbEntity
  8
Edge.Cuts
  6
Continuous
100
AcDbLine
 10
57.422404
 20
-43.015061
 30
0.0
 11
57.43852399999999
 21
-43.021738
 31
0.0
  0
LINE
  5
17D4
330
1AB7
100
AcDbEntity
  8
Edge.Cuts
  6
Continuous
100
AcDbLine
 10
57.43852399999999
 20
-43.021738
 30
0.0
 11
57.454
 21
-43.029795
 31
0.0
  0
LINE
  5
17D5
330
1AB7
100
AcDbEntity
  8
Edge.Cuts
  6
Continuous
100
AcDbLine
 10
57.454
 20
-43.029795
 30
0.0
 11
57.468715
 21
-43.03917
 31
0.0
  0
LINE
  5
17D6
330
1AB7
100
AcDbEntity
  8
Edge.Cuts
  6
Continuous
100
AcDbLine
 10
57.468715
 20
-43.03917
 30
0.0
 11
57.482558
 21
-43.049791
 31
0.0
  0
LINE
  5
17D7
330
1AB7
100
AcDbEntity
  8
Edge.Cuts
  6
Continuous
100
AcDbLine
 10
57.482558
 20
-43.049791
 30
0.0
 11
57.495421
 21
-43.06157899999999
 31
0.0
  0
LINE
  5
17D8
330
1AB7
100
AcDbEntity
  8
Edge.Cuts
  6
Continuous
100
AcDbLine
 10
57.495421
 20
-43.06157899999999
 30
0.0
 11
57.507209
 21
-43.074442
 31
0.0
  0
LINE
  5
17D9
330
1AB7
100
AcDbEntity
  8
Edge.Cuts
  6
Continuous
100
AcDbLine
 10
57.507209
 20
-43.074442
 30
0.0
 11
57.51783
 21
-43.088285
 31
0.0
  0
LINE
  5
17DA
330
1AB7
100
AcDbEntity
  8
Edge.Cuts
  6
Continuous
100
AcDbLine
 10
57.51783
 20
-43.088285
 30
0.0
 11
57.527205
 21
-43.103
 31
0.0
  0
LINE
  5
17DB
330
1AB7
100
AcDbEntity
  8
Edge.Cuts
  6
Continuous
100
AcDbLine
 10
57.527205
 20
-43.103
 30
0.0
 11
57.535262
 21
-43.118476
 31
0.0
  0
LINE
  5
17DC
330
1AB7
100
AcDbEntity
  8
Edge.Cuts
  6
Continuous
100
AcDbLine
 10
57.535262
 20
-43.118476
 30
0.0
 11
57.541939
 21
-43.13459599999999
 31
0.0
  0
LINE
  5
17DD
330
1AB7
100
AcDbEntity
  8
Edge.Cuts
  6
Continuous
100
AcDbLine
 10
57.541939
 20
-43.13459599999999
 30
0.0
 11
57.547185
 21
-43.151236
 31
0.0
  0
LINE
  5
17DE
330
1AB7
100
AcDbEntity
  8
Edge.Cuts
  6
Continuous
100
AcDbLine
 10
57.547185
 20
-43.151236
 30
0.0
 11
57.550962
 21
-43.16827
 31
0.0
  0
LINE
  5
17DF
330
1AB7
100
AcDbEntity
  8
Edge.Cuts
  6
Continuous
100
AcDbLine
 10
57.550962
 20
-43.16827
 30
0.0
 11
57.553239
 21
-43.185569
 31
0.0
  0
LINE
  5
17E0
330
1AB7
100
AcDbEntity
  8
Edge.Cuts
  6
Continuous
100
AcDbLine
 10
57.553239
 20
-43.185569
 30
0.0
 11
57.55399999999999
 21
-43.203
 31
0.0
  0
LINE
  5
17E1
330
1AB7
100
AcDbEntity
  8
Edge.Cuts
  6
Continuous
100
AcDbLine
 10
57.55399999999999
 20
-43.203
 30
0.0
 11
57.55399999999999
 21
-55.60299999999999
 31
0.0
  0
LINE
  5
17E2
330
1AB7
100
AcDbEntity
  8
Edge.Cuts
  6
Continuous
100
AcDbLine
 10
57.55399999999999
 20
-55.60299999999999
 30
0.0
 11
57.553239
 21
-55.620431
 31
0.0
  0
LINE
  5
17E3
330
1AB7
100
AcDbEntity
  8
Edge.Cuts
  6
Continuous
100
AcDbLine
 10
57.553239
 20
-55.620431
 30
0.0
 11
57.550962
 21
-55.63773
 31
0.0
  0
LINE
  5
17E4
330
1AB7
100
AcDbEntity
  8
Edge.Cuts
  6
Continuous
100
AcDbLine
 10
57.550962
 20
-55.63773
 30
0.0
 11
57.547185
 21
-55.654764
 31
0.0
  0
LINE
  5
17E5
330
1AB7
100
AcDbEntity
  8
Edge.Cuts
  6
Continuous
100
AcDbLine
 10
57.547185
 20
-55.654764
 30
0.0
 11
57.541939
 21
-55.671404
 31
0.0
  0
LINE
  5
17E6
330
1AB7
100
AcDbEntity
  8
Edge.Cuts
  6
Continuous
100
AcDbLine
 10
57.541939
 20
-55.671404
 30
0.0
 11
57.535262
 21
-55.687524
 31
0.0
  0
LINE
  5
17E7
330
1AB7
100
AcDbEntity
  8
Edge.Cuts
  6
Continuous
100
AcDbLine
 10
57.535262
 20
-55.687524
 30
0.0
 11
57.527205
 21
-55.703
 31
0.0
  0
LINE
  5
17E8
330
1AB7
100
AcDbEntity
  8
Edge.Cuts
  6
Continuous
100
AcDbLine
 10
57.527205
 20
-55.703
 30
0.0
 11
57.51783
 21
-55.717715
 31
0.0
  0
LINE
  5
17E9
330
1AB7
100
AcDbEntity
  8
Edge.Cuts
  6
Continuous
100
AcDbLine
 10
57.51783
 20
-55.717715
 30
0.0
 11
57.507209
 21
-55.731558
 31
0.0
  0
LINE
  5
17EA
330
1AB7
100
AcDbEntity
  8
Edge.Cuts
  6
Continuous
100
AcDbLine
 10
57.507209
 20
-55.731558
 30
0.0
 11
57.495421
 21
-55.744421
 31
0.0
  0
LINE
  5
17EB
330
1AB7
100
AcDbEntity
  8
Edge.Cuts
  6
Continuous
100
AcDbLine
 10
57.495421
 20
-55.744421
 30
0.0
 11
57.482558
 21
-55.756209
 31
0.0
  0
LINE
  5
17EC
330
1AB7
100
AcDbEntity
  8
Edge.Cuts
  6
Continuous
100
AcDbLine
 10
57.482558
 20
-55.756209
 30
0.0
 11
57.468715
 21
-55.76683
 31
0.0
  0
LINE
  5
17ED
330
1AB7
100
AcDbEntity
  8
Edge.Cuts
  6
Continuous
100
AcDbLine
 10
57.468715
 20
-55.76683
 30
0.0
 11
57.454
 21
-55.776205
 31
0.0
  0
LINE
  5
17EE
330
1AB7
100
AcDbEntity
  8
Edge.Cuts
  6
Continuous
100
AcDbLine
 10
57.454
 20
-55.776205
 30
0.0
 11
57.43852399999999
 21
-55.784262
 31
0.0
  0
LINE
  5
17EF
330
1AB7
100
AcDbEntity
  8
Edge.Cuts
  6
Continuous
100
AcDbLine
 10
57.43852399999999
 20
-55.784262
 30
0.0
 11
57.422404
 21
-55.79093899999999
 31
0.0
  0
LINE
  5
17F0
330
1AB7
100
AcDbEntity
  8
Edge.Cuts
  6
Continuous
100
AcDbLine
 10
57.422404
 20
-55.79093899999999
 30
0.0
 11
57.405764
 21
-55.79618499999999
 31
0.0
  0
LINE
  5
17F1
330
1AB7
100
AcDbEntity
  8
Edge.Cuts
  6
Continuous
100
AcDbLine
 10
57.405764
 20
-55.79618499999999
 30
0.0
 11
57.38873
 21
-55.799962
 31
0.0
  0
LINE
  5
17F2
330
1AB7
100
AcDbEntity
  8
Edge.Cuts
  6
Continuous
100
AcDbLine
 10
57.38873
 20
-55.799962
 30
0.0
 11
57.37143099999999
 21
-55.802239
 31
0.0
  0
LINE
  5
17F3
330
1AB7
100
AcDbEntity
  8
Edge.Cuts
  6
Continuous
100
AcDbLine
 10
57.37143099999999
 20
-55.802239
 30
0.0
 11
57.354
 21
-55.803
 31
0.0
  0
LINE
  5
17F4
330
1AB7
100
AcDbEntity
  8
Edge.Cuts
  6
Continuous
100
AcDbLine
 10
57.354
 20
-55.803
 30
0.0
 11
44.754
 21
-55.803
 31
0.0
  0
LINE
  5
17F5
330
1AB7
100
AcDbEntity
  8
Edge.Cuts
  6
Continuous
100
AcDbLine
 10
44.754
 20
-55.803
 30
0.0
 11
44.736569
 21
-55.802239
 31
0.0
  0
LINE
  5
17F6
330
1AB7
100
AcDbEntity
  8
Edge.Cuts
  6
Continuous
100
AcDbLine
 10
44.736569
 20
-55.802239
 30
0.0
 11
44.71926999999999
 21
-55.799962
 31
0.0
  0
LINE
  5
17F7
330
1AB7
100
AcDbEntity
  8
Edge.Cuts
  6
Continuous
100
AcDbLine
 10
44.71926999999999
 20
-55.799962
 30
0.0
 11
44.702236
 21
-55.79618499999999
 31
0.0
  0
LINE
  5
17F8
330
1AB7
100
AcDbEntity
  8
Edge.Cuts
  6
Continuous
100
AcDbLine
 10
44.702236
 20
-55.79618499999999
 30
0.0
 11
44.685596
 21
-55.79093899999999
 31
0.0
  0
LINE
  5
17F9
330
1AB7
100
AcDbEntity
  8
Edge.Cuts
  6
Continuous
100
AcDbLine
 10
44.685596
 20
-55.79093899999999
 30
0.0
 11
44.669476
 21
-55.784262
 31
0.0
  0
LINE
  5
17FA
330
1AB7
100
AcDbEntity
  8
Edge.Cuts
  6
Continuous
100
AcDbLine
 10
44.669476
 20
-55.784262
 30
0.0
 11
44.654
 21
-55.776205
 31
0.0
  0
LINE
  5
17FB
330
1AB7
100
AcDbEntity
  8
Edge.Cuts
  6
Continuous
100
AcDbLine
 10
44.654
 20
-55.776205
 30
0.0
 11
44.639285
 21
-55.76683
 31
0.0
  0
LINE
  5
17FC
330
1AB7
100
AcDbEntity
  8
Edge.Cuts
  6
Continuous
100
AcDbLine
 10
44.639285
 20
-55.76683
 30
0.0
 11
44.625442
 21
-55.756209
 31
0.0
  0
LINE
  5
17FD
330
1AB7
100
AcDbEntity
  8
Edge.Cuts
  6
Continuous
100
AcDbLine
 10
44.625442
 20
-55.756209
 30
0.0
 11
44.612579
 21
-55.744421
 31
0.0
  0
LINE
  5
17FE
330
1AB7
100
AcDbEntity
  8
Edge.Cuts
  6
Continuous
100
AcDbLine
 10
44.612579
 20
-55.744421
 30
0.0
 11
44.600791
 21
-55.731558
 31
0.0
  0
LINE
  5
17FF
330
1AB7
100
AcDbEntity
  8
Edge.Cuts
  6
Continuous
100
AcDbLine
 10
44.600791
 20
-55.731558
 30
0.0
 11
44.59017
 21
-55.717715
 31
0.0
  0
LINE
  5
1800
330
1AB7
100
AcDbEntity
  8
Edge.Cuts
  6
Continuous
100
AcDbLine
 10
44.59017
 20
-55.717715
 30
0.0
 11
44.58079499999999
 21
-55.703
 31
0.0
  0
LINE
  5
1801
330
1AB7
100
AcDbEntity
  8
Edge.Cuts
  6
Continuous
100
AcDbLine
 10
44.58079499999999
 20
-55.703
 30
0.0
 11
44.572738
 21
-55.687524
 31
0.0
  0
LINE
  5
1802
330
1AB7
100
AcDbEntity
  8
Edge.Cuts
  6
Continuous
100
AcDbLine
 10
44.572738
 20
-55.687524
 30
0.0
 11
44.566061
 21
-55.671404
 31
0.0
  0
LINE
  5
1803
330
1AB7
100
AcDbEntity
  8
Edge.Cuts
  6
Continuous
100
AcDbLine
 10
44.566061
 20
-55.671404
 30
0.0
 11
44.560815
 21
-55.654764
 31
0.0
  0
LINE
  5
1804
330
1AB7
100
AcDbEntity
  8
Edge.Cuts
  6
Continuous
100
AcDbLine
 10
44.560815
 20
-55.654764
 30
0.0
 11
44.557038
 21
-55.63773
 31
0.0
  0
LINE
  5
1805
330
1AB7
100
AcDbEntity
  8
Edge.Cuts
  6
Continuous
100
AcDbLine
 10
44.557038
 20
-55.63773
 30
0.0
 11
44.554761
 21
-55.620431
 31
0.0
  0
LINE
  5
1806
330
1AB7
100
AcDbEntity
  8
Edge.Cuts
  6
Continuous
100
AcDbLine
 10
44.554761
 20
-55.620431
 30
0.0
 11
44.55399999999999
 21
-55.60299999999999
 31
0.0
  0
LINE
  5
1807
330
1AB7
100
AcDbEntity
  8
Edge.Cuts
  6
Continuous
100
AcDbLine
 10
44.55399999999999
 20
-55.60299999999999
 30
0.0
 11
44.55399999999999
 21
-43.203
 31
0.0
  0
LINE
  5
1808
330
1AB7
100
AcDbEntity
  8
Edge.Cuts
  6
Continuous
100
AcDbLine
 10
101.0885
 20
-43.272774
 30
0.0
 11
101.089261
 21
-43.25536899999999
 31
0.0
  0
LINE
  5
1809
330
1AB7
100
AcDbEntity
  8
Edge.Cuts
  6
Continuous
100
AcDbLine
 10
101.089261
 20
-43.25536899999999
 30
0.0
 11
101.091538
 21
-43.23807
 31
0.0
  0
LINE
  5
180A
330
1AB7
100
AcDbEntity
  8
Edge.Cuts
  6
Continuous
100
AcDbLine
 10
101.091538
 20
-43.23807
 30
0.0
 11
101.095315
 21
-43.221036
 31
0.0
  0
LINE
  5
180B
330
1AB7
100
AcDbEntity
  8
Edge.Cuts
  6
Continuous
100
AcDbLine
 10
101.095315
 20
-43.221036
 30
0.0
 11
101.100561
 21
-43.204396
 31
0.0
  0
LINE
  5
180C
330
1AB7
100
AcDbEntity
  8
Edge.Cuts
  6
Continuous
100
AcDbLine
 10
101.100561
 20
-43.204396
 30
0.0
 11
101.107238
 21
-43.18827599999999
 31
0.0
  0
LINE
  5
180D
330
1AB7
100
AcDbEntity
  8
Edge.Cuts
  6
Continuous
100
AcDbLine
 10
101.107238
 20
-43.18827599999999
 30
0.0
 11
101.115295
 21
-43.1728
 31
0.0
  0
LINE
  5
180E
330
1AB7
100
AcDbEntity
  8
Edge.Cuts
  6
Continuous
100
AcDbLine
 10
101.115295
 20
-43.1728
 30
0.0
 11
101.12467
 21
-43.158085
 31
0.0
  0
LINE
  5
180F
330
1AB7
100
AcDbEntity
  8
Edge.Cuts
  6
Continuous
100
AcDbLine
 10
101.12467
 20
-43.158085
 30
0.0
 11
101.135291
 21
-43.144242
 31
0.0
  0
LINE
  5
1810
330
1AB7
100
AcDbEntity
  8
Edge.Cuts
  6
Continuous
100
AcDbLine
 10
101.135291
 20
-43.144242
 30
0.0
 11
101.147079
 21
-43.131379
 31
0.0
  0
LINE
  5
1811
330
1AB7
100
AcDbEntity
  8
Edge.Cuts
  6
Continuous
100
AcDbLine
 10
101.147079
 20
-43.131379
 30
0.0
 11
101.159942
 21
-43.119591
 31
0.0
  0
LINE
  5
1812
330
1AB7
100
AcDbEntity
  8
Edge.Cuts
  6
Continuous
100
AcDbLine
 10
101.159942
 20
-43.119591
 30
0.0
 11
101.173785
 21
-43.10897
 31
0.0
  0
LINE
  5
1813
330
1AB7
100
AcDbEntity
  8
Edge.Cuts
  6
Continuous
100
AcDbLine
 10
101.173785
 20
-43.10897
 30
0.0
 11
101.1885
 21
-43.099595
 31
0.0
  0
LINE
  5
1814
330
1AB7
100
AcDbEntity
  8
Edge.Cuts
  6
Continuous
100
AcDbLine
 10
101.1885
 20
-43.099595
 30
0.0
 11
101.203976
 21
-43.091538
 31
0.0
  0
LINE
  5
1815
330
1AB7
100
AcDbEntity
  8
Edge.Cuts
  6
Continuous
100
AcDbLine
 10
101.203976
 20
-43.091538
 30
0.0
 11
101.220096
 21
-43.084861
 31
0.0
  0
LINE
  5
1816
330
1AB7
100
AcDbEntity
  8
Edge.Cuts
  6
Continuous
100
AcDbLine
 10
101.220096
 20
-43.084861
 30
0.0
 11
101.236736
 21
-43.079615
 31
0.0
  0
LINE
  5
1817
330
1AB7
100
AcDbEntity
  8
Edge.Cuts
  6
Continuous
100
AcDbLine
 10
101.236736
 20
-43.079615
 30
0.0
 11
101.25377
 21
-43.075838
 31
0.0
  0
LINE
  5
1818
330
1AB7
100
AcDbEntity
  8
Edge.Cuts
  6
Continuous
100
AcDbLine
 10
101.25377
 20
-43.075838
 30
0.0
 11
101.271069
 21
-43.073561
 31
0.0
  0
LINE
  5
1819
330
1AB7
100
AcDbEntity
  8
Edge.Cuts
  6
Continuous
100
AcDbLine
 10
101.271069
 20
-43.073561
 30
0.0
 11
101.2885
 21
-43.0728
 31
0.0
  0
LINE
  5
181A
330
1AB7
100
AcDbEntity
  8
Edge.Cuts
  6
Continuous
100
AcDbLine
 10
101.2885
 20
-43.0728
 30
0.0
 11
101.2885
 21
-43.072774
 31
0.0
  0
LINE
  5
181B
330
1AB7
100
AcDbEntity
  8
Edge.Cuts
  6
Continuous
100
AcDbLine
 10
101.2885
 20
-43.072774
 30
0.0
 11
113.8885
 21
-43.072774
 31
0.0
  0
LINE
  5
181C
330
1AB7
100
AcDbEntity
  8
Edge.Cuts
  6
Continuous
100
AcDbLine
 10
113.8885
 20
-43.072774
 30
0.0
 11
113.905908
 21
-43.073533
 31
0.0
  0
LINE
  5
181D
330
1AB7
100
AcDbEntity
  8
Edge.Cuts
  6
Continuous
100
AcDbLine
 10
113.905908
 20
-43.073533
 30
0.0
 11
113.923209
 21
-43.07580799999999
 31
0.0
  0
LINE
  5
181E
330
1AB7
100
AcDbEntity
  8
Edge.Cuts
  6
Continuous
100
AcDbLine
 10
113.923209
 20
-43.07580799999999
 30
0.0
 11
113.940245
 21
-43.079583
 31
0.0
  0
LINE
  5
181F
330
1AB7
100
AcDbEntity
  8
Edge.Cuts
  6
Continuous
100
AcDbLine
 10
113.940245
 20
-43.079583
 30
0.0
 11
113.956888
 21
-43.08482799999999
 31
0.0
  0
LINE
  5
1820
330
1AB7
100
AcDbEntity
  8
Edge.Cuts
  6
Continuous
100
AcDbLine
 10
113.956888
 20
-43.08482799999999
 30
0.0
 11
113.973011
 21
-43.091504
 31
0.0
  0
LINE
  5
1821
330
1AB7
100
AcDbEntity
  8
Edge.Cuts
  6
Continuous
100
AcDbLine
 10
113.973011
 20
-43.091504
 30
0.0
 11
113.98849
 21
-43.099559
 31
0.0
  0
LINE
  5
1822
330
1AB7
100
AcDbEntity
  8
Edge.Cuts
  6
Continuous
100
AcDbLine
 10
113.98849
 20
-43.099559
 30
0.0
 11
114.003209
 21
-43.108933
 31
0.0
  0
LINE
  5
1823
330
1AB7
100
AcDbEntity
  8
Edge.Cuts
  6
Continuous
100
AcDbLine
 10
114.003209
 20
-43.108933
 30
0.0
 11
114.017054
 21
-43.119554
 31
0.0
  0
LINE
  5
1824
330
1AB7
100
AcDbEntity
  8
Edge.Cuts
  6
Continuous
100
AcDbLine
 10
114.017054
 20
-43.119554
 30
0.0
 11
114.029921
 21
-43.131342
 31
0.0
  0
LINE
  5
1825
330
1AB7
100
AcDbEntity
  8
Edge.Cuts
  6
Continuous
100
AcDbLine
 10
114.029921
 20
-43.131342
 30
0.0
 11
114.041712
 21
-43.144206
 31
0.0
  0
LINE
  5
1826
330
1AB7
100
AcDbEntity
  8
Edge.Cuts
  6
Continuous
100
AcDbLine
 10
114.041712
 20
-43.144206
 30
0.0
 11
114.052337
 21
-43.158048
 31
0.0
  0
LINE
  5
1827
330
1AB7
100
AcDbEntity
  8
Edge.Cuts
  6
Continuous
100
AcDbLine
 10
114.052337
 20
-43.158048
 30
0.0
 11
114.061715
 21
-43.172764
 31
0.0
  0
LINE
  5
1828
330
1AB7
100
AcDbEntity
  8
Edge.Cuts
  6
Continuous
100
AcDbLine
 10
114.061715
 20
-43.172764
 30
0.0
 11
114.069774
 21
-43.188242
 31
0.0
  0
LINE
  5
1829
330
1AB7
100
AcDbEntity
  8
Edge.Cuts
  6
Continuous
100
AcDbLine
 10
114.069774
 20
-43.188242
 30
0.0
 11
114.076454
 21
-43.204363
 31
0.0
  0
LINE
  5
182A
330
1AB7
100
AcDbEntity
  8
Edge.Cuts
  6
Continuous
100
AcDbLine
 10
114.076454
 20
-43.204363
 30
0.0
 11
114.081704
 21
-43.221004
 31
0.0
  0
LINE
  5
182B
330
1AB7
100
AcDbEntity
  8
Edge.Cuts
  6
Continuous
100
AcDbLine
 10
114.081704
 20
-43.221004
 30
0.0
 11
114.085483
 21
-43.23804
 31
0.0
  0
LINE
  5
182C
330
1AB7
100
AcDbEntity
  8
Edge.Cuts
  6
Continuous
100
AcDbLine
 10
114.085483
 20
-43.23804
 30
0.0
 11
114.087763
 21
-43.255341
 31
0.0
  0
LINE
  5
182D
330
1AB7
100
AcDbEntity
  8
Edge.Cuts
  6
Continuous
100
AcDbLine
 10
114.087763
 20
-43.255341
 30
0.0
 11
114.088526
 21
-43.272774
 31
0.0
  0
LINE
  5
182E
330
1AB7
100
AcDbEntity
  8
Edge.Cuts
  6
Continuous
100
AcDbLine
 10
114.088526
 20
-43.272774
 30
0.0
 11
114.0885
 21
-43.272774
 31
0.0
  0
LINE
  5
182F
330
1AB7
100
AcDbEntity
  8
Edge.Cuts
  6
Continuous
100
AcDbLine
 10
114.0885
 20
-43.272774
 30
0.0
 11
114.0885
 21
-55.672774
 31
0.0
  0
LINE
  5
1830
330
1AB7
100
AcDbEntity
  8
Edge.Cuts
  6
Continuous
100
AcDbLine
 10
114.0885
 20
-55.672774
 30
0.0
 11
114.0885
 21
-55.6728
 31
0.0
  0
LINE
  5
1831
330
1AB7
100
AcDbEntity
  8
Edge.Cuts
  6
Continuous
100
AcDbLine
 10
114.0885
 20
-55.6728
 30
0.0
 11
114.087739
 21
-55.690231
 31
0.0
  0
LINE
  5
1832
330
1AB7
100
AcDbEntity
  8
Edge.Cuts
  6
Continuous
100
AcDbLine
 10
114.087739
 20
-55.690231
 30
0.0
 11
114.085462
 21
-55.70753
 31
0.0
  0
LINE
  5
1833
330
1AB7
100
AcDbEntity
  8
Edge.Cuts
  6
Continuous
100
AcDbLine
 10
114.085462
 20
-55.70753
 30
0.0
 11
114.081685
 21
-55.724564
 31
0.0
  0
LINE
  5
1834
330
1AB7
100
AcDbEntity
  8
Edge.Cuts
  6
Continuous
100
AcDbLine
 10
114.081685
 20
-55.724564
 30
0.0
 11
114.076439
 21
-55.741204
 31
0.0
  0
LINE
  5
1835
330
1AB7
100
AcDbEntity
  8
Edge.Cuts
  6
Continuous
100
AcDbLine
 10
114.076439
 20
-55.741204
 30
0.0
 11
114.069762
 21
-55.757324
 31
0.0
  0
LINE
  5
1836
330
1AB7
100
AcDbEntity
  8
Edge.Cuts
  6
Continuous
100
AcDbLine
 10
114.069762
 20
-55.757324
 30
0.0
 11
114.061705
 21
-55.7728
 31
0.0
  0
LINE
  5
1837
330
1AB7
100
AcDbEntity
  8
Edge.Cuts
  6
Continuous
100
AcDbLine
 10
114.061705
 20
-55.7728
 30
0.0
 11
114.05233
 21
-55.787515
 31
0.0
  0
LINE
  5
1838
330
1AB7
100
AcDbEntity
  8
Edge.Cuts
  6
Continuous
100
AcDbLine
 10
114.05233
 20
-55.787515
 30
0.0
 11
114.041709
 21
-55.801358
 31
0.0
  0
LINE
  5
1839
330
1AB7
100
AcDbEntity
  8
Edge.Cuts
  6
Continuous
100
AcDbLine
 10
114.041709
 20
-55.801358
 30
0.0
 11
114.029921
 21
-55.814221
 31
0.0
  0
LINE
  5
183A
330
1AB7
100
AcDbEntity
  8
Edge.Cuts
  6
Continuous
100
AcDbLine
 10
114.029921
 20
-55.814221
 30
0.0
 11
114.017058
 21
-55.826009
 31
0.0
  0
LINE
  5
183B
330
1AB7
100
AcDbEntity
  8
Edge.Cuts
  6
Continuous
100
AcDbLine
 10
114.017058
 20
-55.826009
 30
0.0
 11
114.003215
 21
-55.83663
 31
0.0
  0
LINE
  5
183C
330
1AB7
100
AcDbEntity
  8
Edge.Cuts
  6
Continuous
100
AcDbLine
 10
114.003215
 20
-55.83663
 30
0.0
 11
113.9885
 21
-55.846005
 31
0.0
  0
LINE
  5
183D
330
1AB7
100
AcDbEntity
  8
Edge.Cuts
  6
Continuous
100
AcDbLine
 10
113.9885
 20
-55.846005
 30
0.0
 11
113.973024
 21
-55.854062
 31
0.0
  0
LINE
  5
183E
330
1AB7
100
AcDbEntity
  8
Edge.Cuts
  6
Continuous
100
AcDbLine
 10
113.973024
 20
-55.854062
 30
0.0
 11
113.956904
 21
-55.860739
 31
0.0
  0
LINE
  5
183F
330
1AB7
100
AcDbEntity
  8
Edge.Cuts
  6
Continuous
100
AcDbLine
 10
113.956904
 20
-55.860739
 30
0.0
 11
113.940264
 21
-55.86598499999999
 31
0.0
  0
LINE
  5
1840
330
1AB7
100
AcDbEntity
  8
Edge.Cuts
  6
Continuous
100
AcDbLine
 10
113.940264
 20
-55.86598499999999
 30
0.0
 11
113.92323
 21
-55.86976199999999
 31
0.0
  0
LINE
  5
1841
330
1AB7
100
AcDbEntity
  8
Edge.Cuts
  6
Continuous
100
AcDbLine
 10
113.92323
 20
-55.86976199999999
 30
0.0
 11
113.905931
 21
-55.872039
 31
0.0
  0
LINE
  5
1842
330
1AB7
100
AcDbEntity
  8
Edge.Cuts
  6
Continuous
100
AcDbLine
 10
113.905931
 20
-55.872039
 30
0.0
 11
113.8885
 21
-55.8728
 31
0.0
  0
LINE
  5
1843
330
1AB7
100
AcDbEntity
  8
Edge.Cuts
  6
Continuous
100
AcDbLine
 10
113.8885
 20
-55.8728
 30
0.0
 11
113.8885
 21
-55.872774
 31
0.0
  0
LINE
  5
1844
330
1AB7
100
AcDbEntity
  8
Edge.Cuts
  6
Continuous
100
AcDbLine
 10
113.8885
 20
-55.872774
 30
0.0
 11
101.2885
 21
-55.872774
 31
0.0
  0
LINE
  5
1845
330
1AB7
100
AcDbEntity
  8
Edge.Cuts
  6
Continuous
100
AcDbLine
 10
101.2885
 20
-55.872774
 30
0.0
 11
101.288474
 21
-55.872774
 31
0.0
  0
LINE
  5
1846
330
1AB7
100
AcDbEntity
  8
Edge.Cuts
  6
Continuous
100
AcDbLine
 10
101.288474
 20
-55.872774
 30
0.0
 11
101.271045
 21
-55.872011
 31
0.0
  0
LINE
  5
1847
330
1AB7
100
AcDbEntity
  8
Edge.Cuts
  6
Continuous
100
AcDbLine
 10
101.271045
 20
-55.872011
 30
0.0
 11
101.253749
 21
-55.86973099999999
 31
0.0
  0
LINE
  5
1848
330
1AB7
100
AcDbEntity
  8
Edge.Cuts
  6
Continuous
100
AcDbLine
 10
101.253749
 20
-55.86973099999999
 30
0.0
 11
101.236718
 21
-55.865953
 31
0.0
  0
LINE
  5
1849
330
1AB7
100
AcDbEntity
  8
Edge.Cuts
  6
Continuous
100
AcDbLine
 10
101.236718
 20
-55.865953
 30
0.0
 11
101.22008
 21
-55.860705
 31
0.0
  0
LINE
  5
184A
330
1AB7
100
AcDbEntity
  8
Edge.Cuts
  6
Continuous
100
AcDbLine
 10
101.22008
 20
-55.860705
 30
0.0
 11
101.203964
 21
-55.85402699999999
 31
0.0
  0
LINE
  5
184B
330
1AB7
100
AcDbEntity
  8
Edge.Cuts
  6
Continuous
100
AcDbLine
 10
101.203964
 20
-55.85402699999999
 30
0.0
 11
101.18849
 21
-55.84596999999999
 31
0.0
  0
LINE
  5
184C
330
1AB7
100
AcDbEntity
  8
Edge.Cuts
  6
Continuous
100
AcDbLine
 10
101.18849
 20
-55.84596999999999
 30
0.0
 11
101.173778
 21
-55.836594
 31
0.0
  0
LINE
  5
184D
330
1AB7
100
AcDbEntity
  8
Edge.Cuts
  6
Continuous
100
AcDbLine
 10
101.173778
 20
-55.836594
 30
0.0
 11
101.159939
 21
-55.825972
 31
0.0
  0
LINE
  5
184E
330
1AB7
100
AcDbEntity
  8
Edge.Cuts
  6
Continuous
100
AcDbLine
 10
101.159939
 20
-55.825972
 30
0.0
 11
101.147079
 21
-55.81418499999999
 31
0.0
  0
LINE
  5
184F
330
1AB7
100
AcDbEntity
  8
Edge.Cuts
  6
Continuous
100
AcDbLine
 10
101.147079
 20
-55.81418499999999
 30
0.0
 11
101.135294
 21
-55.80132099999999
 31
0.0
  0
LINE
  5
1850
330
1AB7
100
AcDbEntity
  8
Edge.Cuts
  6
Continuous
100
AcDbLine
 10
101.135294
 20
-55.80132099999999
 30
0.0
 11
101.124676
 21
-55.787479
 31
0.0
  0
LINE
  5
1851
330
1AB7
100
AcDbEntity
  8
Edge.Cuts
  6
Continuous
100
AcDbLine
 10
101.124676
 20
-55.787479
 30
0.0
 11
101.115304
 21
-55.772764
 31
0.0
  0
LINE
  5
1852
330
1AB7
100
AcDbEntity
  8
Edge.Cuts
  6
Continuous
100
AcDbLine
 10
101.115304
 20
-55.772764
 30
0.0
 11
101.107251
 21
-55.757289
 31
0.0
  0
LINE
  5
1853
330
1AB7
100
AcDbEntity
  8
Edge.Cuts
  6
Continuous
100
AcDbLine
 10
101.107251
 20
-55.757289
 30
0.0
 11
101.100577
 21
-55.74117099999999
 31
0.0
  0
LINE
  5
1854
330
1AB7
100
AcDbEntity
  8
Edge.Cuts
  6
Continuous
100
AcDbLine
 10
101.100577
 20
-55.74117099999999
 30
0.0
 11
101.095333
 21
-55.724532
 31
0.0
  0
LINE
  5
1855
330
1AB7
100
AcDbEntity
  8
Edge.Cuts
  6
Continuous
100
AcDbLine
 10
101.095333
 20
-55.724532
 30
0.0
 11
101.09156
 21
-55.7075
 31
0.0
  0
LINE
  5
1856
330
1AB7
100
AcDbEntity
  8
Edge.Cuts
  6
Continuous
100
AcDbLine
 10
101.09156
 20
-55.7075
 30
0.0
 11
101.089285
 21
-55.690203
 31
0.0
  0
LINE
  5
1857
330
1AB7
100
AcDbEntity
  8
Edge.Cuts
  6
Continuous
100
AcDbLine
 10
101.089285
 20
-55.690203
 30
0.0
 11
101.088526
 21
-55.672774
 31
0.0
  0
LINE
  5
1858
330
1AB7
100
AcDbEntity
  8
Edge.Cuts
  6
Continuous
100
AcDbLine
 10
101.088526
 20
-55.672774
 30
0.0
 11
101.0885
 21
-55.672774
 31
0.0
  0
LINE
  5
1859
330
1AB7
100
AcDbEntity
  8
Edge.Cuts
  6
Continuous
100
AcDbLine
 10
101.0885
 20
-55.672774
 30
0.0
 11
101.0885
 21
-43.272774
 31
0.0
  0
LINE
  5
185A
330
1AB7
100
AcDbEntity
  8
Edge.Cuts
  6
Continuous
100
AcDbLine
 10
37.7535
 20
-161.024
 30
0.0
 11
38.024213
 21
-46.849749
 31
0.0
  0
ARC
  5
185B
330
1AB7
100
AcDbEntity
  8
Edge.Cuts
100
AcDbCircle
 10
44.4714
 20
-46.84979999999999
 30
0.0
 40
6.447187000201716
100
AcDbArc
 50
90.00167075
 51
179.99954677
  0
ARC
  5
185C
330
1AB7
100
AcDbEntity
  8
Edge.Cuts
100
AcDbCircle
 10
44.20067
 20
-161.02383
 30
0.0
 40
6.447169000157046
100
AcDbArc
 50
180.00151078
 51
269.99960009
  0
LINE
  5
185D
330
1AB7
100
AcDbEntity
  8
Edge.Cuts
  6
Continuous
100
AcDbLine
 10
60.833
 20
-43.688
 30
0.0
 11
64.389
 21
-43.688
 31
0.0
  0
LINE
  5
185E
330
1AB7
100
AcDbEntity
  8
Edge.Cuts
  6
Continuous
100
AcDbLine
 10
64.389
 20
-43.688
 30
0.0
 11
64.389
 21
-54.864
 31
0.0
  0
LINE
  5
185F
330
1AB7
100
AcDbEntity
  8
Edge.Cuts
  6
Continuous
100
AcDbLine
 10
64.389
 20
-54.864
 30
0.0
 11
60.833
 21
-54.864
 31
0.0
  0
LINE
  5
1860
330
1AB7
100
AcDbEntity
  8
Edge.Cuts
  6
Continuous
100
AcDbLine
 10
60.833
 20
-54.864
 30
0.0
 11
60.833
 21
-43.688
 31
0.0
  0
LINE
  5
1861
330
1AB7
100
AcDbEntity
  8
Edge.Cuts
  6
Continuous
100
AcDbLine
 10
129.003
 20
-49.287
 30
0.0
 11
129.006425
 21
-49.20856
 31
0.0
  0
LINE
  5
1862
330
1AB7
100
AcDbEntity
  8
Edge.Cuts
  6
Continuous
100
AcDbLine
 10
129.006425
 20
-49.20856
 30
0.0
 11
129.016673
 21
-49.130717
 31
0.0
  0
LINE
  5
1863
330
1AB7
100
AcDbEntity
  8
Edge.Cuts
  6
Continuous
100
AcDbLine
 10
129.016673
 20
-49.130717
 30
0.0
 11
129.033667
 21
-49.054063
 31
0.0
  0
LINE
  5
1864
330
1AB7
100
AcDbEntity
  8
Edge.Cuts
  6
Continuous
100
AcDbLine
 10
129.033667
 20
-49.054063
 30
0.0
 11
129.057277
 21
-48.97918199999999
 31
0.0
  0
LINE
  5
1865
330
1AB7
100
AcDbEntity
  8
Edge.Cuts
  6
Continuous
100
AcDbLine
 10
129.057277
 20
-48.97918199999999
 30
0.0
 11
129.087323
 21
-48.906644
 31
0.0
  0
LINE
  5
1866
330
1AB7
100
AcDbEntity
  8
Edge.Cuts
  6
Continuous
100
AcDbLine
 10
129.087323
 20
-48.906644
 30
0.0
 11
129.123577
 21
-48.837
 31
0.0
  0
LINE
  5
1867
330
1AB7
100
AcDbEntity
  8
Edge.Cuts
  6
Continuous
100
AcDbLine
 10
129.123577
 20
-48.837
 30
0.0
 11
129.165763
 21
-48.770781
 31
0.0
  0
LINE
  5
1868
330
1AB7
100
AcDbEntity
  8
Edge.Cuts
  6
Continuous
100
AcDbLine
 10
129.165763
 20
-48.770781
 30
0.0
 11
129.21356
 21
-48.708491
 31
0.0
  0
LINE
  5
1869
330
1AB7
100
AcDbEntity
  8
Edge.Cuts
  6
Continuous
100
AcDbLine
 10
129.21356
 20
-48.708491
 30
0.0
 11
129.266604
 21
-48.650604
 31
0.0
  0
LINE
  5
186A
330
1AB7
100
AcDbEntity
  8
Edge.Cuts
  6
Continuous
100
AcDbLine
 10
129.266604
 20
-48.650604
 30
0.0
 11
129.324491
 21
-48.59755999999999
 31
0.0
  0
LINE
  5
186B
330
1AB7
100
AcDbEntity
  8
Edge.Cuts
  6
Continuous
100
AcDbLine
 10
129.324491
 20
-48.59755999999999
 30
0.0
 11
129.386781
 21
-48.549763
 31
0.0
  0
LINE
  5
186C
330
1AB7
100
AcDbEntity
  8
Edge.Cuts
  6
Continuous
100
AcDbLine
 10
129.386781
 20
-48.549763
 30
0.0
 11
129.453
 21
-48.507577
 31
0.0
  0
LINE
  5
186D
330
1AB7
100
AcDbEntity
  8
Edge.Cuts
  6
Continuous
100
AcDbLine
 10
129.453
 20
-48.507577
 30
0.0
 11
129.522644
 21
-48.471323
 31
0.0
  0
LINE
  5
186E
330
1AB7
100
AcDbEntity
  8
Edge.Cuts
  6
Continuous
100
AcDbLine
 10
129.522644
 20
-48.471323
 30
0.0
 11
129.595182
 21
-48.441277
 31
0.0
  0
LINE
  5
186F
330
1AB7
100
AcDbEntity
  8
Edge.Cuts
  6
Continuous
100
AcDbLine
 10
129.595182
 20
-48.441277
 30
0.0
 11
129.670063
 21
-48.41766699999999
 31
0.0
  0
LINE
  5
1870
330
1AB7
100
AcDbEntity
  8
Edge.Cuts
  6
Continuous
100
AcDbLine
 10
129.670063
 20
-48.41766699999999
 30
0.0
 11
129.746717
 21
-48.400673
 31
0.0
  0
LINE
  5
1871
330
1AB7
100
AcDbEntity
  8
Edge.Cuts
  6
Continuous
100
AcDbLine
 10
129.746717
 20
-48.400673
 30
0.0
 11
129.82456
 21
-48.390425
 31
0.0
  0
LINE
  5
1872
330
1AB7
100
AcDbEntity
  8
Edge.Cuts
  6
Continuous
100
AcDbLine
 10
129.82456
 20
-48.390425
 30
0.0
 11
129.903
 21
-48.387
 31
0.0
  0
LINE
  5
1873
330
1AB7
100
AcDbEntity
  8
Edge.Cuts
  6
Continuous
100
AcDbLine
 10
129.903
 20
-48.387
 30
0.0
 11
135.596
 21
-48.387
 31
0.0
  0
LINE
  5
1874
330
1AB7
100
AcDbEntity
  8
Edge.Cuts
  6
Continuous
100
AcDbLine
 10
135.596
 20
-48.387
 30
0.0
 11
135.67444
 21
-48.390425
 31
0.0
  0
LINE
  5
1875
330
1AB7
100
AcDbEntity
  8
Edge.Cuts
  6
Continuous
100
AcDbLine
 10
135.67444
 20
-48.390425
 30
0.0
 11
135.752283
 21
-48.400673
 31
0.0
  0
LINE
  5
1876
330
1AB7
100
AcDbEntity
  8
Edge.Cuts
  6
Continuous
100
AcDbLine
 10
135.752283
 20
-48.400673
 30
0.0
 11
135.828937
 21
-48.41766699999999
 31
0.0
  0
LINE
  5
1877
330
1AB7
100
AcDbEntity
  8
Edge.Cuts
  6
Continuous
100
AcDbLine
 10
135.828937
 20
-48.41766699999999
 30
0.0
 11
135.903818
 21
-48.441277
 31
0.0
  0
LINE
  5
1878
330
1AB7
100
AcDbEntity
  8
Edge.Cuts
  6
Continuous
100
AcDbLine
 10
135.903818
 20
-48.441277
 30
0.0
 11
135.976356
 21
-48.471323
 31
0.0
  0
LINE
  5
1879
330
1AB7
100
AcDbEntity
  8
Edge.Cuts
  6
Continuous
100
AcDbLine
 10
135.976356
 20
-48.471323
 30
0.0
 11
136.046
 21
-48.507577
 31
0.0
  0
LINE
  5
187A
330
1AB7
100
AcDbEntity
  8
Edge.Cuts
  6
Continuous
100
AcDbLine
 10
136.046
 20
-48.507577
 30
0.0
 11
136.112219
 21
-48.549763
 31
0.0
  0
LINE
  5
187B
330
1AB7
100
AcDbEntity
  8
Edge.Cuts
  6
Continuous
100
AcDbLine
 10
136.112219
 20
-48.549763
 30
0.0
 11
136.174509
 21
-48.59755999999999
 31
0.0
  0
LINE
  5
187C
330
1AB7
100
AcDbEntity
  8
Edge.Cuts
  6
Continuous
100
AcDbLine
 10
136.174509
 20
-48.59755999999999
 30
0.0
 11
136.232396
 21
-48.650604
 31
0.0
  0
LINE
  5
187D
330
1AB7
100
AcDbEntity
  8
Edge.Cuts
  6
Continuous
100
AcDbLine
 10
136.232396
 20
-48.650604
 30
0.0
 11
136.28544
 21
-48.708491
 31
0.0
  0
LINE
  5
187E
330
1AB7
100
AcDbEntity
  8
Edge.Cuts
  6
Continuous
100
AcDbLine
 10
136.28544
 20
-48.708491
 30
0.0
 11
136.333237
 21
-48.770781
 31
0.0
  0
LINE
  5
187F
330
1AB7
100
AcDbEntity
  8
Edge.Cuts
  6
Continuous
100
AcDbLine
 10
136.333237
 20
-48.770781
 30
0.0
 11
136.375423
 21
-48.837
 31
0.0
  0
LINE
  5
1880
330
1AB7
100
AcDbEntity
  8
Edge.Cuts
  6
Continuous
100
AcDbLine
 10
136.375423
 20
-48.837
 30
0.0
 11
136.411677
 21
-48.906644
 31
0.0
  0
LINE
  5
1881
330
1AB7
100
AcDbEntity
  8
Edge.Cuts
  6
Continuous
100
AcDbLine
 10
136.411677
 20
-48.906644
 30
0.0
 11
136.441723
 21
-48.97918199999999
 31
0.0
  0
LINE
  5
1882
330
1AB7
100
AcDbEntity
  8
Edge.Cuts
  6
Continuous
100
AcDbLine
 10
136.441723
 20
-48.97918199999999
 30
0.0
 11
136.465333
 21
-49.054063
 31
0.0
  0
LINE
  5
1883
330
1AB7
100
AcDbEntity
  8
Edge.Cuts
  6
Continuous
100
AcDbLine
 10
136.465333
 20
-49.054063
 30
0.0
 11
136.482327
 21
-49.130717
 31
0.0
  0
LINE
  5
1884
330
1AB7
100
AcDbEntity
  8
Edge.Cuts
  6
Continuous
100
AcDbLine
 10
136.482327
 20
-49.130717
 30
0.0
 11
136.492575
 21
-49.20856
 31
0.0
  0
LINE
  5
1885
330
1AB7
100
AcDbEntity
  8
Edge.Cuts
  6
Continuous
100
AcDbLine
 10
136.492575
 20
-49.20856
 30
0.0
 11
136.496
 21
-49.287
 31
0.0
  0
LINE
  5
1886
330
1AB7
100
AcDbEntity
  8
Edge.Cuts
  6
Continuous
100
AcDbLine
 10
136.496
 20
-49.287
 30
0.0
 11
136.496
 21
-51.55099999999999
 31
0.0
  0
LINE
  5
1887
330
1AB7
100
AcDbEntity
  8
Edge.Cuts
  6
Continuous
100
AcDbLine
 10
136.496
 20
-51.55099999999999
 30
0.0
 11
136.492575
 21
-51.62944
 31
0.0
  0
LINE
  5
1888
330
1AB7
100
AcDbEntity
  8
Edge.Cuts
  6
Continuous
100
AcDbLine
 10
136.492575
 20
-51.62944
 30
0.0
 11
136.482327
 21
-51.707283
 31
0.0
  0
LINE
  5
1889
330
1AB7
100
AcDbEntity
  8
Edge.Cuts
  6
Continuous
100
AcDbLine
 10
136.482327
 20
-51.707283
 30
0.0
 11
136.465333
 21
-51.78393699999999
 31
0.0
  0
LINE
  5
188A
330
1AB7
100
AcDbEntity
  8
Edge.Cuts
  6
Continuous
100
AcDbLine
 10
136.465333
 20
-51.78393699999999
 30
0.0
 11
136.441723
 21
-51.858818
 31
0.0
  0
LINE
  5
188B
330
1AB7
100
AcDbEntity
  8
Edge.Cuts
  6
Continuous
100
AcDbLine
 10
136.441723
 20
-51.858818
 30
0.0
 11
136.411677
 21
-51.931356
 31
0.0
  0
LINE
  5
188C
330
1AB7
100
AcDbEntity
  8
Edge.Cuts
  6
Continuous
100
AcDbLine
 10
136.411677
 20
-51.931356
 30
0.0
 11
136.375423
 21
-52.001
 31
0.0
  0
LINE
  5
188D
330
1AB7
100
AcDbEntity
  8
Edge.Cuts
  6
Continuous
100
AcDbLine
 10
136.375423
 20
-52.001
 30
0.0
 11
136.333237
 21
-52.06721899999999
 31
0.0
  0
LINE
  5
188E
330
1AB7
100
AcDbEntity
  8
Edge.Cuts
  6
Continuous
100
AcDbLine
 10
136.333237
 20
-52.06721899999999
 30
0.0
 11
136.28544
 21
-52.129509
 31
0.0
  0
LINE
  5
188F
330
1AB7
100
AcDbEntity
  8
Edge.Cuts
  6
Continuous
100
AcDbLine
 10
136.28544
 20
-52.129509
 30
0.0
 11
136.232396
 21
-52.187396
 31
0.0
  0
LINE
  5
1890
330
1AB7
100
AcDbEntity
  8
Edge.Cuts
  6
Continuous
100
AcDbLine
 10
136.232396
 20
-52.187396
 30
0.0
 11
136.174509
 21
-52.24044
 31
0.0
  0
LINE
  5
1891
330
1AB7
100
AcDbEntity
  8
Edge.Cuts
  6
Continuous
100
AcDbLine
 10
136.174509
 20
-52.24044
 30
0.0
 11
136.112219
 21
-52.288237
 31
0.0
  0
LINE
  5
1892
330
1AB7
100
AcDbEntity
  8
Edge.Cuts
  6
Continuous
100
AcDbLine
 10
136.112219
 20
-52.288237
 30
0.0
 11
136.046
 21
-52.330423
 31
0.0
  0
LINE
  5
1893
330
1AB7
100
AcDbEntity
  8
Edge.Cuts
  6
Continuous
100
AcDbLine
 10
136.046
 20
-52.330423
 30
0.0
 11
135.976356
 21
-52.366677
 31
0.0
  0
LINE
  5
1894
330
1AB7
100
AcDbEntity
  8
Edge.Cuts
  6
Continuous
100
AcDbLine
 10
135.976356
 20
-52.366677
 30
0.0
 11
135.903818
 21
-52.39672299999999
 31
0.0
  0
LINE
  5
1895
330
1AB7
100
AcDbEntity
  8
Edge.Cuts
  6
Continuous
100
AcDbLine
 10
135.903818
 20
-52.39672299999999
 30
0.0
 11
135.828937
 21
-52.420333
 31
0.0
  0
LINE
  5
1896
330
1AB7
100
AcDbEntity
  8
Edge.Cuts
  6
Continuous
100
AcDbLine
 10
135.828937
 20
-52.420333
 30
0.0
 11
135.752283
 21
-52.437327
 31
0.0
  0
LINE
  5
1897
330
1AB7
100
AcDbEntity
  8
Edge.Cuts
  6
Continuous
100
AcDbLine
 10
135.752283
 20
-52.437327
 30
0.0
 11
135.67444
 21
-52.447575
 31
0.0
  0
LINE
  5
1898
330
1AB7
100
AcDbEntity
  8
Edge.Cuts
  6
Continuous
100
AcDbLine
 10
135.67444
 20
-52.447575
 30
0.0
 11
135.596
 21
-52.451
 31
0.0
  0
LINE
  5
1899
330
1AB7
100
AcDbEntity
  8
Edge.Cuts
  6
Continuous
100
AcDbLine
 10
135.596
 20
-52.451
 30
0.0
 11
129.903
 21
-52.451
 31
0.0
  0
LINE
  5
189A
330
1AB7
100
AcDbEntity
  8
Edge.Cuts
  6
Continuous
100
AcDbLine
 10
129.903
 20
-52.451
 30
0.0
 11
129.82456
 21
-52.447575
 31
0.0
  0
LINE
  5
189B
330
1AB7
100
AcDbEntity
  8
Edge.Cuts
  6
Continuous
100
AcDbLine
 10
129.82456
 20
-52.447575
 30
0.0
 11
129.746717
 21
-52.437327
 31
0.0
  0
LINE
  5
189C
330
1AB7
100
AcDbEntity
  8
Edge.Cuts
  6
Continuous
100
AcDbLine
 10
129.746717
 20
-52.437327
 30
0.0
 11
129.670063
 21
-52.420333
 31
0.0
  0
LINE
  5
189D
330
1AB7
100
AcDbEntity
  8
Edge.Cuts
  6
Continuous
100
AcDbLine
 10
129.670063
 20
-52.420333
 30
0.0
 11
129.595182
 21
-52.39672299999999
 31
0.0
  0
LINE
  5
189E
330
1AB7
100
AcDbEntity
  8
Edge.Cuts
  6
Continuous
100
AcDbLine
 10
129.595182
 20
-52.39672299999999
 30
0.0
 11
129.522644
 21
-52.366677
 31
0.0
  0
LINE
  5
189F
330
1AB7
100
AcDbEntity
  8
Edge.Cuts
  6
Continuous
100
AcDbLine
 10
129.522644
 20
-52.366677
 30
0.0
 11
129.453
 21
-52.330423
 31
0.0
  0
LINE
  5
18A0
330
1AB7
100
AcDbEntity
  8
Edge.Cuts
  6
Continuous
100
AcDbLine
 10
129.453
 20
-52.330423
 30
0.0
 11
129.386781
 21
-52.288237
 31
0.0
  0
LINE
  5
18A1
330
1AB7
100
AcDbEntity
  8
Edge.Cuts
  6
Continuous
100
AcDbLine
 10
129.386781
 20
-52.288237
 30
0.0
 11
129.324491
 21
-52.24044
 31
0.0
  0
LINE
  5
18A2
330
1AB7
100
AcDbEntity
  8
Edge.Cuts
  6
Continuous
100
AcDbLine
 10
129.324491
 20
-52.24044
 30
0.0
 11
129.266604
 21
-52.187396
 31
0.0
  0
LINE
  5
18A3
330
1AB7
100
AcDbEntity
  8
Edge.Cuts
  6
Continuous
100
AcDbLine
 10
129.266604
 20
-52.187396
 30
0.0
 11
129.21356
 21
-52.129509
 31
0.0
  0
LINE
  5
18A4
330
1AB7
100
AcDbEntity
  8
Edge.Cuts
  6
Continuous
100
AcDbLine
 10
129.21356
 20
-52.129509
 30
0.0
 11
129.165763
 21
-52.06721899999999
 31
0.0
  0
LINE
  5
18A5
330
1AB7
100
AcDbEntity
  8
Edge.Cuts
  6
Continuous
100
AcDbLine
 10
129.165763
 20
-52.06721899999999
 30
0.0
 11
129.123577
 21
-52.001
 31
0.0
  0
LINE
  5
18A6
330
1AB7
100
AcDbEntity
  8
Edge.Cuts
  6
Continuous
100
AcDbLine
 10
129.123577
 20
-52.001
 30
0.0
 11
129.087323
 21
-51.931356
 31
0.0
  0
LINE
  5
18A7
330
1AB7
100
AcDbEntity
  8
Edge.Cuts
  6
Continuous
100
AcDbLine
 10
129.087323
 20
-51.931356
 30
0.0
 11
129.057277
 21
-51.858818
 31
0.0
  0
LINE
  5
18A8
330
1AB7
100
AcDbEntity
  8
Edge.Cuts
  6
Continuous
100
AcDbLine
 10
129.057277
 20
-51.858818
 30
0.0
 11
129.033667
 21
-51.78393699999999
 31
0.0
  0
LINE
  5
18A9
330
1AB7
100
AcDbEntity
  8
Edge.Cuts
  6
Continuous
100
AcDbLine
 10
129.033667
 20
-51.78393699999999
 30
0.0
 11
129.016673
 21
-51.707283
 31
0.0
  0
LINE
  5
18AA
330
1AB7
100
AcDbEntity
  8
Edge.Cuts
  6
Continuous
100
AcDbLine
 10
129.016673
 20
-51.707283
 30
0.0
 11
129.006425
 21
-51.62944
 31
0.0
  0
LINE
  5
18AB
330
1AB7
100
AcDbEntity
  8
Edge.Cuts
  6
Continuous
100
AcDbLine
 10
129.006425
 20
-51.62944
 30
0.0
 11
129.003
 21
-51.55099999999999
 31
0.0
  0
LINE
  5
18AC
330
1AB7
100
AcDbEntity
  8
Edge.Cuts
  6
Continuous
100
AcDbLine
 10
129.003
 20
-51.55099999999999
 30
0.0
 11
129.003
 21
-49.287
 31
0.0
  0
LINE
  5
18AD
330
1AB7
100
AcDbEntity
  8
Edge.Cuts
  6
Continuous
100
AcDbLine
 10
132.207
 20
-94.97999999999999
 30
0.0
 11
132.210805
 21
-94.892844
 31
0.0
  0
LINE
  5
18AE
330
1AB7
100
AcDbEntity
  8
Edge.Cuts
  6
Continuous
100
AcDbLine
 10
132.210805
 20
-94.892844
 30
0.0
 11
132.222192
 21
-94.80635199999999
 31
0.0
  0
LINE
  5
18AF
330
1AB7
100
AcDbEntity
  8
Edge.Cuts
  6
Continuous
100
AcDbLine
 10
132.222192
 20
-94.80635199999999
 30
0.0
 11
132.241074
 21
-94.721181
 31
0.0
  0
LINE
  5
18B0
330
1AB7
100
AcDbEntity
  8
Edge.Cuts
  6
Continuous
100
AcDbLine
 10
132.241074
 20
-94.721181
 30
0.0
 11
132.267307
 21
-94.63798
 31
0.0
  0
LINE
  5
18B1
330
1AB7
100
AcDbEntity
  8
Edge.Cuts
  6
Continuous
100
AcDbLine
 10
132.267307
 20
-94.63798
 30
0.0
 11
132.300692
 21
-94.55738199999999
 31
0.0
  0
LINE
  5
18B2
330
1AB7
100
AcDbEntity
  8
Edge.Cuts
  6
Continuous
100
AcDbLine
 10
132.300692
 20
-94.55738199999999
 30
0.0
 11
132.340975
 21
-94.47999999999999
 31
0.0
  0
LINE
  5
18B3
330
1AB7
100
AcDbEntity
  8
Edge.Cuts
  6
Continuous
100
AcDbLine
 10
132.340975
 20
-94.47999999999999
 30
0.0
 11
132.387848
 21
-94.406424
 31
0.0
  0
LINE
  5
18B4
330
1AB7
100
AcDbEntity
  8
Edge.Cuts
  6
Continuous
100
AcDbLine
 10
132.387848
 20
-94.406424
 30
0.0
 11
132.440956
 21
-94.337212
 31
0.0
  0
LINE
  5
18B5
330
1AB7
100
AcDbEntity
  8
Edge.Cuts
  6
Continuous
100
AcDbLine
 10
132.440956
 20
-94.337212
 30
0.0
 11
132.499893
 21
-94.272893
 31
0.0
  0
LINE
  5
18B6
330
1AB7
100
AcDbEntity
  8
Edge.Cuts
  6
Continuous
100
AcDbLine
 10
132.499893
 20
-94.272893
 30
0.0
 11
132.564212
 21
-94.213956
 31
0.0
  0
LINE
  5
18B7
330
1AB7
100
AcDbEntity
  8
Edge.Cuts
  6
Continuous
100
AcDbLine
 10
132.564212
 20
-94.213956
 30
0.0
 11
132.633424
 21
-94.160848
 31
0.0
  0
LINE
  5
18B8
330
1AB7
100
AcDbEntity
  8
Edge.Cuts
  6
Continuous
100
AcDbLine
 10
132.633424
 20
-94.160848
 30
0.0
 11
132.707
 21
-94.113975
 31
0.0
  0
LINE
  5
18B9
330
1AB7
100
AcDbEntity
  8
Edge.Cuts
  6
Continuous
100
AcDbLine
 10
132.707
 20
-94.113975
 30
0.0
 11
132.784382
 21
-94.073692
 31
0.0
  0
LINE
  5
18BA
330
1AB7
100
AcDbEntity
  8
Edge.Cuts
  6
Continuous
100
AcDbLine
 10
132.784382
 20
-94.073692
 30
0.0
 11
132.86498
 21
-94.040307
 31
0.0
  0
LINE
  5
18BB
330
1AB7
100
AcDbEntity
  8
Edge.Cuts
  6
Continuous
100
AcDbLine
 10
132.86498
 20
-94.040307
 30
0.0
 11
132.948181
 21
-94.014074
 31
0.0
  0
LINE
  5
18BC
330
1AB7
100
AcDbEntity
  8
Edge.Cuts
  6
Continuous
100
AcDbLine
 10
132.948181
 20
-94.014074
 30
0.0
 11
133.033352
 21
-93.99519199999999
 31
0.0
  0
LINE
  5
18BD
330
1AB7
100
AcDbEntity
  8
Edge.Cuts
  6
Continuous
100
AcDbLine
 10
133.033352
 20
-93.99519199999999
 30
0.0
 11
133.119844
 21
-93.98380499999999
 31
0.0
  0
LINE
  5
18BE
330
1AB7
100
AcDbEntity
  8
Edge.Cuts
  6
Continuous
100
AcDbLine
 10
133.119844
 20
-93.98380499999999
 30
0.0
 11
133.207
 21
-93.97999999999999
 31
0.0
  0
LINE
  5
18BF
330
1AB7
100
AcDbEntity
  8
Edge.Cuts
  6
Continuous
100
AcDbLine
 10
133.207
 20
-93.97999999999999
 30
0.0
 11
143.906999
 21
-93.97999999999999
 31
0.0
  0
LINE
  5
18C0
330
1AB7
100
AcDbEntity
  8
Edge.Cuts
  6
Continuous
100
AcDbLine
 10
143.906999
 20
-93.97999999999999
 30
0.0
 11
143.907
 21
-93.97999999999999
 31
0.0
  0
LINE
  5
18C1
330
1AB7
100
AcDbEntity
  8
Edge.Cuts
  6
Continuous
100
AcDbLine
 10
143.907
 20
-93.97999999999999
 30
0.0
 11
143.994156
 21
-93.98380499999999
 31
0.0
  0
LINE
  5
18C2
330
1AB7
100
AcDbEntity
  8
Edge.Cuts
  6
Continuous
100
AcDbLine
 10
143.994156
 20
-93.98380499999999
 30
0.0
 11
144.080648
 21
-93.99519199999999
 31
0.0
  0
LINE
  5
18C3
330
1AB7
100
AcDbEntity
  8
Edge.Cuts
  6
Continuous
100
AcDbLine
 10
144.080648
 20
-93.99519199999999
 30
0.0
 11
144.165819
 21
-94.014074
 31
0.0
  0
LINE
  5
18C4
330
1AB7
100
AcDbEntity
  8
Edge.Cuts
  6
Continuous
100
AcDbLine
 10
144.165819
 20
-94.014074
 30
0.0
 11
144.24902
 21
-94.040307
 31
0.0
  0
LINE
  5
18C5
330
1AB7
100
AcDbEntity
  8
Edge.Cuts
  6
Continuous
100
AcDbLine
 10
144.24902
 20
-94.040307
 30
0.0
 11
144.329618
 21
-94.073692
 31
0.0
  0
LINE
  5
18C6
330
1AB7
100
AcDbEntity
  8
Edge.Cuts
  6
Continuous
100
AcDbLine
 10
144.329618
 20
-94.073692
 30
0.0
 11
144.407
 21
-94.113975
 31
0.0
  0
LINE
  5
18C7
330
1AB7
100
AcDbEntity
  8
Edge.Cuts
  6
Continuous
100
AcDbLine
 10
144.407
 20
-94.113975
 30
0.0
 11
144.480576
 21
-94.160848
 31
0.0
  0
LINE
  5
18C8
330
1AB7
100
AcDbEntity
  8
Edge.Cuts
  6
Continuous
100
AcDbLine
 10
144.480576
 20
-94.160848
 30
0.0
 11
144.549788
 21
-94.213956
 31
0.0
  0
LINE
  5
18C9
330
1AB7
100
AcDbEntity
  8
Edge.Cuts
  6
Continuous
100
AcDbLine
 10
144.549788
 20
-94.213956
 30
0.0
 11
144.614107
 21
-94.272893
 31
0.0
  0
LINE
  5
18CA
330
1AB7
100
AcDbEntity
  8
Edge.Cuts
  6
Continuous
100
AcDbLine
 10
144.614107
 20
-94.272893
 30
0.0
 11
144.673044
 21
-94.337212
 31
0.0
  0
LINE
  5
18CB
330
1AB7
100
AcDbEntity
  8
Edge.Cuts
  6
Continuous
100
AcDbLine
 10
144.673044
 20
-94.337212
 30
0.0
 11
144.726152
 21
-94.406424
 31
0.0
  0
LINE
  5
18CC
330
1AB7
100
AcDbEntity
  8
Edge.Cuts
  6
Continuous
100
AcDbLine
 10
144.726152
 20
-94.406424
 30
0.0
 11
144.773025
 21
-94.47999999999999
 31
0.0
  0
LINE
  5
18CD
330
1AB7
100
AcDbEntity
  8
Edge.Cuts
  6
Continuous
100
AcDbLine
 10
144.773025
 20
-94.47999999999999
 30
0.0
 11
144.813308
 21
-94.55738199999999
 31
0.0
  0
LINE
  5
18CE
330
1AB7
100
AcDbEntity
  8
Edge.Cuts
  6
Continuous
100
AcDbLine
 10
144.813308
 20
-94.55738199999999
 30
0.0
 11
144.846693
 21
-94.63798
 31
0.0
  0
LINE
  5
18CF
330
1AB7
100
AcDbEntity
  8
Edge.Cuts
  6
Continuous
100
AcDbLine
 10
144.846693
 20
-94.63798
 30
0.0
 11
144.872926
 21
-94.721181
 31
0.0
  0
LINE
  5
18D0
330
1AB7
100
AcDbEntity
  8
Edge.Cuts
  6
Continuous
100
AcDbLine
 10
144.872926
 20
-94.721181
 30
0.0
 11
144.891808
 21
-94.80635199999999
 31
0.0
  0
LINE
  5
18D1
330
1AB7
100
AcDbEntity
  8
Edge.Cuts
  6
Continuous
100
AcDbLine
 10
144.891808
 20
-94.80635199999999
 30
0.0
 11
144.903195
 21
-94.892844
 31
0.0
  0
LINE
  5
18D2
330
1AB7
100
AcDbEntity
  8
Edge.Cuts
  6
Continuous
100
AcDbLine
 10
144.903195
 20
-94.892844
 30
0.0
 11
144.907
 21
-94.97999999999999
 31
0.0
  0
LINE
  5
18D3
330
1AB7
100
AcDbEntity
  8
Edge.Cuts
  6
Continuous
100
AcDbLine
 10
144.907
 20
-94.97999999999999
 30
0.0
 11
144.906999
 21
-94.97999999999999
 31
0.0
  0
LINE
  5
18D4
330
1AB7
100
AcDbEntity
  8
Edge.Cuts
  6
Continuous
100
AcDbLine
 10
144.906999
 20
-94.97999999999999
 30
0.0
 11
144.906999
 21
-120.412
 31
0.0
  0
LINE
  5
18D5
330
1AB7
100
AcDbEntity
  8
Edge.Cuts
  6
Continuous
100
AcDbLine
 10
144.906999
 20
-120.412
 30
0.0
 11
144.906999
 21
-120.412001
 31
0.0
  0
LINE
  5
18D6
330
1AB7
100
AcDbEntity
  8
Edge.Cuts
  6
Continuous
100
AcDbLine
 10
144.906999
 20
-120.412001
 30
0.0
 11
144.903194
 21
-120.499157
 31
0.0
  0
LINE
  5
18D7
330
1AB7
100
AcDbEntity
  8
Edge.Cuts
  6
Continuous
100
AcDbLine
 10
144.903194
 20
-120.499157
 30
0.0
 11
144.891807
 21
-120.585649
 31
0.0
  0
LINE
  5
18D8
330
1AB7
100
AcDbEntity
  8
Edge.Cuts
  6
Continuous
100
AcDbLine
 10
144.891807
 20
-120.585649
 30
0.0
 11
144.872925
 21
-120.67082
 31
0.0
  0
LINE
  5
18D9
330
1AB7
100
AcDbEntity
  8
Edge.Cuts
  6
Continuous
100
AcDbLine
 10
144.872925
 20
-120.67082
 30
0.0
 11
144.846691
 21
-120.754021
 31
0.0
  0
LINE
  5
18DA
330
1AB7
100
AcDbEntity
  8
Edge.Cuts
  6
Continuous
100
AcDbLine
 10
144.846691
 20
-120.754021
 30
0.0
 11
144.813306
 21
-120.834619
 31
0.0
  0
LINE
  5
18DB
330
1AB7
100
AcDbEntity
  8
Edge.Cuts
  6
Continuous
100
AcDbLine
 10
144.813306
 20
-120.834619
 30
0.0
 11
144.773024
 21
-120.912
 31
0.0
  0
LINE
  5
18DC
330
1AB7
100
AcDbEntity
  8
Edge.Cuts
  6
Continuous
100
AcDbLine
 10
144.773024
 20
-120.912
 30
0.0
 11
144.726151
 21
-120.985577
 31
0.0
  0
LINE
  5
18DD
330
1AB7
100
AcDbEntity
  8
Edge.Cuts
  6
Continuous
100
AcDbLine
 10
144.726151
 20
-120.985577
 30
0.0
 11
144.673043
 21
-121.054788
 31
0.0
  0
LINE
  5
18DE
330
1AB7
100
AcDbEntity
  8
Edge.Cuts
  6
Continuous
100
AcDbLine
 10
144.673043
 20
-121.054788
 30
0.0
 11
144.614105
 21
-121.119107
 31
0.0
  0
LINE
  5
18DF
330
1AB7
100
AcDbEntity
  8
Edge.Cuts
  6
Continuous
100
AcDbLine
 10
144.614105
 20
-121.119107
 30
0.0
 11
144.549786
 21
-121.178044
 31
0.0
  0
LINE
  5
18E0
330
1AB7
100
AcDbEntity
  8
Edge.Cuts
  6
Continuous
100
AcDbLine
 10
144.549786
 20
-121.178044
 30
0.0
 11
144.480575
 21
-121.231152
 31
0.0
  0
LINE
  5
18E1
330
1AB7
100
AcDbEntity
  8
Edge.Cuts
  6
Continuous
100
AcDbLine
 10
144.480575
 20
-121.231152
 30
0.0
 11
144.406999
 21
-121.278025
 31
0.0
  0
LINE
  5
18E2
330
1AB7
100
AcDbEntity
  8
Edge.Cuts
  6
Continuous
100
AcDbLine
 10
144.406999
 20
-121.278025
 30
0.0
 11
144.329617
 21
-121.318307
 31
0.0
  0
LINE
  5
18E3
330
1AB7
100
AcDbEntity
  8
Edge.Cuts
  6
Continuous
100
AcDbLine
 10
144.329617
 20
-121.318307
 30
0.0
 11
144.249019
 21
-121.351692
 31
0.0
  0
LINE
  5
18E4
330
1AB7
100
AcDbEntity
  8
Edge.Cuts
  6
Continuous
100
AcDbLine
 10
144.249019
 20
-121.351692
 30
0.0
 11
144.165818
 21
-121.377925
 31
0.0
  0
LINE
  5
18E5
330
1AB7
100
AcDbEntity
  8
Edge.Cuts
  6
Continuous
100
AcDbLine
 10
144.165818
 20
-121.377925
 30
0.0
 11
144.080647
 21
-121.396807
 31
0.0
  0
LINE
  5
18E6
330
1AB7
100
AcDbEntity
  8
Edge.Cuts
  6
Continuous
100
AcDbLine
 10
144.080647
 20
-121.396807
 30
0.0
 11
143.994155
 21
-121.408194
 31
0.0
  0
LINE
  5
18E7
330
1AB7
100
AcDbEntity
  8
Edge.Cuts
  6
Continuous
100
AcDbLine
 10
143.994155
 20
-121.408194
 30
0.0
 11
143.906999
 21
-121.411999
 31
0.0
  0
LINE
  5
18E8
330
1AB7
100
AcDbEntity
  8
Edge.Cuts
  6
Continuous
100
AcDbLine
 10
143.906999
 20
-121.411999
 30
0.0
 11
143.906999
 21
-121.412
 31
0.0
  0
LINE
  5
18E9
330
1AB7
100
AcDbEntity
  8
Edge.Cuts
  6
Continuous
100
AcDbLine
 10
143.906999
 20
-121.412
 30
0.0
 11
133.207
 21
-121.412
 31
0.0
  0
LINE
  5
18EA
330
1AB7
100
AcDbEntity
  8
Edge.Cuts
  6
Continuous
100
AcDbLine
 10
133.207
 20
-121.412
 30
0.0
 11
133.119844
 21
-121.408195
 31
0.0
  0
LINE
  5
18EB
330
1AB7
100
AcDbEntity
  8
Edge.Cuts
  6
Continuous
100
AcDbLine
 10
133.119844
 20
-121.408195
 30
0.0
 11
133.033352
 21
-121.396808
 31
0.0
  0
LINE
  5
18EC
330
1AB7
100
AcDbEntity
  8
Edge.Cuts
  6
Continuous
100
AcDbLine
 10
133.033352
 20
-121.396808
 30
0.0
 11
132.948181
 21
-121.377926
 31
0.0
  0
LINE
  5
18ED
330
1AB7
100
AcDbEntity
  8
Edge.Cuts
  6
Continuous
100
AcDbLine
 10
132.948181
 20
-121.377926
 30
0.0
 11
132.86498
 21
-121.351693
 31
0.0
  0
LINE
  5
18EE
330
1AB7
100
AcDbEntity
  8
Edge.Cuts
  6
Continuous
100
AcDbLine
 10
132.86498
 20
-121.351693
 30
0.0
 11
132.784382
 21
-121.318308
 31
0.0
  0
LINE
  5
18EF
330
1AB7
100
AcDbEntity
  8
Edge.Cuts
  6
Continuous
100
AcDbLine
 10
132.784382
 20
-121.318308
 30
0.0
 11
132.707
 21
-121.278025
 31
0.0
  0
LINE
  5
18F0
330
1AB7
100
AcDbEntity
  8
Edge.Cuts
  6
Continuous
100
AcDbLine
 10
132.707
 20
-121.278025
 30
0.0
 11
132.633424
 21
-121.231152
 31
0.0
  0
LINE
  5
18F1
330
1AB7
100
AcDbEntity
  8
Edge.Cuts
  6
Continuous
100
AcDbLine
 10
132.633424
 20
-121.231152
 30
0.0
 11
132.564212
 21
-121.178044
 31
0.0
  0
LINE
  5
18F2
330
1AB7
100
AcDbEntity
  8
Edge.Cuts
  6
Continuous
100
AcDbLine
 10
132.564212
 20
-121.178044
 30
0.0
 11
132.499893
 21
-121.119107
 31
0.0
  0
LINE
  5
18F3
330
1AB7
100
AcDbEntity
  8
Edge.Cuts
  6
Continuous
100
AcDbLine
 10
132.499893
 20
-121.119107
 30
0.0
 11
132.440956
 21
-121.054788
 31
0.0
  0
LINE
  5
18F4
330
1AB7
100
AcDbEntity
  8
Edge.Cuts
  6
Continuous
100
AcDbLine
 10
132.440956
 20
-121.054788
 30
0.0
 11
132.387848
 21
-120.985576
 31
0.0
  0
LINE
  5
18F5
330
1AB7
100
AcDbEntity
  8
Edge.Cuts
  6
Continuous
100
AcDbLine
 10
132.387848
 20
-120.985576
 30
0.0
 11
132.340975
 21
-120.912
 31
0.0
  0
LINE
  5
18F6
330
1AB7
100
AcDbEntity
  8
Edge.Cuts
  6
Continuous
100
AcDbLine
 10
132.340975
 20
-120.912
 30
0.0
 11
132.300692
 21
-120.834618
 31
0.0
  0
LINE
  5
18F7
330
1AB7
100
AcDbEntity
  8
Edge.Cuts
  6
Continuous
100
AcDbLine
 10
132.300692
 20
-120.834618
 30
0.0
 11
132.267307
 21
-120.75402
 31
0.0
  0
LINE
  5
18F8
330
1AB7
100
AcDbEntity
  8
Edge.Cuts
  6
Continuous
100
AcDbLine
 10
132.267307
 20
-120.75402
 30
0.0
 11
132.241074
 21
-120.670819
 31
0.0
  0
LINE
  5
18F9
330
1AB7
100
AcDbEntity
  8
Edge.Cuts
  6
Continuous
100
AcDbLine
 10
132.241074
 20
-120.670819
 30
0.0
 11
132.222192
 21
-120.585648
 31
0.0
  0
LINE
  5
18FA
330
1AB7
100
AcDbEntity
  8
Edge.Cuts
  6
Continuous
100
AcDbLine
 10
132.222192
 20
-120.585648
 30
0.0
 11
132.210805
 21
-120.499156
 31
0.0
  0
LINE
  5
18FB
330
1AB7
100
AcDbEntity
  8
Edge.Cuts
  6
Continuous
100
AcDbLine
 10
132.210805
 20
-120.499156
 30
0.0
 11
132.207
 21
-120.412
 31
0.0
  0
LINE
  5
18FC
330
1AB7
100
AcDbEntity
  8
Edge.Cuts
  6
Continuous
100
AcDbLine
 10
132.207
 20
-120.412
 30
0.0
 11
132.207
 21
-94.97999999999999
 31
0.0
  0
LINE
  5
18FD
330
1AB7
100
AcDbEntity
  8
Edge.Cuts
  6
Continuous
100
AcDbLine
 10
133.223
 20
-126.73
 30
0.0
 11
133.226805
 21
-126.642844
 31
0.0
  0
LINE
  5
18FE
330
1AB7
100
AcDbEntity
  8
Edge.Cuts
  6
Continuous
100
AcDbLine
 10
133.226805
 20
-126.642844
 30
0.0
 11
133.238192
 21
-126.556352
 31
0.0
  0
LINE
  5
18FF
330
1AB7
100
AcDbEntity
  8
Edge.Cuts
  6
Continuous
100
AcDbLine
 10
133.238192
 20
-126.556352
 30
0.0
 11
133.257074
 21
-126.471181
 31
0.0
  0
LINE
  5
1900
330
1AB7
100
AcDbEntity
  8
Edge.Cuts
  6
Continuous
100
AcDbLine
 10
133.257074
 20
-126.471181
 30
0.0
 11
133.283307
 21
-126.38798
 31
0.0
  0
LINE
  5
1901
330
1AB7
100
AcDbEntity
  8
Edge.Cuts
  6
Continuous
100
AcDbLine
 10
133.283307
 20
-126.38798
 30
0.0
 11
133.316692
 21
-126.307382
 31
0.0
  0
LINE
  5
1902
330
1AB7
100
AcDbEntity
  8
Edge.Cuts
  6
Continuous
100
AcDbLine
 10
133.316692
 20
-126.307382
 30
0.0
 11
133.356975
 21
-126.23
 31
0.0
  0
LINE
  5
1903
330
1AB7
100
AcDbEntity
  8
Edge.Cuts
  6
Continuous
100
AcDbLine
 10
133.356975
 20
-126.23
 30
0.0
 11
133.403848
 21
-126.156424
 31
0.0
  0
LINE
  5
1904
330
1AB7
100
AcDbEntity
  8
Edge.Cuts
  6
Continuous
100
AcDbLine
 10
133.403848
 20
-126.156424
 30
0.0
 11
133.456956
 21
-126.087212
 31
0.0
  0
LINE
  5
1905
330
1AB7
100
AcDbEntity
  8
Edge.Cuts
  6
Continuous
100
AcDbLine
 10
133.456956
 20
-126.087212
 30
0.0
 11
133.515893
 21
-126.022893
 31
0.0
  0
LINE
  5
1906
330
1AB7
100
AcDbEntity
  8
Edge.Cuts
  6
Continuous
100
AcDbLine
 10
133.515893
 20
-126.022893
 30
0.0
 11
133.580212
 21
-125.963956
 31
0.0
  0
LINE
  5
1907
330
1AB7
100
AcDbEntity
  8
Edge.Cuts
  6
Continuous
100
AcDbLine
 10
133.580212
 20
-125.963956
 30
0.0
 11
133.649424
 21
-125.910848
 31
0.0
  0
LINE
  5
1908
330
1AB7
100
AcDbEntity
  8
Edge.Cuts
  6
Continuous
100
AcDbLine
 10
133.649424
 20
-125.910848
 30
0.0
 11
133.723
 21
-125.863975
 31
0.0
  0
LINE
  5
1909
330
1AB7
100
AcDbEntity
  8
Edge.Cuts
  6
Continuous
100
AcDbLine
 10
133.723
 20
-125.863975
 30
0.0
 11
133.800382
 21
-125.823692
 31
0.0
  0
LINE
  5
190A
330
1AB7
100
AcDbEntity
  8
Edge.Cuts
  6
Continuous
100
AcDbLine
 10
133.800382
 20
-125.823692
 30
0.0
 11
133.88098
 21
-125.790307
 31
0.0
  0
LINE
  5
190B
330
1AB7
100
AcDbEntity
  8
Edge.Cuts
  6
Continuous
100
AcDbLine
 10
133.88098
 20
-125.790307
 30
0.0
 11
133.964181
 21
-125.764074
 31
0.0
  0
LINE
  5
190C
330
1AB7
100
AcDbEntity
  8
Edge.Cuts
  6
Continuous
100
AcDbLine
 10
133.964181
 20
-125.764074
 30
0.0
 11
134.049352
 21
-125.745192
 31
0.0
  0
LINE
  5
190D
330
1AB7
100
AcDbEntity
  8
Edge.Cuts
  6
Continuous
100
AcDbLine
 10
134.049352
 20
-125.745192
 30
0.0
 11
134.135844
 21
-125.733805
 31
0.0
  0
LINE
  5
190E
330
1AB7
100
AcDbEntity
  8
Edge.Cuts
  6
Continuous
100
AcDbLine
 10
134.135844
 20
-125.733805
 30
0.0
 11
134.223
 21
-125.73
 31
0.0
  0
LINE
  5
190F
330
1AB7
100
AcDbEntity
  8
Edge.Cuts
  6
Continuous
100
AcDbLine
 10
134.223
 20
-125.73
 30
0.0
 11
136.16
 21
-125.73
 31
0.0
  0
LINE
  5
1910
330
1AB7
100
AcDbEntity
  8
Edge.Cuts
  6
Continuous
100
AcDbLine
 10
136.16
 20
-125.73
 30
0.0
 11
136.247156
 21
-125.733805
 31
0.0
  0
LINE
  5
1911
330
1AB7
100
AcDbEntity
  8
Edge.Cuts
  6
Continuous
100
AcDbLine
 10
136.247156
 20
-125.733805
 30
0.0
 11
136.333648
 21
-125.745192
 31
0.0
  0
LINE
  5
1912
330
1AB7
100
AcDbEntity
  8
Edge.Cuts
  6
Continuous
100
AcDbLine
 10
136.333648
 20
-125.745192
 30
0.0
 11
136.418819
 21
-125.764074
 31
0.0
  0
LINE
  5
1913
330
1AB7
100
AcDbEntity
  8
Edge.Cuts
  6
Continuous
100
AcDbLine
 10
136.418819
 20
-125.764074
 30
0.0
 11
136.50202
 21
-125.790307
 31
0.0
  0
LINE
  5
1914
330
1AB7
100
AcDbEntity
  8
Edge.Cuts
  6
Continuous
100
AcDbLine
 10
136.50202
 20
-125.790307
 30
0.0
 11
136.582618
 21
-125.823692
 31
0.0
  0
LINE
  5
1915
330
1AB7
100
AcDbEntity
  8
Edge.Cuts
  6
Continuous
100
AcDbLine
 10
136.582618
 20
-125.823692
 30
0.0
 11
136.66
 21
-125.863975
 31
0.0
  0
LINE
  5
1916
330
1AB7
100
AcDbEntity
  8
Edge.Cuts
  6
Continuous
100
AcDbLine
 10
136.66
 20
-125.863975
 30
0.0
 11
136.733576
 21
-125.910848
 31
0.0
  0
LINE
  5
1917
330
1AB7
100
AcDbEntity
  8
Edge.Cuts
  6
Continuous
100
AcDbLine
 10
136.733576
 20
-125.910848
 30
0.0
 11
136.802788
 21
-125.963956
 31
0.0
  0
LINE
  5
1918
330
1AB7
100
AcDbEntity
  8
Edge.Cuts
  6
Continuous
100
AcDbLine
 10
136.802788
 20
-125.963956
 30
0.0
 11
136.867107
 21
-126.022893
 31
0.0
  0
LINE
  5
1919
330
1AB7
100
AcDbEntity
  8
Edge.Cuts
  6
Continuous
100
AcDbLine
 10
136.867107
 20
-126.022893
 30
0.0
 11
136.926044
 21
-126.087212
 31
0.0
  0
LINE
  5
191A
330
1AB7
100
AcDbEntity
  8
Edge.Cuts
  6
Continuous
100
AcDbLine
 10
136.926044
 20
-126.087212
 30
0.0
 11
136.979152
 21
-126.156424
 31
0.0
  0
LINE
  5
191B
330
1AB7
100
AcDbEntity
  8
Edge.Cuts
  6
Continuous
100
AcDbLine
 10
136.979152
 20
-126.156424
 30
0.0
 11
137.026025
 21
-126.23
 31
0.0
  0
LINE
  5
191C
330
1AB7
100
AcDbEntity
  8
Edge.Cuts
  6
Continuous
100
AcDbLine
 10
137.026025
 20
-126.23
 30
0.0
 11
137.066308
 21
-126.307382
 31
0.0
  0
LINE
  5
191D
330
1AB7
100
AcDbEntity
  8
Edge.Cuts
  6
Continuous
100
AcDbLine
 10
137.066308
 20
-126.307382
 30
0.0
 11
137.099693
 21
-126.38798
 31
0.0
  0
LINE
  5
191E
330
1AB7
100
AcDbEntity
  8
Edge.Cuts
  6
Continuous
100
AcDbLine
 10
137.099693
 20
-126.38798
 30
0.0
 11
137.125926
 21
-126.471181
 31
0.0
  0
LINE
  5
191F
330
1AB7
100
AcDbEntity
  8
Edge.Cuts
  6
Continuous
100
AcDbLine
 10
137.125926
 20
-126.471181
 30
0.0
 11
137.144808
 21
-126.556352
 31
0.0
  0
LINE
  5
1920
330
1AB7
100
AcDbEntity
  8
Edge.Cuts
  6
Continuous
100
AcDbLine
 10
137.144808
 20
-126.556352
 30
0.0
 11
137.156195
 21
-126.642844
 31
0.0
  0
LINE
  5
1921
330
1AB7
100
AcDbEntity
  8
Edge.Cuts
  6
Continuous
100
AcDbLine
 10
137.156195
 20
-126.642844
 30
0.0
 11
137.16
 21
-126.73
 31
0.0
  0
LINE
  5
1922
330
1AB7
100
AcDbEntity
  8
Edge.Cuts
  6
Continuous
100
AcDbLine
 10
137.16
 20
-126.73
 30
0.0
 11
137.16
 21
-129.683
 31
0.0
  0
LINE
  5
1923
330
1AB7
100
AcDbEntity
  8
Edge.Cuts
  6
Continuous
100
AcDbLine
 10
137.16
 20
-129.683
 30
0.0
 11
137.156195
 21
-129.770156
 31
0.0
  0
LINE
  5
1924
330
1AB7
100
AcDbEntity
  8
Edge.Cuts
  6
Continuous
100
AcDbLine
 10
137.156195
 20
-129.770156
 30
0.0
 11
137.144808
 21
-129.856648
 31
0.0
  0
LINE
  5
1925
330
1AB7
100
AcDbEntity
  8
Edge.Cuts
  6
Continuous
100
AcDbLine
 10
137.144808
 20
-129.856648
 30
0.0
 11
137.125926
 21
-129.941819
 31
0.0
  0
LINE
  5
1926
330
1AB7
100
AcDbEntity
  8
Edge.Cuts
  6
Continuous
100
AcDbLine
 10
137.125926
 20
-129.941819
 30
0.0
 11
137.099693
 21
-130.02502
 31
0.0
  0
LINE
  5
1927
330
1AB7
100
AcDbEntity
  8
Edge.Cuts
  6
Continuous
100
AcDbLine
 10
137.099693
 20
-130.02502
 30
0.0
 11
137.066308
 21
-130.105618
 31
0.0
  0
LINE
  5
1928
330
1AB7
100
AcDbEntity
  8
Edge.Cuts
  6
Continuous
100
AcDbLine
 10
137.066308
 20
-130.105618
 30
0.0
 11
137.026025
 21
-130.183
 31
0.0
  0
LINE
  5
1929
330
1AB7
100
AcDbEntity
  8
Edge.Cuts
  6
Continuous
100
AcDbLine
 10
137.026025
 20
-130.183
 30
0.0
 11
136.979152
 21
-130.256576
 31
0.0
  0
LINE
  5
192A
330
1AB7
100
AcDbEntity
  8
Edge.Cuts
  6
Continuous
100
AcDbLine
 10
136.979152
 20
-130.256576
 30
0.0
 11
136.926044
 21
-130.325788
 31
0.0
  0
LINE
  5
192B
330
1AB7
100
AcDbEntity
  8
Edge.Cuts
  6
Continuous
100
AcDbLine
 10
136.926044
 20
-130.325788
 30
0.0
 11
136.867107
 21
-130.390107
 31
0.0
  0
LINE
  5
192C
330
1AB7
100
AcDbEntity
  8
Edge.Cuts
  6
Continuous
100
AcDbLine
 10
136.867107
 20
-130.390107
 30
0.0
 11
136.802788
 21
-130.449044
 31
0.0
  0
LINE
  5
192D
330
1AB7
100
AcDbEntity
  8
Edge.Cuts
  6
Continuous
100
AcDbLine
 10
136.802788
 20
-130.449044
 30
0.0
 11
136.733576
 21
-130.502152
 31
0.0
  0
LINE
  5
192E
330
1AB7
100
AcDbEntity
  8
Edge.Cuts
  6
Continuous
100
AcDbLine
 10
136.733576
 20
-130.502152
 30
0.0
 11
136.66
 21
-130.549025
 31
0.0
  0
LINE
  5
192F
330
1AB7
100
AcDbEntity
  8
Edge.Cuts
  6
Continuous
100
AcDbLine
 10
136.66
 20
-130.549025
 30
0.0
 11
136.582618
 21
-130.589308
 31
0.0
  0
LINE
  5
1930
330
1AB7
100
AcDbEntity
  8
Edge.Cuts
  6
Continuous
100
AcDbLine
 10
136.582618
 20
-130.589308
 30
0.0
 11
136.50202
 21
-130.622693
 31
0.0
  0
LINE
  5
1931
330
1AB7
100
AcDbEntity
  8
Edge.Cuts
  6
Continuous
100
AcDbLine
 10
136.50202
 20
-130.622693
 30
0.0
 11
136.418819
 21
-130.648926
 31
0.0
  0
LINE
  5
1932
330
1AB7
100
AcDbEntity
  8
Edge.Cuts
  6
Continuous
100
AcDbLine
 10
136.418819
 20
-130.648926
 30
0.0
 11
136.333648
 21
-130.667808
 31
0.0
  0
LINE
  5
1933
330
1AB7
100
AcDbEntity
  8
Edge.Cuts
  6
Continuous
100
AcDbLine
 10
136.333648
 20
-130.667808
 30
0.0
 11
136.247156
 21
-130.679195
 31
0.0
  0
LINE
  5
1934
330
1AB7
100
AcDbEntity
  8
Edge.Cuts
  6
Continuous
100
AcDbLine
 10
136.247156
 20
-130.679195
 30
0.0
 11
136.16
 21
-130.683
 31
0.0
  0
LINE
  5
1935
330
1AB7
100
AcDbEntity
  8
Edge.Cuts
  6
Continuous
100
AcDbLine
 10
136.16
 20
-130.683
 30
0.0
 11
134.223
 21
-130.683
 31
0.0
  0
LINE
  5
1936
330
1AB7
100
AcDbEntity
  8
Edge.Cuts
  6
Continuous
100
AcDbLine
 10
134.223
 20
-130.683
 30
0.0
 11
134.135844
 21
-130.679195
 31
0.0
  0
LINE
  5
1937
330
1AB7
100
AcDbEntity
  8
Edge.Cuts
  6
Continuous
100
AcDbLine
 10
134.135844
 20
-130.679195
 30
0.0
 11
134.049352
 21
-130.667808
 31
0.0
  0
LINE
  5
1938
330
1AB7
100
AcDbEntity
  8
Edge.Cuts
  6
Continuous
100
AcDbLine
 10
134.049352
 20
-130.667808
 30
0.0
 11
133.964181
 21
-130.648926
 31
0.0
  0
LINE
  5
1939
330
1AB7
100
AcDbEntity
  8
Edge.Cuts
  6
Continuous
100
AcDbLine
 10
133.964181
 20
-130.648926
 30
0.0
 11
133.88098
 21
-130.622693
 31
0.0
  0
LINE
  5
193A
330
1AB7
100
AcDbEntity
  8
Edge.Cuts
  6
Continuous
100
AcDbLine
 10
133.88098
 20
-130.622693
 30
0.0
 11
133.800382
 21
-130.589308
 31
0.0
  0
LINE
  5
193B
330
1AB7
100
AcDbEntity
  8
Edge.Cuts
  6
Continuous
100
AcDbLine
 10
133.800382
 20
-130.589308
 30
0.0
 11
133.723
 21
-130.549025
 31
0.0
  0
LINE
  5
193C
330
1AB7
100
AcDbEntity
  8
Edge.Cuts
  6
Continuous
100
AcDbLine
 10
133.723
 20
-130.549025
 30
0.0
 11
133.649424
 21
-130.502152
 31
0.0
  0
LINE
  5
193D
330
1AB7
100
AcDbEntity
  8
Edge.Cuts
  6
Continuous
100
AcDbLine
 10
133.649424
 20
-130.502152
 30
0.0
 11
133.580212
 21
-130.449044
 31
0.0
  0
LINE
  5
193E
330
1AB7
100
AcDbEntity
  8
Edge.Cuts
  6
Continuous
100
AcDbLine
 10
133.580212
 20
-130.449044
 30
0.0
 11
133.515893
 21
-130.390107
 31
0.0
  0
LINE
  5
193F
330
1AB7
100
AcDbEntity
  8
Edge.Cuts
  6
Continuous
100
AcDbLine
 10
133.515893
 20
-130.390107
 30
0.0
 11
133.456956
 21
-130.325788
 31
0.0
  0
LINE
  5
1940
330
1AB7
100
AcDbEntity
  8
Edge.Cuts
  6
Continuous
100
AcDbLine
 10
133.456956
 20
-130.325788
 30
0.0
 11
133.403848
 21
-130.256576
 31
0.0
  0
LINE
  5
1941
330
1AB7
100
AcDbEntity
  8
Edge.Cuts
  6
Continuous
100
AcDbLine
 10
133.403848
 20
-130.256576
 30
0.0
 11
133.356975
 21
-130.183
 31
0.0
  0
LINE
  5
1942
330
1AB7
100
AcDbEntity
  8
Edge.Cuts
  6
Continuous
100
AcDbLine
 10
133.356975
 20
-130.183
 30
0.0
 11
133.316692
 21
-130.105618
 31
0.0
  0
LINE
  5
1943
330
1AB7
100
AcDbEntity
  8
Edge.Cuts
  6
Continuous
100
AcDbLine
 10
133.316692
 20
-130.105618
 30
0.0
 11
133.283307
 21
-130.02502
 31
0.0
  0
LINE
  5
1944
330
1AB7
100
AcDbEntity
  8
Edge.Cuts
  6
Continuous
100
AcDbLine
 10
133.283307
 20
-130.02502
 30
0.0
 11
133.257074
 21
-129.941819
 31
0.0
  0
LINE
  5
1945
330
1AB7
100
AcDbEntity
  8
Edge.Cuts
  6
Continuous
100
AcDbLine
 10
133.257074
 20
-129.941819
 30
0.0
 11
133.238192
 21
-129.856648
 31
0.0
  0
LINE
  5
1946
330
1AB7
100
AcDbEntity
  8
Edge.Cuts
  6
Continuous
100
AcDbLine
 10
133.238192
 20
-129.856648
 30
0.0
 11
133.226805
 21
-129.770156
 31
0.0
  0
LINE
  5
1947
330
1AB7
100
AcDbEntity
  8
Edge.Cuts
  6
Continuous
100
AcDbLine
 10
133.226805
 20
-129.770156
 30
0.0
 11
133.223
 21
-129.683
 31
0.0
  0
LINE
  5
1948
330
1AB7
100
AcDbEntity
  8
Edge.Cuts
  6
Continuous
100
AcDbLine
 10
133.223
 20
-129.683
 30
0.0
 11
133.223
 21
-126.73
 31
0.0
  0
LINE
  5
1949
330
1AB7
100
AcDbEntity
  8
Edge.Cuts
  6
Continuous
100
AcDbLine
 10
138.176
 20
-146.804
 30
0.0
 11
138.177903
 21
-146.760422
 31
0.0
  0
LINE
  5
194A
330
1AB7
100
AcDbEntity
  8
Edge.Cuts
  6
Continuous
100
AcDbLine
 10
138.177903
 20
-146.760422
 30
0.0
 11
138.183596
 21
-146.717176
 31
0.0
  0
LINE
  5
194B
330
1AB7
100
AcDbEntity
  8
Edge.Cuts
  6
Continuous
100
AcDbLine
 10
138.183596
 20
-146.717176
 30
0.0
 11
138.193037
 21
-146.67459
 31
0.0
  0
LINE
  5
194C
330
1AB7
100
AcDbEntity
  8
Edge.Cuts
  6
Continuous
100
AcDbLine
 10
138.193037
 20
-146.67459
 30
0.0
 11
138.206154
 21
-146.63299
 31
0.0
  0
LINE
  5
194D
330
1AB7
100
AcDbEntity
  8
Edge.Cuts
  6
Continuous
100
AcDbLine
 10
138.206154
 20
-146.63299
 30
0.0
 11
138.222846
 21
-146.592691
 31
0.0
  0
LINE
  5
194E
330
1AB7
100
AcDbEntity
  8
Edge.Cuts
  6
Continuous
100
AcDbLine
 10
138.222846
 20
-146.592691
 30
0.0
 11
138.242987
 21
-146.554
 31
0.0
  0
LINE
  5
194F
330
1AB7
100
AcDbEntity
  8
Edge.Cuts
  6
Continuous
100
AcDbLine
 10
138.242987
 20
-146.554
 30
0.0
 11
138.266424
 21
-146.517212
 31
0.0
  0
LINE
  5
1950
330
1AB7
100
AcDbEntity
  8
Edge.Cuts
  6
Continuous
100
AcDbLine
 10
138.266424
 20
-146.517212
 30
0.0
 11
138.292978
 21
-146.482606
 31
0.0
  0
LINE
  5
1951
330
1AB7
100
AcDbEntity
  8
Edge.Cuts
  6
Continuous
100
AcDbLine
 10
138.292978
 20
-146.482606
 30
0.0
 11
138.322447
 21
-146.450447
 31
0.0
  0
LINE
  5
1952
330
1AB7
100
AcDbEntity
  8
Edge.Cuts
  6
Continuous
100
AcDbLine
 10
138.322447
 20
-146.450447
 30
0.0
 11
138.354606
 21
-146.420978
 31
0.0
  0
LINE
  5
1953
330
1AB7
100
AcDbEntity
  8
Edge.Cuts
  6
Continuous
100
AcDbLine
 10
138.354606
 20
-146.420978
 30
0.0
 11
138.389212
 21
-146.394424
 31
0.0
  0
LINE
  5
1954
330
1AB7
100
AcDbEntity
  8
Edge.Cuts
  6
Continuous
100
AcDbLine
 10
138.389212
 20
-146.394424
 30
0.0
 11
138.426
 21
-146.370987
 31
0.0
  0
LINE
  5
1955
330
1AB7
100
AcDbEntity
  8
Edge.Cuts
  6
Continuous
100
AcDbLine
 10
138.426
 20
-146.370987
 30
0.0
 11
138.464691
 21
-146.350846
 31
0.0
  0
LINE
  5
1956
330
1AB7
100
AcDbEntity
  8
Edge.Cuts
  6
Continuous
100
AcDbLine
 10
138.464691
 20
-146.350846
 30
0.0
 11
138.50499
 21
-146.334154
 31
0.0
  0
LINE
  5
1957
330
1AB7
100
AcDbEntity
  8
Edge.Cuts
  6
Continuous
100
AcDbLine
 10
138.50499
 20
-146.334154
 30
0.0
 11
138.54659
 21
-146.321037
 31
0.0
  0
LINE
  5
1958
330
1AB7
100
AcDbEntity
  8
Edge.Cuts
  6
Continuous
100
AcDbLine
 10
138.54659
 20
-146.321037
 30
0.0
 11
138.589176
 21
-146.311596
 31
0.0
  0
LINE
  5
1959
330
1AB7
100
AcDbEntity
  8
Edge.Cuts
  6
Continuous
100
AcDbLine
 10
138.589176
 20
-146.311596
 30
0.0
 11
138.632422
 21
-146.305903
 31
0.0
  0
LINE
  5
195A
330
1AB7
100
AcDbEntity
  8
Edge.Cuts
  6
Continuous
100
AcDbLine
 10
138.632422
 20
-146.305903
 30
0.0
 11
138.676
 21
-146.304
 31
0.0
  0
LINE
  5
195B
330
1AB7
100
AcDbEntity
  8
Edge.Cuts
  6
Continuous
100
AcDbLine
 10
138.676
 20
-146.304
 30
0.0
 11
144.915
 21
-146.304
 31
0.0
  0
LINE
  5
195C
330
1AB7
100
AcDbEntity
  8
Edge.Cuts
  6
Continuous
100
AcDbLine
 10
144.915
 20
-146.304
 30
0.0
 11
144.958578
 21
-146.305903
 31
0.0
  0
LINE
  5
195D
330
1AB7
100
AcDbEntity
  8
Edge.Cuts
  6
Continuous
100
AcDbLine
 10
144.958578
 20
-146.305903
 30
0.0
 11
145.001824
 21
-146.311596
 31
0.0
  0
LINE
  5
195E
330
1AB7
100
AcDbEntity
  8
Edge.Cuts
  6
Continuous
100
AcDbLine
 10
145.001824
 20
-146.311596
 30
0.0
 11
145.04441
 21
-146.321037
 31
0.0
  0
LINE
  5
195F
330
1AB7
100
AcDbEntity
  8
Edge.Cuts
  6
Continuous
100
AcDbLine
 10
145.04441
 20
-146.321037
 30
0.0
 11
145.08601
 21
-146.334154
 31
0.0
  0
LINE
  5
1960
330
1AB7
100
AcDbEntity
  8
Edge.Cuts
  6
Continuous
100
AcDbLine
 10
145.08601
 20
-146.334154
 30
0.0
 11
145.126309
 21
-146.350846
 31
0.0
  0
LINE
  5
1961
330
1AB7
100
AcDbEntity
  8
Edge.Cuts
  6
Continuous
100
AcDbLine
 10
145.126309
 20
-146.350846
 30
0.0
 11
145.165
 21
-146.370987
 31
0.0
  0
LINE
  5
1962
330
1AB7
100
AcDbEntity
  8
Edge.Cuts
  6
Continuous
100
AcDbLine
 10
145.165
 20
-146.370987
 30
0.0
 11
145.201788
 21
-146.394424
 31
0.0
  0
LINE
  5
1963
330
1AB7
100
AcDbEntity
  8
Edge.Cuts
  6
Continuous
100
AcDbLine
 10
145.201788
 20
-146.394424
 30
0.0
 11
145.236394
 21
-146.420978
 31
0.0
  0
LINE
  5
1964
330
1AB7
100
AcDbEntity
  8
Edge.Cuts
  6
Continuous
100
AcDbLine
 10
145.236394
 20
-146.420978
 30
0.0
 11
145.268553
 21
-146.450447
 31
0.0
  0
LINE
  5
1965
330
1AB7
100
AcDbEntity
  8
Edge.Cuts
  6
Continuous
100
AcDbLine
 10
145.268553
 20
-146.450447
 30
0.0
 11
145.298022
 21
-146.482606
 31
0.0
  0
LINE
  5
1966
330
1AB7
100
AcDbEntity
  8
Edge.Cuts
  6
Continuous
100
AcDbLine
 10
145.298022
 20
-146.482606
 30
0.0
 11
145.324576
 21
-146.517212
 31
0.0
  0
LINE
  5
1967
330
1AB7
100
AcDbEntity
  8
Edge.Cuts
  6
Continuous
100
AcDbLine
 10
145.324576
 20
-146.517212
 30
0.0
 11
145.348013
 21
-146.554
 31
0.0
  0
LINE
  5
1968
330
1AB7
100
AcDbEntity
  8
Edge.Cuts
  6
Continuous
100
AcDbLine
 10
145.348013
 20
-146.554
 30
0.0
 11
145.368154
 21
-146.592691
 31
0.0
  0
LINE
  5
1969
330
1AB7
100
AcDbEntity
  8
Edge.Cuts
  6
Continuous
100
AcDbLine
 10
145.368154
 20
-146.592691
 30
0.0
 11
145.384846
 21
-146.63299
 31
0.0
  0
LINE
  5
196A
330
1AB7
100
AcDbEntity
  8
Edge.Cuts
  6
Continuous
100
AcDbLine
 10
145.384846
 20
-146.63299
 30
0.0
 11
145.397963
 21
-146.67459
 31
0.0
  0
LINE
  5
196B
330
1AB7
100
AcDbEntity
  8
Edge.Cuts
  6
Continuous
100
AcDbLine
 10
145.397963
 20
-146.67459
 30
0.0
 11
145.407404
 21
-146.717176
 31
0.0
  0
LINE
  5
196C
330
1AB7
100
AcDbEntity
  8
Edge.Cuts
  6
Continuous
100
AcDbLine
 10
145.407404
 20
-146.717176
 30
0.0
 11
145.413097
 21
-146.760422
 31
0.0
  0
LINE
  5
196D
330
1AB7
100
AcDbEntity
  8
Edge.Cuts
  6
Continuous
100
AcDbLine
 10
145.413097
 20
-146.760422
 30
0.0
 11
145.415
 21
-146.804
 31
0.0
  0
LINE
  5
196E
330
1AB7
100
AcDbEntity
  8
Edge.Cuts
  6
Continuous
100
AcDbLine
 10
145.415
 20
-146.804
 30
0.0
 11
145.415
 21
-147.963
 31
0.0
  0
LINE
  5
196F
330
1AB7
100
AcDbEntity
  8
Edge.Cuts
  6
Continuous
100
AcDbLine
 10
145.415
 20
-147.963
 30
0.0
 11
145.413097
 21
-148.006578
 31
0.0
  0
LINE
  5
1970
330
1AB7
100
AcDbEntity
  8
Edge.Cuts
  6
Continuous
100
AcDbLine
 10
145.413097
 20
-148.006578
 30
0.0
 11
145.407404
 21
-148.049824
 31
0.0
  0
LINE
  5
1971
330
1AB7
100
AcDbEntity
  8
Edge.Cuts
  6
Continuous
100
AcDbLine
 10
145.407404
 20
-148.049824
 30
0.0
 11
145.397963
 21
-148.09241
 31
0.0
  0
LINE
  5
1972
330
1AB7
100
AcDbEntity
  8
Edge.Cuts
  6
Continuous
100
AcDbLine
 10
145.397963
 20
-148.09241
 30
0.0
 11
145.384846
 21
-148.13401
 31
0.0
  0
LINE
  5
1973
330
1AB7
100
AcDbEntity
  8
Edge.Cuts
  6
Continuous
100
AcDbLine
 10
145.384846
 20
-148.13401
 30
0.0
 11
145.368154
 21
-148.174309
 31
0.0
  0
LINE
  5
1974
330
1AB7
100
AcDbEntity
  8
Edge.Cuts
  6
Continuous
100
AcDbLine
 10
145.368154
 20
-148.174309
 30
0.0
 11
145.348013
 21
-148.213
 31
0.0
  0
LINE
  5
1975
330
1AB7
100
AcDbEntity
  8
Edge.Cuts
  6
Continuous
100
AcDbLine
 10
145.348013
 20
-148.213
 30
0.0
 11
145.324576
 21
-148.249788
 31
0.0
  0
LINE
  5
1976
330
1AB7
100
AcDbEntity
  8
Edge.Cuts
  6
Continuous
100
AcDbLine
 10
145.324576
 20
-148.249788
 30
0.0
 11
145.298022
 21
-148.284394
 31
0.0
  0
LINE
  5
1977
330
1AB7
100
AcDbEntity
  8
Edge.Cuts
  6
Continuous
100
AcDbLine
 10
145.298022
 20
-148.284394
 30
0.0
 11
145.268553
 21
-148.316553
 31
0.0
  0
LINE
  5
1978
330
1AB7
100
AcDbEntity
  8
Edge.Cuts
  6
Continuous
100
AcDbLine
 10
145.268553
 20
-148.316553
 30
0.0
 11
145.236394
 21
-148.346022
 31
0.0
  0
LINE
  5
1979
330
1AB7
100
AcDbEntity
  8
Edge.Cuts
  6
Continuous
100
AcDbLine
 10
145.236394
 20
-148.346022
 30
0.0
 11
145.201788
 21
-148.372576
 31
0.0
  0
LINE
  5
197A
330
1AB7
100
AcDbEntity
  8
Edge.Cuts
  6
Continuous
100
AcDbLine
 10
145.201788
 20
-148.372576
 30
0.0
 11
145.165
 21
-148.396013
 31
0.0
  0
LINE
  5
197B
330
1AB7
100
AcDbEntity
  8
Edge.Cuts
  6
Continuous
100
AcDbLine
 10
145.165
 20
-148.396013
 30
0.0
 11
145.126309
 21
-148.416154
 31
0.0
  0
LINE
  5
197C
330
1AB7
100
AcDbEntity
  8
Edge.Cuts
  6
Continuous
100
AcDbLine
 10
145.126309
 20
-148.416154
 30
0.0
 11
145.08601
 21
-148.432846
 31
0.0
  0
LINE
  5
197D
330
1AB7
100
AcDbEntity
  8
Edge.Cuts
  6
Continuous
100
AcDbLine
 10
145.08601
 20
-148.432846
 30
0.0
 11
145.04441
 21
-148.445963
 31
0.0
  0
LINE
  5
197E
330
1AB7
100
AcDbEntity
  8
Edge.Cuts
  6
Continuous
100
AcDbLine
 10
145.04441
 20
-148.445963
 30
0.0
 11
145.001824
 21
-148.455404
 31
0.0
  0
LINE
  5
197F
330
1AB7
100
AcDbEntity
  8
Edge.Cuts
  6
Continuous
100
AcDbLine
 10
145.001824
 20
-148.455404
 30
0.0
 11
144.958578
 21
-148.461097
 31
0.0
  0
LINE
  5
1980
330
1AB7
100
AcDbEntity
  8
Edge.Cuts
  6
Continuous
100
AcDbLine
 10
144.958578
 20
-148.461097
 30
0.0
 11
144.915
 21
-148.463
 31
0.0
  0
LINE
  5
1981
330
1AB7
100
AcDbEntity
  8
Edge.Cuts
  6
Continuous
100
AcDbLine
 10
144.915
 20
-148.463
 30
0.0
 11
138.676
 21
-148.463
 31
0.0
  0
LINE
  5
1982
330
1AB7
100
AcDbEntity
  8
Edge.Cuts
  6
Continuous
100
AcDbLine
 10
138.676
 20
-148.463
 30
0.0
 11
138.632422
 21
-148.461097
 31
0.0
  0
LINE
  5
1983
330
1AB7
100
AcDbEntity
  8
Edge.Cuts
  6
Continuous
100
AcDbLine
 10
138.632422
 20
-148.461097
 30
0.0
 11
138.589176
 21
-148.455404
 31
0.0
  0
LINE
  5
1984
330
1AB7
100
AcDbEntity
  8
Edge.Cuts
  6
Continuous
100
AcDbLine
 10
138.589176
 20
-148.455404
 30
0.0
 11
138.54659
 21
-148.445963
 31
0.0
  0
LINE
  5
1985
330
1AB7
100
AcDbEntity
  8
Edge.Cuts
  6
Continuous
100
AcDbLine
 10
138.54659
 20
-148.445963
 30
0.0
 11
138.50499
 21
-148.432846
 31
0.0
  0
LINE
  5
1986
330
1AB7
100
AcDbEntity
  8
Edge.Cuts
  6
Continuous
100
AcDbLine
 10
138.50499
 20
-148.432846
 30
0.0
 11
138.464691
 21
-148.416154
 31
0.0
  0
LINE
  5
1987
330
1AB7
100
AcDbEntity
  8
Edge.Cuts
  6
Continuous
100
AcDbLine
 10
138.464691
 20
-148.416154
 30
0.0
 11
138.426
 21
-148.396013
 31
0.0
  0
LINE
  5
1988
330
1AB7
100
AcDbEntity
  8
Edge.Cuts
  6
Continuous
100
AcDbLine
 10
138.426
 20
-148.396013
 30
0.0
 11
138.389212
 21
-148.372576
 31
0.0
  0
LINE
  5
1989
330
1AB7
100
AcDbEntity
  8
Edge.Cuts
  6
Continuous
100
AcDbLine
 10
138.389212
 20
-148.372576
 30
0.0
 11
138.354606
 21
-148.346022
 31
0.0
  0
LINE
  5
198A
330
1AB7
100
AcDbEntity
  8
Edge.Cuts
  6
Continuous
100
AcDbLine
 10
138.354606
 20
-148.346022
 30
0.0
 11
138.322447
 21
-148.316553
 31
0.0
  0
LINE
  5
198B
330
1AB7
100
AcDbEntity
  8
Edge.Cuts
  6
Continuous
100
AcDbLine
 10
138.322447
 20
-148.316553
 30
0.0
 11
138.292978
 21
-148.284394
 31
0.0
  0
LINE
  5
198C
330
1AB7
100
AcDbEntity
  8
Edge.Cuts
  6
Continuous
100
AcDbLine
 10
138.292978
 20
-148.284394
 30
0.0
 11
138.266424
 21
-148.249788
 31
0.0
  0
LINE
  5
198D
330
1AB7
100
AcDbEntity
  8
Edge.Cuts
  6
Continuous
100
AcDbLine
 10
138.266424
 20
-148.249788
 30
0.0
 11
138.242987
 21
-148.213
 31
0.0
  0
LINE
  5
198E
330
1AB7
100
AcDbEntity
  8
Edge.Cuts
  6
Continuous
100
AcDbLine
 10
138.242987
 20
-148.213
 30
0.0
 11
138.222846
 21
-148.174309
 31
0.0
  0
LINE
  5
198F
330
1AB7
100
AcDbEntity
  8
Edge.Cuts
  6
Continuous
100
AcDbLine
 10
138.222846
 20
-148.174309
 30
0.0
 11
138.206154
 21
-148.13401
 31
0.0
  0
LINE
  5
1990
330
1AB7
100
AcDbEntity
  8
Edge.Cuts
  6
Continuous
100
AcDbLine
 10
138.206154
 20
-148.13401
 30
0.0
 11
138.193037
 21
-148.09241
 31
0.0
  0
LINE
  5
1991
330
1AB7
100
AcDbEntity
  8
Edge.Cuts
  6
Continuous
100
AcDbLine
 10
138.193037
 20
-148.09241
 30
0.0
 11
138.183596
 21
-148.049824
 31
0.0
  0
LINE
  5
1992
330
1AB7
100
AcDbEntity
  8
Edge.Cuts
  6
Continuous
100
AcDbLine
 10
138.183596
 20
-148.049824
 30
0.0
 11
138.177903
 21
-148.006578
 31
0.0
  0
LINE
  5
1993
330
1AB7
100
AcDbEntity
  8
Edge.Cuts
  6
Continuous
100
AcDbLine
 10
138.177903
 20
-148.006578
 30
0.0
 11
138.176
 21
-147.963
 31
0.0
  0
LINE
  5
1994
330
1AB7
100
AcDbEntity
  8
Edge.Cuts
  6
Continuous
100
AcDbLine
 10
138.176
 20
-147.963
 30
0.0
 11
138.176
 21
-146.804
 31
0.0
  0
LINE
  5
1995
330
1AB7
100
AcDbEntity
  8
Edge.Cuts
  6
Continuous
100
AcDbLine
 10
150.420551
 20
-40.386
 30
0.0
 11
44.471212
 21
-40.402624
 31
0.0
  0
LINE
  5
1996
330
1AB7
100
AcDbEntity
  8
Edge.Cuts
  6
Continuous
100
AcDbLine
 10
159.2925
 20
-105.918
 30
0.0
 11
159.2925
 21
-114.676
 31
0.0
  0
ARC
  5
1997
330
1AB7
100
AcDbEntity
  8
Edge.Cuts
100
AcDbCircle
 10
165.7358
 20
-105.8939
 30
0.0
 40
6.443345070691154
100
AcDbArc
 50
89.99950203999998
 51
180.21430352
  0
ARC
  5
1998
330
1AB7
100
AcDbEntity
  8
Edge.Cuts
100
AcDbCircle
 10
155.2914
 20
-163.6388
 30
0.0
 40
4.001161770822194
100
AcDbArc
 50
269.86996349
 51
359.6816265599999
  0
LINE
  5
1999
330
1AB7
100
AcDbEntity
  8
Edge.Cuts
  6
Continuous
100
AcDbLine
 10
159.2925
 20
-163.661033
 30
0.0
 11
159.2925
 21
-114.676
 31
0.0
  0
LINE
  5
199A
330
1AB7
100
AcDbEntity
  8
Edge.Cuts
  6
Continuous
100
AcDbLine
 10
172.339
 20
-92.583
 30
0.0
 11
205.613
 21
-92.583
 31
0.0
  0
LINE
  5
199B
330
1AB7
100
AcDbEntity
  8
Edge.Cuts
  6
Continuous
100
AcDbLine
 10
205.613
 20
-92.583
 30
0.0
 11
205.613
 21
-99.43595027405487
 31
0.0
  0
LINE
  5
1A98
330
1AB7
100
AcDbEntity
  8
Edge.Cuts
  6
Continuous
100
AcDbLine
 10
205.613
 20
-99.43595027405487
 30
0.0
 11
213.9072569993171
 21
-99.43285525033531
 31
0.0
  0
LINE
  5
1A99
330
1AB7
100
AcDbEntity
  8
Edge.Cuts
  6
Continuous
100
AcDbLine
 10
165.7333955310145
 20
-99.45055577164189
 30
0.0
 11
172.339
 21
-99.44809075184581
 31
0.0
  0
LINE
  5
199D
330
1AB7
100
AcDbEntity
  8
Edge.Cuts
  6
Continuous
100
AcDbLine
 10
172.339
 20
-99.44809075184581
 30
0.0
 11
172.339
 21
-92.583
 31
0.0
  0
LINE
  5
199E
330
1AB7
100
AcDbEntity
  8
Edge.Cuts
  6
Continuous
100
AcDbLine
 10
213.9025
 20
-40.386
 30
0.0
 11
150.420551
 21
-40.386
 31
0.0
  0
ARC
  5
199F
330
1AB7
100
AcDbEntity
  8
Edge.Cuts
100
AcDbCircle
 10
213.9266
 20
-46.8332
 30
0.0
 40
6.447245043427463
100
AcDbArc
 50
359.7728755200001
 51
90.21417388
  0
ARC
  5
19A1
330
1AB7
100
AcDbEntity
  8
Edge.Cuts
100
AcDbCircle
 10
213.9072
 20
-92.9858
 30
0.0
 40
6.447055250587279
100
AcDbArc
 50
270.00050656
 51
0.21466898
  0
LINE
  5
19A2
330
1AB7
100
AcDbEntity
  8
Edge.Cuts
  6
Continuous
100
AcDbLine
 10
220.35421
 20
-92.96164499999999
 30
0.0
 11
220.373728
 21
-46.858757
 31
0.0
  0
LINE
  5
19A3
330
1AB7
100
AcDbEntity
  8
Edge.Cuts
  6
Continuous
100
AcDbLine
 10
44.06225
 20
-73.99000099999999
 30
0.0
 11
44.06225
 21
-86.99000099999999
 31
0.0
  0
LINE
  5
19A4
330
1AB7
100
AcDbEntity
  8
Edge.Cuts
  6
Continuous
100
AcDbLine
 10
44.56225
 20
-73.49000099999999
 30
0.0
 11
50.31225
 21
-73.49000099999999
 31
0.0
  0
LINE
  5
19A5
330
1AB7
100
AcDbEntity
  8
Edge.Cuts
  6
Continuous
100
AcDbLine
 10
44.56225
 20
-87.49000099999999
 30
0.0
 11
50.31225
 21
-87.49000099999999
 31
0.0
  0
LINE
  5
19A6
330
1AB7
100
AcDbEntity
  8
Edge.Cuts
  6
Continuous
100
AcDbLine
 10
50.81225
 20
-73.99000099999999
 30
0.0
 11
50.81225
 21
-86.99000099999999
 31
0.0
  0
LINE
  5
19A7
330
1AB7
100
AcDbEntity
  8
Edge.Cuts
  6
Continuous
100
AcDbLine
 10
52.3435
 20
-72.99
 30
0.0
 11
52.3435
 21
-85.99
 31
0.0
  0
LINE
  5
19A8
330
1AB7
100
AcDbEntity
  8
Edge.Cuts
  6
Continuous
100
AcDbLine
 10
52.8435
 20
-86.49
 30
0.0
 11
65.84349999999999
 21
-86.49
 31
0.0
  0
LINE
  5
19A9
330
1AB7
100
AcDbEntity
  8
Edge.Cuts
  6
Continuous
100
AcDbLine
 10
65.84349999999999
 20
-72.49
 30
0.0
 11
52.8435
 21
-72.49
 31
0.0
  0
LINE
  5
19AA
330
1AB7
100
AcDbEntity
  8
Edge.Cuts
  6
Continuous
100
AcDbLine
 10
66.34349999999999
 20
-85.99
 30
0.0
 11
66.34349999999999
 21
-72.99
 31
0.0
  0
LINE
  5
19AB
330
1AB7
100
AcDbEntity
  8
Edge.Cuts
  6
Continuous
100
AcDbLine
 10
67.87474999999999
 20
-73.99000099999999
 30
0.0
 11
67.87474999999999
 21
-86.99000099999999
 31
0.0
  0
LINE
  5
19AC
330
1AB7
100
AcDbEntity
  8
Edge.Cuts
  6
Continuous
100
AcDbLine
 10
68.37474999999999
 20
-73.49000099999999
 30
0.0
 11
74.123539
 21
-73.49000099999999
 31
0.0
  0
LINE
  5
19AD
330
1AB7
100
AcDbEntity
  8
Edge.Cuts
  6
Continuous
100
AcDbLine
 10
68.37474999999999
 20
-87.49000099999999
 30
0.0
 11
74.12474999999999
 21
-87.49000099999999
 31
0.0
  0
LINE
  5
19AE
330
1AB7
100
AcDbEntity
  8
Edge.Cuts
  6
Continuous
100
AcDbLine
 10
74.623539
 20
-73.99000099999999
 30
0.0
 11
74.62474999999999
 21
-86.99000099999999
 31
0.0
  0
ARC
  5
19AF
330
1AB7
100
AcDbEntity
  8
Edge.Cuts
100
AcDbCircle
 10
44.562251
 20
-73.99000199999999
 30
0.0
 40
0.500001000001
100
AcDbArc
 50
90.00011459
 51
179.99988541
  0
ARC
  5
19B0
330
1AB7
100
AcDbEntity
  8
Edge.Cuts
100
AcDbCircle
 10
44.562251
 20
-86.99
 30
0.0
 40
0.500001000001
100
AcDbArc
 50
180.00011459
 51
269.99988541
  0
ARC
  5
19B1
330
1AB7
100
AcDbEntity
  8
Edge.Cuts
100
AcDbCircle
 10
50.31224899999999
 20
-73.99000199999999
 30
0.0
 40
0.500001000001
100
AcDbArc
 50
0.00011459
 51
89.99988541
  0
ARC
  5
19B2
330
1AB7
100
AcDbEntity
  8
Edge.Cuts
100
AcDbCircle
 10
50.31224899999999
 20
-86.99
 30
0.0
 40
0.500001000001
100
AcDbArc
 50
270.00011459
 51
359.99988541
  0
ARC
  5
19B3
330
1AB7
100
AcDbEntity
  8
Edge.Cuts
100
AcDbCircle
 10
52.843501
 20
-72.99000099999999
 30
0.0
 40
0.500001000001
100
AcDbArc
 50
90.00011459
 51
179.99988541
  0
ARC
  5
19B4
330
1AB7
100
AcDbEntity
  8
Edge.Cuts
100
AcDbCircle
 10
52.846265
 20
-85.988883
 30
0.0
 40
0.500001000001
100
AcDbArc
 50
180.00011459
 51
269.99988541
  0
ARC
  5
19B5
330
1AB7
100
AcDbEntity
  8
Edge.Cuts
100
AcDbCircle
 10
65.84349999999999
 20
-72.99
 30
0.0
 40
0.5
100
AcDbArc
 50
0.0
 51
90.0
  0
ARC
  5
19B6
330
1AB7
100
AcDbEntity
  8
Edge.Cuts
100
AcDbCircle
 10
65.84349999999999
 20
-85.99
 30
0.0
 40
0.5
100
AcDbArc
 50
270.0
 51
0.0
  0
ARC
  5
19B7
330
1AB7
100
AcDbEntity
  8
Edge.Cuts
100
AcDbCircle
 10
68.3748
 20
-73.99
 30
0.0
 40
0.5000500000009999
100
AcDbArc
 50
90.00572959
 51
180.00011458
  0
ARC
  5
19B8
330
1AB7
100
AcDbEntity
  8
Edge.Cuts
100
AcDbCircle
 10
68.3748
 20
-86.99
 30
0.0
 40
0.500001002499995
100
AcDbArc
 50
180.00011458
 51
269.99427043
  0
ARC
  5
19B9
330
1AB7
100
AcDbEntity
  8
Edge.Cuts
100
AcDbCircle
 10
74.12349999999999
 20
-73.99
 30
0.0
 40
0.499999001521003
100
AcDbArc
 50
359.9998854199999
 51
89.99553092
  0
ARC
  5
19BA
330
1AB7
100
AcDbEntity
  8
Edge.Cuts
100
AcDbCircle
 10
74.12469999999999
 20
-86.99
 30
0.0
 40
0.5000500000009999
100
AcDbArc
 50
270.00572957
 51
359.9998854199999
  0
LINE
  5
19BB
330
1AB7
100
AcDbEntity
  8
Edge.Cuts
  6
Continuous
100
AcDbLine
 10
42.8185
 20
-92.03999999999999
 30
0.0
 11
42.8185
 21
-105.04
 31
0.0
  0
LINE
  5
19BC
330
1AB7
100
AcDbEntity
  8
Edge.Cuts
  6
Continuous
100
AcDbLine
 10
43.3185
 20
-105.54
 30
0.0
 11
56.3185
 21
-105.54
 31
0.0
  0
LINE
  5
19BD
330
1AB7
100
AcDbEntity
  8
Edge.Cuts
  6
Continuous
100
AcDbLine
 10
56.3185
 20
-91.53999999999999
 30
0.0
 11
43.3185
 21
-91.53999999999999
 31
0.0
  0
LINE
  5
19BE
330
1AB7
100
AcDbEntity
  8
Edge.Cuts
  6
Continuous
100
AcDbLine
 10
56.8185
 20
-105.04
 30
0.0
 11
56.8185
 21
-92.03999999999999
 31
0.0
  0
ARC
  5
19BF
330
1AB7
100
AcDbEntity
  8
Edge.Cuts
100
AcDbCircle
 10
43.318501
 20
-92.04000099999999
 30
0.0
 40
0.500001000001
100
AcDbArc
 50
90.00011459
 51
179.99988541
  0
ARC
  5
19C0
330
1AB7
100
AcDbEntity
  8
Edge.Cuts
100
AcDbCircle
 10
43.321265
 20
-105.038883
 30
0.0
 40
0.500001000001
100
AcDbArc
 50
180.00011459
 51
269.99988541
  0
ARC
  5
19C1
330
1AB7
100
AcDbEntity
  8
Edge.Cuts
100
AcDbCircle
 10
56.3185
 20
-92.03999999999999
 30
0.0
 40
0.5
100
AcDbArc
 50
0.0
 51
90.0
  0
ARC
  5
19C2
330
1AB7
100
AcDbEntity
  8
Edge.Cuts
100
AcDbCircle
 10
56.3185
 20
-105.04
 30
0.0
 40
0.5
100
AcDbArc
 50
270.0
 51
0.0
  0
LINE
  5
19C3
330
1AB7
100
AcDbEntity
  8
Edge.Cuts
  6
Continuous
100
AcDbLine
 10
42.8185
 20
-149.19
 30
0.0
 11
42.8185
 21
-162.19
 31
0.0
  0
LINE
  5
19C4
330
1AB7
100
AcDbEntity
  8
Edge.Cuts
  6
Continuous
100
AcDbLine
 10
43.3185
 20
-162.69
 30
0.0
 11
56.3185
 21
-162.69
 31
0.0
  0
LINE
  5
19C5
330
1AB7
100
AcDbEntity
  8
Edge.Cuts
  6
Continuous
100
AcDbLine
 10
56.3185
 20
-148.69
 30
0.0
 11
43.3185
 21
-148.69
 31
0.0
  0
LINE
  5
19C6
330
1AB7
100
AcDbEntity
  8
Edge.Cuts
  6
Continuous
100
AcDbLine
 10
56.8185
 20
-162.19
 30
0.0
 11
56.8185
 21
-149.19
 31
0.0
  0
ARC
  5
19C7
330
1AB7
100
AcDbEntity
  8
Edge.Cuts
100
AcDbCircle
 10
43.318501
 20
-149.190001
 30
0.0
 40
0.500001000001
100
AcDbArc
 50
90.00011459
 51
179.99988541
  0
ARC
  5
19C8
330
1AB7
100
AcDbEntity
  8
Edge.Cuts
100
AcDbCircle
 10
43.321265
 20
-162.188883
 30
0.0
 40
0.500001000001
100
AcDbArc
 50
180.00011459
 51
269.99988541
  0
ARC
  5
19C9
330
1AB7
100
AcDbEntity
  8
Edge.Cuts
100
AcDbCircle
 10
56.3185
 20
-149.19
 30
0.0
 40
0.5
100
AcDbArc
 50
0.0
 51
90.0
  0
ARC
  5
19CA
330
1AB7
100
AcDbEntity
  8
Edge.Cuts
100
AcDbCircle
 10
56.3185
 20
-162.19
 30
0.0
 40
0.5
100
AcDbArc
 50
270.0
 51
0.0
  0
LINE
  5
19CB
330
1AB7
100
AcDbEntity
  8
Edge.Cuts
  6
Continuous
100
AcDbLine
 10
42.8185
 20
-130.14
 30
0.0
 11
42.8185
 21
-143.14
 31
0.0
  0
LINE
  5
19CC
330
1AB7
100
AcDbEntity
  8
Edge.Cuts
  6
Continuous
100
AcDbLine
 10
43.3185
 20
-143.64
 30
0.0
 11
56.3185
 21
-143.64
 31
0.0
  0
LINE
  5
19CD
330
1AB7
100
AcDbEntity
  8
Edge.Cuts
  6
Continuous
100
AcDbLine
 10
56.3185
 20
-129.64
 30
0.0
 11
43.3185
 21
-129.64
 31
0.0
  0
LINE
  5
19CE
330
1AB7
100
AcDbEntity
  8
Edge.Cuts
  6
Continuous
100
AcDbLine
 10
56.8185
 20
-143.14
 30
0.0
 11
56.8185
 21
-130.14
 31
0.0
  0
ARC
  5
19CF
330
1AB7
100
AcDbEntity
  8
Edge.Cuts
100
AcDbCircle
 10
43.318501
 20
-130.140001
 30
0.0
 40
0.500001000001
100
AcDbArc
 50
90.00011459
 51
179.99988541
  0
ARC
  5
19D0
330
1AB7
100
AcDbEntity
  8
Edge.Cuts
100
AcDbCircle
 10
43.321265
 20
-143.138883
 30
0.0
 40
0.500001000001
100
AcDbArc
 50
180.00011459
 51
269.99988541
  0
ARC
  5
19D1
330
1AB7
100
AcDbEntity
  8
Edge.Cuts
100
AcDbCircle
 10
56.3185
 20
-130.14
 30
0.0
 40
0.5
100
AcDbArc
 50
0.0
 51
90.0
  0
ARC
  5
19D2
330
1AB7
100
AcDbEntity
  8
Edge.Cuts
100
AcDbCircle
 10
56.3185
 20
-143.14
 30
0.0
 40
0.5
100
AcDbArc
 50
270.0
 51
0.0
  0
LINE
  5
19D3
330
1AB7
100
AcDbEntity
  8
Edge.Cuts
  6
Continuous
100
AcDbLine
 10
182.4677
 20
-71.46
 30
0.0
 11
182.4677
 21
-84.46
 31
0.0
  0
LINE
  5
19D4
330
1AB7
100
AcDbEntity
  8
Edge.Cuts
  6
Continuous
100
AcDbLine
 10
182.9677
 20
-84.96
 30
0.0
 11
195.9677
 21
-84.96
 31
0.0
  0
LINE
  5
19D5
330
1AB7
100
AcDbEntity
  8
Edge.Cuts
  6
Continuous
100
AcDbLine
 10
195.9677
 20
-70.96
 30
0.0
 11
182.9677
 21
-70.96
 31
0.0
  0
LINE
  5
19D6
330
1AB7
100
AcDbEntity
  8
Edge.Cuts
  6
Continuous
100
AcDbLine
 10
196.4677
 20
-84.46
 30
0.0
 11
196.4677
 21
-71.46
 31
0.0
  0
ARC
  5
19D7
330
1AB7
100
AcDbEntity
  8
Edge.Cuts
100
AcDbCircle
 10
182.967701
 20
-71.46000099999999
 30
0.0
 40
0.500001000001
100
AcDbArc
 50
90.00011459
 51
179.99988541
  0
ARC
  5
19D8
330
1AB7
100
AcDbEntity
  8
Edge.Cuts
100
AcDbCircle
 10
182.970465
 20
-84.458883
 30
0.0
 40
0.500001000001
100
AcDbArc
 50
180.00011459
 51
269.99988541
  0
ARC
  5
19D9
330
1AB7
100
AcDbEntity
  8
Edge.Cuts
100
AcDbCircle
 10
195.9677
 20
-71.46
 30
0.0
 40
0.5
100
AcDbArc
 50
0.0
 51
90.0
  0
ARC
  5
19DA
330
1AB7
100
AcDbEntity
  8
Edge.Cuts
100
AcDbCircle
 10
195.9677
 20
-84.46
 30
0.0
 40
0.5
100
AcDbArc
 50
270.0
 51
0.0
  0
LINE
  5
19DB
330
1AB7
100
AcDbEntity
  8
Edge.Cuts
  6
Continuous
100
AcDbLine
 10
99.96849999999999
 20
-92.03999999999999
 30
0.0
 11
99.96849999999999
 21
-105.04
 31
0.0
  0
LINE
  5
19DC
330
1AB7
100
AcDbEntity
  8
Edge.Cuts
  6
Continuous
100
AcDbLine
 10
100.4685
 20
-105.54
 30
0.0
 11
113.4685
 21
-105.54
 31
0.0
  0
LINE
  5
19DD
330
1AB7
100
AcDbEntity
  8
Edge.Cuts
  6
Continuous
100
AcDbLine
 10
113.4685
 20
-91.53999999999999
 30
0.0
 11
100.4685
 21
-91.53999999999999
 31
0.0
  0
LINE
  5
19DE
330
1AB7
100
AcDbEntity
  8
Edge.Cuts
  6
Continuous
100
AcDbLine
 10
113.9685
 20
-105.04
 30
0.0
 11
113.9685
 21
-92.03999999999999
 31
0.0
  0
ARC
  5
19DF
330
1AB7
100
AcDbEntity
  8
Edge.Cuts
100
AcDbCircle
 10
100.468501
 20
-92.04000099999999
 30
0.0
 40
0.500001000001
100
AcDbArc
 50
90.00011459
 51
179.99988541
  0
ARC
  5
19E0
330
1AB7
100
AcDbEntity
  8
Edge.Cuts
100
AcDbCircle
 10
100.471265
 20
-105.038883
 30
0.0
 40
0.500001000001
100
AcDbArc
 50
180.00011459
 51
269.99988541
  0
ARC
  5
19E1
330
1AB7
100
AcDbEntity
  8
Edge.Cuts
100
AcDbCircle
 10
113.4685
 20
-92.03999999999999
 30
0.0
 40
0.5
100
AcDbArc
 50
0.0
 51
90.0
  0
ARC
  5
19E2
330
1AB7
100
AcDbEntity
  8
Edge.Cuts
100
AcDbCircle
 10
113.4685
 20
-105.04
 30
0.0
 40
0.5
100
AcDbArc
 50
270.0
 51
0.0
  0
LINE
  5
19E3
330
1AB7
100
AcDbEntity
  8
Edge.Cuts
  6
Continuous
100
AcDbLine
 10
196.7425
 20
-44.3
 30
0.0
 11
196.7425
 21
-57.3
 31
0.0
  0
LINE
  5
19E4
330
1AB7
100
AcDbEntity
  8
Edge.Cuts
  6
Continuous
100
AcDbLine
 10
197.2425
 20
-57.8
 30
0.0
 11
210.2425
 21
-57.8
 31
0.0
  0
LINE
  5
19E5
330
1AB7
100
AcDbEntity
  8
Edge.Cuts
  6
Continuous
100
AcDbLine
 10
210.2425
 20
-43.8
 30
0.0
 11
197.2425
 21
-43.8
 31
0.0
  0
LINE
  5
19E6
330
1AB7
100
AcDbEntity
  8
Edge.Cuts
  6
Continuous
100
AcDbLine
 10
210.7425
 20
-57.3
 30
0.0
 11
210.7425
 21
-44.3
 31
0.0
  0
ARC
  5
19E7
330
1AB7
100
AcDbEntity
  8
Edge.Cuts
100
AcDbCircle
 10
197.242501
 20
-44.30000099999999
 30
0.0
 40
0.500001000001
100
AcDbArc
 50
90.00011459
 51
179.99988541
  0
ARC
  5
19E8
330
1AB7
100
AcDbEntity
  8
Edge.Cuts
100
AcDbCircle
 10
197.245265
 20
-57.298883
 30
0.0
 40
0.500001000001
100
AcDbArc
 50
180.00011459
 51
269.99988541
  0
ARC
  5
19E9
330
1AB7
100
AcDbEntity
  8
Edge.Cuts
100
AcDbCircle
 10
210.2425
 20
-44.3
 30
0.0
 40
0.5
100
AcDbArc
 50
0.0
 51
90.0
  0
ARC
  5
19EA
330
1AB7
100
AcDbEntity
  8
Edge.Cuts
100
AcDbCircle
 10
210.2425
 20
-57.3
 30
0.0
 40
0.5
100
AcDbArc
 50
270.0
 51
0.0
  0
LINE
  5
19EB
330
1AB7
100
AcDbEntity
  8
Edge.Cuts
  6
Continuous
100
AcDbLine
 10
201.5177
 20
-71.46
 30
0.0
 11
201.5177
 21
-84.46
 31
0.0
  0
LINE
  5
19EC
330
1AB7
100
AcDbEntity
  8
Edge.Cuts
  6
Continuous
100
AcDbLine
 10
202.0177
 20
-84.96
 30
0.0
 11
215.0177
 21
-84.96
 31
0.0
  0
LINE
  5
19ED
330
1AB7
100
AcDbEntity
  8
Edge.Cuts
  6
Continuous
100
AcDbLine
 10
215.0177
 20
-70.96
 30
0.0
 11
202.0177
 21
-70.96
 31
0.0
  0
LINE
  5
19EE
330
1AB7
100
AcDbEntity
  8
Edge.Cuts
  6
Continuous
100
AcDbLine
 10
215.5177
 20
-84.46
 30
0.0
 11
215.5177
 21
-71.46
 31
0.0
  0
ARC
  5
19EF
330
1AB7
100
AcDbEntity
  8
Edge.Cuts
100
AcDbCircle
 10
202.017701
 20
-71.46000099999999
 30
0.0
 40
0.500001000001
100
AcDbArc
 50
90.00011459
 51
179.99988541
  0
ARC
  5
19F0
330
1AB7
100
AcDbEntity
  8
Edge.Cuts
100
AcDbCircle
 10
202.020465
 20
-84.458883
 30
0.0
 40
0.500001000001
100
AcDbArc
 50
180.00011459
 51
269.99988541
  0
ARC
  5
19F1
330
1AB7
100
AcDbEntity
  8
Edge.Cuts
100
AcDbCircle
 10
215.0177
 20
-71.46
 30
0.0
 40
0.5
100
AcDbArc
 50
0.0
 51
90.0
  0
ARC
  5
19F2
330
1AB7
100
AcDbEntity
  8
Edge.Cuts
100
AcDbCircle
 10
215.0177
 20
-84.46
 30
0.0
 40
0.5
100
AcDbArc
 50
270.0
 51
0.0
  0
LINE
  5
19F3
330
1AB7
100
AcDbEntity
  8
Edge.Cuts
  6
Continuous
100
AcDbLine
 10
168.1675
 20
-44.3
 30
0.0
 11
168.1675
 21
-57.3
 31
0.0
  0
LINE
  5
19F4
330
1AB7
100
AcDbEntity
  8
Edge.Cuts
  6
Continuous
100
AcDbLine
 10
168.6675
 20
-57.8
 30
0.0
 11
181.6675
 21
-57.8
 31
0.0
  0
LINE
  5
19F5
330
1AB7
100
AcDbEntity
  8
Edge.Cuts
  6
Continuous
100
AcDbLine
 10
181.6675
 20
-43.8
 30
0.0
 11
168.6675
 21
-43.8
 31
0.0
  0
LINE
  5
19F6
330
1AB7
100
AcDbEntity
  8
Edge.Cuts
  6
Continuous
100
AcDbLine
 10
182.1675
 20
-57.3
 30
0.0
 11
182.1675
 21
-44.3
 31
0.0
  0
ARC
  5
19F7
330
1AB7
100
AcDbEntity
  8
Edge.Cuts
100
AcDbCircle
 10
168.667501
 20
-44.30000099999999
 30
0.0
 40
0.500001000001
100
AcDbArc
 50
90.00011459
 51
179.99988541
  0
ARC
  5
19F8
330
1AB7
100
AcDbEntity
  8
Edge.Cuts
100
AcDbCircle
 10
168.670265
 20
-57.298883
 30
0.0
 40
0.500001000001
100
AcDbArc
 50
180.00011459
 51
269.99988541
  0
ARC
  5
19F9
330
1AB7
100
AcDbEntity
  8
Edge.Cuts
100
AcDbCircle
 10
181.6675
 20
-44.3
 30
0.0
 40
0.5
100
AcDbArc
 50
0.0
 51
90.0
  0
ARC
  5
19FA
330
1AB7
100
AcDbEntity
  8
Edge.Cuts
100
AcDbCircle
 10
181.6675
 20
-57.3
 30
0.0
 40
0.5
100
AcDbArc
 50
270.0
 51
0.0
  0
LINE
  5
19FB
330
1AB7
100
AcDbEntity
  8
Edge.Cuts
  6
Continuous
100
AcDbLine
 10
163.4177
 20
-71.46
 30
0.0
 11
163.4177
 21
-84.46
 31
0.0
  0
LINE
  5
19FC
330
1AB7
100
AcDbEntity
  8
Edge.Cuts
  6
Continuous
100
AcDbLine
 10
163.9177
 20
-84.96
 30
0.0
 11
176.9177
 21
-84.96
 31
0.0
  0
LINE
  5
19FD
330
1AB7
100
AcDbEntity
  8
Edge.Cuts
  6
Continuous
100
AcDbLine
 10
176.9177
 20
-70.96
 30
0.0
 11
163.9177
 21
-70.96
 31
0.0
  0
LINE
  5
19FE
330
1AB7
100
AcDbEntity
  8
Edge.Cuts
  6
Continuous
100
AcDbLine
 10
177.4177
 20
-84.46
 30
0.0
 11
177.4177
 21
-71.46
 31
0.0
  0
ARC
  5
19FF
330
1AB7
100
AcDbEntity
  8
Edge.Cuts
100
AcDbCircle
 10
163.917701
 20
-71.46000099999999
 30
0.0
 40
0.500001000001
100
AcDbArc
 50
90.00011459
 51
179.99988541
  0
ARC
  5
1A00
330
1AB7
100
AcDbEntity
  8
Edge.Cuts
100
AcDbCircle
 10
163.920465
 20
-84.458883
 30
0.0
 40
0.500001000001
100
AcDbArc
 50
180.00011459
 51
269.99988541
  0
ARC
  5
1A01
330
1AB7
100
AcDbEntity
  8
Edge.Cuts
100
AcDbCircle
 10
176.9177
 20
-71.46
 30
0.0
 40
0.5
100
AcDbArc
 50
0.0
 51
90.0
  0
ARC
  5
1A02
330
1AB7
100
AcDbEntity
  8
Edge.Cuts
100
AcDbCircle
 10
176.9177
 20
-84.46
 30
0.0
 40
0.5
100
AcDbArc
 50
270.0
 51
0.0
  0
LINE
  5
1A03
330
1AB7
100
AcDbEntity
  8
Edge.Cuts
  6
Continuous
100
AcDbLine
 10
82.16225
 20
-73.99000099999999
 30
0.0
 11
82.16225
 21
-86.99000099999999
 31
0.0
  0
LINE
  5
1A04
330
1AB7
100
AcDbEntity
  8
Edge.Cuts
  6
Continuous
100
AcDbLine
 10
82.66225
 20
-73.49000099999999
 30
0.0
 11
88.41225
 21
-73.49000099999999
 31
0.0
  0
LINE
  5
1A05
330
1AB7
100
AcDbEntity
  8
Edge.Cuts
  6
Continuous
100
AcDbLine
 10
82.66225
 20
-87.49000099999999
 30
0.0
 11
88.41225
 21
-87.49000099999999
 31
0.0
  0
LINE
  5
1A06
330
1AB7
100
AcDbEntity
  8
Edge.Cuts
  6
Continuous
100
AcDbLine
 10
88.91225
 20
-73.99000099999999
 30
0.0
 11
88.91225
 21
-86.99000099999999
 31
0.0
  0
LINE
  5
1A07
330
1AB7
100
AcDbEntity
  8
Edge.Cuts
  6
Continuous
100
AcDbLine
 10
90.4435
 20
-72.99
 30
0.0
 11
90.4435
 21
-85.99
 31
0.0
  0
LINE
  5
1A08
330
1AB7
100
AcDbEntity
  8
Edge.Cuts
  6
Continuous
100
AcDbLine
 10
90.9435
 20
-86.49
 30
0.0
 11
103.9435
 21
-86.49
 31
0.0
  0
LINE
  5
1A09
330
1AB7
100
AcDbEntity
  8
Edge.Cuts
  6
Continuous
100
AcDbLine
 10
103.9435
 20
-72.49
 30
0.0
 11
90.9435
 21
-72.49
 31
0.0
  0
LINE
  5
1A0A
330
1AB7
100
AcDbEntity
  8
Edge.Cuts
  6
Continuous
100
AcDbLine
 10
104.4435
 20
-85.99
 30
0.0
 11
104.4435
 21
-72.99
 31
0.0
  0
LINE
  5
1A0B
330
1AB7
100
AcDbEntity
  8
Edge.Cuts
  6
Continuous
100
AcDbLine
 10
105.97475
 20
-73.99000099999999
 30
0.0
 11
105.97475
 21
-86.99000099999999
 31
0.0
  0
LINE
  5
1A0C
330
1AB7
100
AcDbEntity
  8
Edge.Cuts
  6
Continuous
100
AcDbLine
 10
106.47475
 20
-73.49000099999999
 30
0.0
 11
112.223539
 21
-73.49000099999999
 31
0.0
  0
LINE
  5
1A0D
330
1AB7
100
AcDbEntity
  8
Edge.Cuts
  6
Continuous
100
AcDbLine
 10
106.47475
 20
-87.49000099999999
 30
0.0
 11
112.22475
 21
-87.49000099999999
 31
0.0
  0
LINE
  5
1A0E
330
1AB7
100
AcDbEntity
  8
Edge.Cuts
  6
Continuous
100
AcDbLine
 10
112.723539
 20
-73.99000099999999
 30
0.0
 11
112.72475
 21
-86.99000099999999
 31
0.0
  0
ARC
  5
1A0F
330
1AB7
100
AcDbEntity
  8
Edge.Cuts
100
AcDbCircle
 10
82.662251
 20
-73.99000199999999
 30
0.0
 40
0.500001000001
100
AcDbArc
 50
90.00011459
 51
179.99988541
  0
ARC
  5
1A10
330
1AB7
100
AcDbEntity
  8
Edge.Cuts
100
AcDbCircle
 10
82.662251
 20
-86.99
 30
0.0
 40
0.500001000001
100
AcDbArc
 50
180.00011459
 51
269.99988541
  0
ARC
  5
1A11
330
1AB7
100
AcDbEntity
  8
Edge.Cuts
100
AcDbCircle
 10
88.412249
 20
-73.99000199999999
 30
0.0
 40
0.500001000001
100
AcDbArc
 50
0.00011459
 51
89.99988541
  0
ARC
  5
1A12
330
1AB7
100
AcDbEntity
  8
Edge.Cuts
100
AcDbCircle
 10
88.412249
 20
-86.99
 30
0.0
 40
0.500001000001
100
AcDbArc
 50
270.00011459
 51
359.99988541
  0
ARC
  5
1A13
330
1AB7
100
AcDbEntity
  8
Edge.Cuts
100
AcDbCircle
 10
90.943501
 20
-72.99000099999999
 30
0.0
 40
0.500001000001
100
AcDbArc
 50
90.00011459
 51
179.99988541
  0
ARC
  5
1A14
330
1AB7
100
AcDbEntity
  8
Edge.Cuts
100
AcDbCircle
 10
90.946265
 20
-85.988883
 30
0.0
 40
0.500001000001
100
AcDbArc
 50
180.00011459
 51
269.99988541
  0
ARC
  5
1A15
330
1AB7
100
AcDbEntity
  8
Edge.Cuts
100
AcDbCircle
 10
103.9435
 20
-72.99
 30
0.0
 40
0.5
100
AcDbArc
 50
0.0
 51
90.0
  0
ARC
  5
1A16
330
1AB7
100
AcDbEntity
  8
Edge.Cuts
100
AcDbCircle
 10
103.9435
 20
-85.99
 30
0.0
 40
0.5
100
AcDbArc
 50
270.0
 51
0.0
  0
ARC
  5
1A17
330
1AB7
100
AcDbEntity
  8
Edge.Cuts
100
AcDbCircle
 10
106.4748
 20
-73.99
 30
0.0
 40
0.5000500000009999
100
AcDbArc
 50
90.00572959
 51
180.00011458
  0
ARC
  5
1A18
330
1AB7
100
AcDbEntity
  8
Edge.Cuts
100
AcDbCircle
 10
106.4748
 20
-86.99
 30
0.0
 40
0.500001002499995
100
AcDbArc
 50
180.00011458
 51
269.99427043
  0
ARC
  5
1A19
330
1AB7
100
AcDbEntity
  8
Edge.Cuts
100
AcDbCircle
 10
112.2235
 20
-73.99
 30
0.0
 40
0.499999001521003
100
AcDbArc
 50
359.9998854199999
 51
89.99553092
  0
ARC
  5
1A1A
330
1AB7
100
AcDbEntity
  8
Edge.Cuts
100
AcDbCircle
 10
112.2247
 20
-86.99
 30
0.0
 40
0.5000500000009999
100
AcDbArc
 50
270.00572957
 51
359.9998854199999
  0
LINE
  5
1A1B
330
1AB7
100
AcDbEntity
  8
Edge.Cuts
  6
Continuous
100
AcDbLine
 10
65.4935
 20
-150.190001
 30
0.0
 11
65.4935
 21
-163.190001
 31
0.0
  0
LINE
  5
1A1C
330
1AB7
100
AcDbEntity
  8
Edge.Cuts
  6
Continuous
100
AcDbLine
 10
65.9935
 20
-149.690001
 30
0.0
 11
71.7435
 21
-149.690001
 31
0.0
  0
LINE
  5
1A1D
330
1AB7
100
AcDbEntity
  8
Edge.Cuts
  6
Continuous
100
AcDbLine
 10
65.9935
 20
-163.690001
 30
0.0
 11
71.7435
 21
-163.690001
 31
0.0
  0
LINE
  5
1A1E
330
1AB7
100
AcDbEntity
  8
Edge.Cuts
  6
Continuous
100
AcDbLine
 10
72.2435
 20
-150.190001
 30
0.0
 11
72.2435
 21
-163.190001
 31
0.0
  0
LINE
  5
1A1F
330
1AB7
100
AcDbEntity
  8
Edge.Cuts
  6
Continuous
100
AcDbLine
 10
80.9185
 20
-149.19
 30
0.0
 11
80.9185
 21
-162.19
 31
0.0
  0
LINE
  5
1A20
330
1AB7
100
AcDbEntity
  8
Edge.Cuts
  6
Continuous
100
AcDbLine
 10
81.4185
 20
-162.69
 30
0.0
 11
94.4185
 21
-162.69
 31
0.0
  0
LINE
  5
1A21
330
1AB7
100
AcDbEntity
  8
Edge.Cuts
  6
Continuous
100
AcDbLine
 10
94.4185
 20
-148.69
 30
0.0
 11
81.4185
 21
-148.69
 31
0.0
  0
LINE
  5
1A22
330
1AB7
100
AcDbEntity
  8
Edge.Cuts
  6
Continuous
100
AcDbLine
 10
94.9185
 20
-162.19
 30
0.0
 11
94.9185
 21
-149.19
 31
0.0
  0
LINE
  5
1A23
330
1AB7
100
AcDbEntity
  8
Edge.Cuts
  6
Continuous
100
AcDbLine
 10
103.594105
 20
-150.190001
 30
0.0
 11
103.594105
 21
-163.190001
 31
0.0
  0
LINE
  5
1A24
330
1AB7
100
AcDbEntity
  8
Edge.Cuts
  6
Continuous
100
AcDbLine
 10
104.094105
 20
-149.690001
 30
0.0
 11
109.842894
 21
-149.690001
 31
0.0
  0
LINE
  5
1A25
330
1AB7
100
AcDbEntity
  8
Edge.Cuts
  6
Continuous
100
AcDbLine
 10
104.094105
 20
-163.690001
 30
0.0
 11
109.844105
 21
-163.690001
 31
0.0
  0
LINE
  5
1A26
330
1AB7
100
AcDbEntity
  8
Edge.Cuts
  6
Continuous
100
AcDbLine
 10
110.342894
 20
-150.190001
 30
0.0
 11
110.344105
 21
-163.190001
 31
0.0
  0
ARC
  5
1A27
330
1AB7
100
AcDbEntity
  8
Edge.Cuts
100
AcDbCircle
 10
65.993501
 20
-150.190002
 30
0.0
 40
0.500001000001
100
AcDbArc
 50
90.00011459
 51
179.99988541
  0
ARC
  5
1A28
330
1AB7
100
AcDbEntity
  8
Edge.Cuts
100
AcDbCircle
 10
65.993501
 20
-163.19
 30
0.0
 40
0.500001000001
100
AcDbArc
 50
180.00011459
 51
269.99988541
  0
ARC
  5
1A29
330
1AB7
100
AcDbEntity
  8
Edge.Cuts
100
AcDbCircle
 10
71.743499
 20
-150.190002
 30
0.0
 40
0.500001000001
100
AcDbArc
 50
0.00011459
 51
89.99988541
  0
ARC
  5
1A2A
330
1AB7
100
AcDbEntity
  8
Edge.Cuts
100
AcDbCircle
 10
71.743499
 20
-163.19
 30
0.0
 40
0.500001000001
100
AcDbArc
 50
270.00011459
 51
359.99988541
  0
ARC
  5
1A2B
330
1AB7
100
AcDbEntity
  8
Edge.Cuts
100
AcDbCircle
 10
81.41850099999999
 20
-149.190001
 30
0.0
 40
0.500001000001
100
AcDbArc
 50
90.00011459
 51
179.99988541
  0
ARC
  5
1A2C
330
1AB7
100
AcDbEntity
  8
Edge.Cuts
100
AcDbCircle
 10
81.42126499999999
 20
-162.188883
 30
0.0
 40
0.500001000001
100
AcDbArc
 50
180.00011459
 51
269.99988541
  0
ARC
  5
1A2D
330
1AB7
100
AcDbEntity
  8
Edge.Cuts
100
AcDbCircle
 10
94.4185
 20
-149.19
 30
0.0
 40
0.5
100
AcDbArc
 50
0.0
 51
90.0
  0
ARC
  5
1A2E
330
1AB7
100
AcDbEntity
  8
Edge.Cuts
100
AcDbCircle
 10
94.4185
 20
-162.19
 30
0.0
 40
0.5
100
AcDbArc
 50
270.0
 51
0.0
  0
ARC
  5
1A2F
330
1AB7
100
AcDbEntity
  8
Edge.Cuts
100
AcDbCircle
 10
104.0941
 20
-150.19
 30
0.0
 40
0.499995000001
100
AcDbArc
 50
89.99942704
 51
180.00011459
  0
ARC
  5
1A30
330
1AB7
100
AcDbEntity
  8
Edge.Cuts
100
AcDbCircle
 10
104.0942
 20
-163.1899
 30
0.0
 40
0.5001010090231772
100
AcDbArc
 50
180.01157155
 51
269.989116
  0
ARC
  5
1A31
330
1AB7
100
AcDbEntity
  8
Edge.Cuts
100
AcDbCircle
 10
109.8428
 20
-150.1901
 30
0.0
 40
0.5000990088342507
100
AcDbArc
 50
0.01134243
 51
89.98923053
  0
ARC
  5
1A32
330
1AB7
100
AcDbEntity
  8
Edge.Cuts
100
AcDbCircle
 10
109.8441
 20
-163.19
 30
0.0
 40
0.500005000001
100
AcDbArc
 50
270.00057296
 51
359.99988541
  0
LINE
  5
1A33
330
1AB7
100
AcDbEntity
  8
Edge.Cuts
  6
Continuous
100
AcDbLine
 10
61.8685
 20
-130.14
 30
0.0
 11
61.8685
 21
-143.14
 31
0.0
  0
LINE
  5
1A34
330
1AB7
100
AcDbEntity
  8
Edge.Cuts
  6
Continuous
100
AcDbLine
 10
62.3685
 20
-143.64
 30
0.0
 11
75.3685
 21
-143.64
 31
0.0
  0
LINE
  5
1A35
330
1AB7
100
AcDbEntity
  8
Edge.Cuts
  6
Continuous
100
AcDbLine
 10
75.3685
 20
-129.64
 30
0.0
 11
62.3685
 21
-129.64
 31
0.0
  0
LINE
  5
1A36
330
1AB7
100
AcDbEntity
  8
Edge.Cuts
  6
Continuous
100
AcDbLine
 10
75.8685
 20
-143.14
 30
0.0
 11
75.8685
 21
-130.14
 31
0.0
  0
ARC
  5
1A37
330
1AB7
100
AcDbEntity
  8
Edge.Cuts
100
AcDbCircle
 10
62.36850099999999
 20
-130.140001
 30
0.0
 40
0.500001000001
100
AcDbArc
 50
90.00011459
 51
179.99988541
  0
ARC
  5
1A38
330
1AB7
100
AcDbEntity
  8
Edge.Cuts
100
AcDbCircle
 10
62.37126499999999
 20
-143.138883
 30
0.0
 40
0.500001000001
100
AcDbArc
 50
180.00011459
 51
269.99988541
  0
ARC
  5
1A39
330
1AB7
100
AcDbEntity
  8
Edge.Cuts
100
AcDbCircle
 10
75.3685
 20
-130.14
 30
0.0
 40
0.5
100
AcDbArc
 50
0.0
 51
90.0
  0
ARC
  5
1A3A
330
1AB7
100
AcDbEntity
  8
Edge.Cuts
100
AcDbCircle
 10
75.3685
 20
-143.14
 30
0.0
 40
0.5
100
AcDbArc
 50
270.0
 51
0.0
  0
LINE
  5
1A3B
330
1AB7
100
AcDbEntity
  8
Edge.Cuts
  6
Continuous
100
AcDbLine
 10
42.8185
 20
-111.09
 30
0.0
 11
42.8185
 21
-124.09
 31
0.0
  0
LINE
  5
1A3C
330
1AB7
100
AcDbEntity
  8
Edge.Cuts
  6
Continuous
100
AcDbLine
 10
43.3185
 20
-124.59
 30
0.0
 11
56.3185
 21
-124.59
 31
0.0
  0
LINE
  5
1A3D
330
1AB7
100
AcDbEntity
  8
Edge.Cuts
  6
Continuous
100
AcDbLine
 10
56.3185
 20
-110.59
 30
0.0
 11
43.3185
 21
-110.59
 31
0.0
  0
LINE
  5
1A3E
330
1AB7
100
AcDbEntity
  8
Edge.Cuts
  6
Continuous
100
AcDbLine
 10
56.8185
 20
-124.09
 30
0.0
 11
56.8185
 21
-111.09
 31
0.0
  0
ARC
  5
1A3F
330
1AB7
100
AcDbEntity
  8
Edge.Cuts
100
AcDbCircle
 10
43.318501
 20
-111.090001
 30
0.0
 40
0.500001000001
100
AcDbArc
 50
90.00011459
 51
179.99988541
  0
ARC
  5
1A40
330
1AB7
100
AcDbEntity
  8
Edge.Cuts
100
AcDbCircle
 10
43.321265
 20
-124.088883
 30
0.0
 40
0.500001000001
100
AcDbArc
 50
180.00011459
 51
269.99988541
  0
ARC
  5
1A41
330
1AB7
100
AcDbEntity
  8
Edge.Cuts
100
AcDbCircle
 10
56.3185
 20
-111.09
 30
0.0
 40
0.5
100
AcDbArc
 50
0.0
 51
90.0
  0
ARC
  5
1A42
330
1AB7
100
AcDbEntity
  8
Edge.Cuts
100
AcDbCircle
 10
56.3185
 20
-124.09
 30
0.0
 40
0.5
100
AcDbArc
 50
270.0
 51
0.0
  0
LINE
  5
1A43
330
1AB7
100
AcDbEntity
  8
Edge.Cuts
  6
Continuous
100
AcDbLine
 10
80.9185
 20
-111.09
 30
0.0
 11
80.9185
 21
-124.09
 31
0.0
  0
LINE
  5
1A44
330
1AB7
100
AcDbEntity
  8
Edge.Cuts
  6
Continuous
100
AcDbLine
 10
81.4185
 20
-124.59
 30
0.0
 11
94.4185
 21
-124.59
 31
0.0
  0
LINE
  5
1A45
330
1AB7
100
AcDbEntity
  8
Edge.Cuts
  6
Continuous
100
AcDbLine
 10
94.4185
 20
-110.59
 30
0.0
 11
81.4185
 21
-110.59
 31
0.0
  0
LINE
  5
1A46
330
1AB7
100
AcDbEntity
  8
Edge.Cuts
  6
Continuous
100
AcDbLine
 10
94.9185
 20
-124.09
 30
0.0
 11
94.9185
 21
-111.09
 31
0.0
  0
ARC
  5
1A47
330
1AB7
100
AcDbEntity
  8
Edge.Cuts
100
AcDbCircle
 10
81.41850099999999
 20
-111.090001
 30
0.0
 40
0.500001000001
100
AcDbArc
 50
90.00011459
 51
179.99988541
  0
ARC
  5
1A48
330
1AB7
100
AcDbEntity
  8
Edge.Cuts
100
AcDbCircle
 10
81.42126499999999
 20
-124.088883
 30
0.0
 40
0.500001000001
100
AcDbArc
 50
180.00011459
 51
269.99988541
  0
ARC
  5
1A49
330
1AB7
100
AcDbEntity
  8
Edge.Cuts
100
AcDbCircle
 10
94.4185
 20
-111.09
 30
0.0
 40
0.5
100
AcDbArc
 50
0.0
 51
90.0
  0
ARC
  5
1A4A
330
1AB7
100
AcDbEntity
  8
Edge.Cuts
100
AcDbCircle
 10
94.4185
 20
-124.09
 30
0.0
 40
0.5
100
AcDbArc
 50
270.0
 51
0.0
  0
LINE
  5
1A4B
330
1AB7
100
AcDbEntity
  8
Edge.Cuts
  6
Continuous
100
AcDbLine
 10
99.96849999999999
 20
-130.14
 30
0.0
 11
99.96849999999999
 21
-143.14
 31
0.0
  0
LINE
  5
1A4C
330
1AB7
100
AcDbEntity
  8
Edge.Cuts
  6
Continuous
100
AcDbLine
 10
100.4685
 20
-143.64
 30
0.0
 11
113.4685
 21
-143.64
 31
0.0
  0
LINE
  5
1A4D
330
1AB7
100
AcDbEntity
  8
Edge.Cuts
  6
Continuous
100
AcDbLine
 10
113.4685
 20
-129.64
 30
0.0
 11
100.4685
 21
-129.64
 31
0.0
  0
LINE
  5
1A4E
330
1AB7
100
AcDbEntity
  8
Edge.Cuts
  6
Continuous
100
AcDbLine
 10
113.9685
 20
-143.14
 30
0.0
 11
113.9685
 21
-130.14
 31
0.0
  0
ARC
  5
1A4F
330
1AB7
100
AcDbEntity
  8
Edge.Cuts
100
AcDbCircle
 10
100.468501
 20
-130.140001
 30
0.0
 40
0.500001000001
100
AcDbArc
 50
90.00011459
 51
179.99988541
  0
ARC
  5
1A50
330
1AB7
100
AcDbEntity
  8
Edge.Cuts
100
AcDbCircle
 10
100.471265
 20
-143.138883
 30
0.0
 40
0.500001000001
100
AcDbArc
 50
180.00011459
 51
269.99988541
  0
ARC
  5
1A51
330
1AB7
100
AcDbEntity
  8
Edge.Cuts
100
AcDbCircle
 10
113.4685
 20
-130.14
 30
0.0
 40
0.5
100
AcDbArc
 50
0.0
 51
90.0
  0
ARC
  5
1A52
330
1AB7
100
AcDbEntity
  8
Edge.Cuts
100
AcDbCircle
 10
113.4685
 20
-143.14
 30
0.0
 40
0.5
100
AcDbArc
 50
270.0
 51
0.0
  0
LINE
  5
1A53
330
1AB7
100
AcDbEntity
  8
Edge.Cuts
  6
Continuous
100
AcDbLine
 10
80.9185
 20
-92.03999999999999
 30
0.0
 11
80.9185
 21
-105.04
 31
0.0
  0
LINE
  5
1A54
330
1AB7
100
AcDbEntity
  8
Edge.Cuts
  6
Continuous
100
AcDbLine
 10
81.4185
 20
-105.54
 30
0.0
 11
94.4185
 21
-105.54
 31
0.0
  0
LINE
  5
1A55
330
1AB7
100
AcDbEntity
  8
Edge.Cuts
  6
Continuous
100
AcDbLine
 10
94.4185
 20
-91.53999999999999
 30
0.0
 11
81.4185
 21
-91.53999999999999
 31
0.0
  0
LINE
  5
1A56
330
1AB7
100
AcDbEntity
  8
Edge.Cuts
  6
Continuous
100
AcDbLine
 10
94.9185
 20
-105.04
 30
0.0
 11
94.9185
 21
-92.03999999999999
 31
0.0
  0
ARC
  5
1A57
330
1AB7
100
AcDbEntity
  8
Edge.Cuts
100
AcDbCircle
 10
81.41850099999999
 20
-92.04000099999999
 30
0.0
 40
0.500001000001
100
AcDbArc
 50
90.00011459
 51
179.99988541
  0
ARC
  5
1A58
330
1AB7
100
AcDbEntity
  8
Edge.Cuts
100
AcDbCircle
 10
81.42126499999999
 20
-105.038883
 30
0.0
 40
0.500001000001
100
AcDbArc
 50
180.00011459
 51
269.99988541
  0
ARC
  5
1A59
330
1AB7
100
AcDbEntity
  8
Edge.Cuts
100
AcDbCircle
 10
94.4185
 20
-92.03999999999999
 30
0.0
 40
0.5
100
AcDbArc
 50
0.0
 51
90.0
  0
ARC
  5
1A5A
330
1AB7
100
AcDbEntity
  8
Edge.Cuts
100
AcDbCircle
 10
94.4185
 20
-105.04
 30
0.0
 40
0.5
100
AcDbArc
 50
270.0
 51
0.0
  0
LINE
  5
1A5B
330
1AB7
100
AcDbEntity
  8
Edge.Cuts
  6
Continuous
100
AcDbLine
 10
80.9185
 20
-130.14
 30
0.0
 11
80.9185
 21
-143.14
 31
0.0
  0
LINE
  5
1A5C
330
1AB7
100
AcDbEntity
  8
Edge.Cuts
  6
Continuous
100
AcDbLine
 10
81.4185
 20
-143.64
 30
0.0
 11
94.4185
 21
-143.64
 31
0.0
  0
LINE
  5
1A5D
330
1AB7
100
AcDbEntity
  8
Edge.Cuts
  6
Continuous
100
AcDbLine
 10
94.4185
 20
-129.64
 30
0.0
 11
81.4185
 21
-129.64
 31
0.0
  0
LINE
  5
1A5E
330
1AB7
100
AcDbEntity
  8
Edge.Cuts
  6
Continuous
100
AcDbLine
 10
94.9185
 20
-143.14
 30
0.0
 11
94.9185
 21
-130.14
 31
0.0
  0
ARC
  5
1A5F
330
1AB7
100
AcDbEntity
  8
Edge.Cuts
100
AcDbCircle
 10
81.41850099999999
 20
-130.140001
 30
0.0
 40
0.500001000001
100
AcDbArc
 50
90.00011459
 51
179.99988541
  0
ARC
  5
1A60
330
1AB7
100
AcDbEntity
  8
Edge.Cuts
100
AcDbCircle
 10
81.42126499999999
 20
-143.138883
 30
0.0
 40
0.500001000001
100
AcDbArc
 50
180.00011459
 51
269.99988541
  0
ARC
  5
1A61
330
1AB7
100
AcDbEntity
  8
Edge.Cuts
100
AcDbCircle
 10
94.4185
 20
-130.14
 30
0.0
 40
0.5
100
AcDbArc
 50
0.0
 51
90.0
  0
ARC
  5
1A62
330
1AB7
100
AcDbEntity
  8
Edge.Cuts
100
AcDbCircle
 10
94.4185
 20
-143.14
 30
0.0
 40
0.5
100
AcDbArc
 50
270.0
 51
0.0
  0
LINE
  5
1A63
330
1AB7
100
AcDbEntity
  8
Edge.Cuts
  6
Continuous
100
AcDbLine
 10
99.96849999999999
 20
-111.09
 30
0.0
 11
99.96849999999999
 21
-124.09
 31
0.0
  0
LINE
  5
1A64
330
1AB7
100
AcDbEntity
  8
Edge.Cuts
  6
Continuous
100
AcDbLine
 10
100.4685
 20
-124.59
 30
0.0
 11
113.4685
 21
-124.59
 31
0.0
  0
LINE
  5
1A65
330
1AB7
100
AcDbEntity
  8
Edge.Cuts
  6
Continuous
100
AcDbLine
 10
113.4685
 20
-110.59
 30
0.0
 11
100.4685
 21
-110.59
 31
0.0
  0
LINE
  5
1A66
330
1AB7
100
AcDbEntity
  8
Edge.Cuts
  6
Continuous
100
AcDbLine
 10
113.9685
 20
-124.09
 30
0.0
 11
113.9685
 21
-111.09
 31
0.0
  0
ARC
  5
1A67
330
1AB7
100
AcDbEntity
  8
Edge.Cuts
100
AcDbCircle
 10
100.468501
 20
-111.090001
 30
0.0
 40
0.500001000001
100
AcDbArc
 50
90.00011459
 51
179.99988541
  0
ARC
  5
1A68
330
1AB7
100
AcDbEntity
  8
Edge.Cuts
100
AcDbCircle
 10
100.471265
 20
-124.088883
 30
0.0
 40
0.500001000001
100
AcDbArc
 50
180.00011459
 51
269.99988541
  0
ARC
  5
1A69
330
1AB7
100
AcDbEntity
  8
Edge.Cuts
100
AcDbCircle
 10
113.4685
 20
-111.09
 30
0.0
 40
0.5
100
AcDbArc
 50
0.0
 51
90.0
  0
ARC
  5
1A6A
330
1AB7
100
AcDbEntity
  8
Edge.Cuts
100
AcDbCircle
 10
113.4685
 20
-124.09
 30
0.0
 40
0.5
100
AcDbArc
 50
270.0
 51
0.0
  0
LINE
  5
1A6B
330
1AB7
100
AcDbEntity
  8
Edge.Cuts
  6
Continuous
100
AcDbLine
 10
61.8685
 20
-92.03999999999999
 30
0.0
 11
61.8685
 21
-105.04
 31
0.0
  0
LINE
  5
1A6C
330
1AB7
100
AcDbEntity
  8
Edge.Cuts
  6
Continuous
100
AcDbLine
 10
62.3685
 20
-105.54
 30
0.0
 11
75.3685
 21
-105.54
 31
0.0
  0
LINE
  5
1A6D
330
1AB7
100
AcDbEntity
  8
Edge.Cuts
  6
Continuous
100
AcDbLine
 10
75.3685
 20
-91.53999999999999
 30
0.0
 11
62.3685
 21
-91.53999999999999
 31
0.0
  0
LINE
  5
1A6E
330
1AB7
100
AcDbEntity
  8
Edge.Cuts
  6
Continuous
100
AcDbLine
 10
75.8685
 20
-105.04
 30
0.0
 11
75.8685
 21
-92.03999999999999
 31
0.0
  0
ARC
  5
1A6F
330
1AB7
100
AcDbEntity
  8
Edge.Cuts
100
AcDbCircle
 10
62.36850099999999
 20
-92.04000099999999
 30
0.0
 40
0.500001000001
100
AcDbArc
 50
90.00011459
 51
179.99988541
  0
ARC
  5
1A70
330
1AB7
100
AcDbEntity
  8
Edge.Cuts
100
AcDbCircle
 10
62.37126499999999
 20
-105.038883
 30
0.0
 40
0.500001000001
100
AcDbArc
 50
180.00011459
 51
269.99988541
  0
ARC
  5
1A71
330
1AB7
100
AcDbEntity
  8
Edge.Cuts
100
AcDbCircle
 10
75.3685
 20
-92.03999999999999
 30
0.0
 40
0.5
100
AcDbArc
 50
0.0
 51
90.0
  0
ARC
  5
1A72
330
1AB7
100
AcDbEntity
  8
Edge.Cuts
100
AcDbCircle
 10
75.3685
 20
-105.04
 30
0.0
 40
0.5
100
AcDbArc
 50
270.0
 51
0.0
  0
LINE
  5
1A73
330
1AB7
100
AcDbEntity
  8
Edge.Cuts
  6
Continuous
100
AcDbLine
 10
61.8685
 20
-111.09
 30
0.0
 11
61.8685
 21
-124.09
 31
0.0
  0
LINE
  5
1A74
330
1AB7
100
AcDbEntity
  8
Edge.Cuts
  6
Continuous
100
AcDbLine
 10
62.3685
 20
-124.59
 30
0.0
 11
75.3685
 21
-124.59
 31
0.0
  0
LINE
  5
1A75
330
1AB7
100
AcDbEntity
  8
Edge.Cuts
  6
Continuous
100
AcDbLine
 10
75.3685
 20
-110.59
 30
0.0
 11
62.3685
 21
-110.59
 31
0.0
  0
LINE
  5
1A76
330
1AB7
100
AcDbEntity
  8
Edge.Cuts
  6
Continuous
100
AcDbLine
 10
75.8685
 20
-124.09
 30
0.0
 11
75.8685
 21
-111.09
 31
0.0
  0
ARC
  5
1A77
330
1AB7
100
AcDbEntity
  8
Edge.Cuts
100
AcDbCircle
 10
62.36850099999999
 20
-111.090001
 30
0.0
 40
0.500001000001
100
AcDbArc
 50
90.00011459
 51
179.99988541
  0
ARC
  5
1A78
330
1AB7
100
AcDbEntity
  8
Edge.Cuts
100
AcDbCircle
 10
62.37126499999999
 20
-124.088883
 30
0.0
 40
0.500001000001
100
AcDbArc
 50
180.00011459
 51
269.99988541
  0
ARC
  5
1A79
330
1AB7
100
AcDbEntity
  8
Edge.Cuts
100
AcDbCircle
 10
75.3685
 20
-111.09
 30
0.0
 40
0.5
100
AcDbArc
 50
0.0
 51
90.0
  0
ARC
  5
1A7A
330
1AB7
100
AcDbEntity
  8
Edge.Cuts
100
AcDbCircle
 10
75.3685
 20
-124.09
 30
0.0
 40
0.5
100
AcDbArc
 50
270.0
 51
0.0
  0
CIRCLE
  5
1A7B
330
1AB7
100
AcDbEntity
  8
Edge.Cuts
100
AcDbCircle
 10
125.1125
 20
-65.93599999999999
 30
0.0
 40
1.249999
  0
CIRCLE
  5
1A7C
330
1AB7
100
AcDbEntity
  8
Edge.Cuts
100
AcDbCircle
 10
75.4725
 20
-64.93599999999999
 30
0.0
 40
1.249999
  0
CIRCLE
  5
1A7D
330
1AB7
100
AcDbEntity
  8
Edge.Cuts
100
AcDbCircle
 10
59.2165
 20
-127.0
 30
0.0
 40
1.249999
  0
CIRCLE
  5
1A7E
330
1AB7
100
AcDbEntity
  8
Edge.Cuts
100
AcDbCircle
 10
133.8925
 20
-62.23
 30
0.0
 40
1.249999
  0
CIRCLE
  5
1A7F
330
1AB7
100
AcDbEntity
  8
Edge.Cuts
100
AcDbCircle
 10
55.6605
 20
-65.024
 30
0.0
 40
1.249999
  0
CIRCLE
  5
1A80
330
1AB7
100
AcDbEntity
  8
Edge.Cuts
100
AcDbCircle
 10
55.6605
 20
-61.468
 30
0.0
 40
1.249999
  0
CIRCLE
  5
1A81
330
1AB7
100
AcDbEntity
  8
Edge.Cuts
100
AcDbCircle
 10
140.7505
 20
-70.104
 30
0.0
 40
1.249999
  0
CIRCLE
  5
1A82
330
1AB7
100
AcDbEntity
  8
Edge.Cuts
100
AcDbCircle
 10
122.8625
 20
-92.18599999999999
 30
0.0
 40
1.249999
  0
CIRCLE
  5
1A83
330
1AB7
100
AcDbEntity
  8
Edge.Cuts
100
AcDbCircle
 10
71.6625
 20
-64.93599999999999
 30
0.0
 40
1.249999
  0
CIRCLE
  5
1A84
330
1AB7
100
AcDbEntity
  8
Edge.Cuts
100
AcDbCircle
 10
167.1665
 20
-92.71
 30
0.0
 40
1.249999
  0
CIRCLE
  5
1A85
330
1AB7
100
AcDbEntity
  8
Edge.Cuts
100
AcDbCircle
 10
125.1125
 20
-61.936
 30
0.0
 40
1.249999
  0
CIRCLE
  5
1A86
330
1AB7
100
AcDbEntity
  8
Edge.Cuts
100
AcDbCircle
 10
88.1725
 20
-58.928
 30
0.0
 40
1.249999
  0
CIRCLE
  5
1A87
330
1AB7
100
AcDbEntity
  8
Edge.Cuts
100
AcDbCircle
 10
94.26849999999999
 20
-58.928
 30
0.0
 40
1.249999
  0
CIRCLE
  5
1A88
330
1AB7
100
AcDbEntity
  8
Edge.Cuts
100
AcDbCircle
 10
59.2165
 20
-146.05
 30
0.0
 40
1.249999
  0
CIRCLE
  5
1A89
330
1AB7
100
AcDbEntity
  8
Edge.Cuts
100
AcDbCircle
 10
61.7565
 20
-61.468
 30
0.0
 40
1.249999
  0
CIRCLE
  5
1A8A
330
1AB7
100
AcDbEntity
  8
Edge.Cuts
100
AcDbCircle
 10
141.7665
 20
-75.946
 30
0.0
 40
1.249999
  0
CIRCLE
  5
1A8B
330
1AB7
100
AcDbEntity
  8
Edge.Cuts
100
AcDbCircle
 10
152.6885
 20
-111.252
 30
0.0
 40
1.249999
  0
CIRCLE
  5
1A8C
330
1AB7
100
AcDbEntity
  8
Edge.Cuts
100
AcDbCircle
 10
100.3645
 20
-58.928
 30
0.0
 40
1.249999
  0
CIRCLE
  5
1A8D
330
1AB7
100
AcDbEntity
  8
Edge.Cuts
100
AcDbCircle
 10
125.2565
 20
-57.912
 30
0.0
 40
1.249999
  0
CIRCLE
  5
1A8E
330
1AB7
100
AcDbEntity
  8
Edge.Cuts
100
AcDbCircle
 10
62.2645
 20
-158.496
 30
0.0
 40
1.249999
  0
CIRCLE
  5
1A8F
330
1AB7
100
AcDbEntity
  8
Edge.Cuts
100
AcDbCircle
 10
199.9325
 20
-64.77
 30
0.0
 40
1.249999
  0
CIRCLE
  5
1A90
330
1AB7
100
AcDbEntity
  8
Edge.Cuts
100
AcDbCircle
 10
211.6165
 20
-89.66199999999999
 30
0.0
 40
1.249999
  0
CIRCLE
  5
1A91
330
1AB7
100
AcDbEntity
  8
Edge.Cuts
100
AcDbCircle
 10
122.8625
 20
-86.17114699999999
 30
0.0
 40
1.249999
  0
CIRCLE
  5
1A92
330
1AB7
100
AcDbEntity
  8
Edge.Cuts
100
AcDbCircle
 10
59.2165
 20
-107.696
 30
0.0
 40
1.249999
  0
CIRCLE
  5
1A93
330
1AB7
100
AcDbEntity
  8
Edge.Cuts
100
AcDbCircle
 10
136.6865
 20
-70.104
 30
0.0
 40
1.249999
  0
CIRCLE
  5
1A94
330
1AB7
100
AcDbEntity
  8
Edge.Cuts
100
AcDbCircle
 10
90.71249999999999
 20
-67.564
 30
0.0
 40
1.249999
  0
CIRCLE
  5
1A95
330
1AB7
100
AcDbEntity
  8
Edge.Cuts
100
AcDbCircle
 10
170.4685
 20
-92.71
 30
0.0
 40
1.249999
  0
VIEWPORT
  5
1B65
330
1AB3
100
AcDbEntity
 67
     1
  8
0
100
AcDbViewport
 10
128.5
 20
97.5
 30
0.0
 40
314.226
 41
222.18
 68
     1
 69
     1
 12
128.5
 22
97.5
 13
0.0
 23
0.0
 14
10.0
 24
10.0
 15
10.0
 25
10.0
 16
0.0
 26
0.0
 36
1.0
 17
0.0
 27
0.0
 37
0.0
 42
50.0
 43
0.0
 44
0.0
 45
222.18
 50
0.0
 51
0.0
 72
   100
 90
   557152
  1

281
     0
 71
     1
 74
     0
110
0.0
120
0.0
130
0.0
111
1.0
121
0.0
131
0.0
112
0.0
122
1.0
132
0.0
 79
     0
146
0.0
170
     0
 61
     5
348
1AC7
292
     1
282
     1
141
0.0
142
0.0
 63
   256
361
1B66
  0
ENDSEC
  0
SECTION
  2
OBJECTS
  0
DICTIONARY
  5
1AA5
330
0
100
AcDbDictionary
281
     1
  3
ACAD_DETAILVIEWSTYLE
350
1B6E
  3
ACAD_GROUP
350
1AA6
  3
ACAD_LAYOUT
350
1AB2
  3
ACAD_MATERIAL
350
1ADB
  3
ACAD_MLEADERSTYLE
350
1AF3
  3
ACAD_MLINESTYLE
350
1AAF
  3
ACAD_PLOTSETTINGS
350
1AB1
  3
ACAD_PLOTSTYLENAME
350
1AA7
  3
ACAD_SCALELIST
350
1ADF
  3
ACAD_SECTIONVIEWSTYLE
350
1B6F
  3
ACAD_TABLESTYLE
350
1AF1
  3
ACAD_VISUALSTYLE
350
1AC2
  3
ACDB_RECOMPOSE_DATA
350
1B6B
  3
AcDbVariableDictionary
350
1B67
  3
QCAD_OBJECTS
350
1AF7
  0
SUN
  5
1AF5
330
1AC1
100
AcDbSun
 90
        1
290
     0
 63
     7
421
 16777215
 40
1.0
291
     1
 91
  2455826
 92
 54000000
292
     0
 70
     2
 71
   256
280
     1
  0
SUN
  5
1B66
330
1B65
100
AcDbSun
 90
        1
290
     0
 63
     7
421
 16777215
 40
1.0
291
     1
 91
  2455826
 92
 54000000
292
     0
 70
     2
 71
   256
280
     1
  0
DICTIONARY
  5
1B6E
102
{ACAD_REACTORS
330
1AA5
102
}
330
1AA5
100
AcDbDictionary
281
     1
  0
DICTIONARY
  5
1AA6
102
{ACAD_REACTORS
330
1AA5
102
}
330
1AA5
100
AcDbDictionary
281
     1
  0
DICTIONARY
  5
1AB2
102
{ACAD_REACTORS
330
1AA5
102
}
330
1AA5
100
AcDbDictionary
281
     1
  3
Layout1
350
1AB6
  3
Model
350
1ABA
  0
DICTIONARY
  5
1ADB
102
{ACAD_REACTORS
330
1AA5
102
}
330
1AA5
100
AcDbDictionary
281
     1
  3
ByBlock
350
1ADD
  3
ByLayer
350
1ADC
  3
Global
350
1ADE
  0
DICTIONARY
  5
1AF3
102
{ACAD_REACTORS
330
1AA5
102
}
330
1AA5
100
AcDbDictionary
281
     1
  3
Standard
350
1AF4
  0
DICTIONARY
  5
1AAF
102
{ACAD_REACTORS
330
1AA5
102
}
330
1AA5
100
AcDbDictionary
281
     1
  3
Standard
350
1AB0
  0
DICTIONARY
  5
1AB1
102
{ACAD_REACTORS
330
1AA5
102
}
330
1AA5
100
AcDbDictionary
281
     1
  0
ACDBDICTIONARYWDFLT
  5
1AA7
102
{ACAD_REACTORS
330
1AA5
102
}
330
1AA5
100
AcDbDictionary
281
     1
  3
Normal
350
1AA8
100
AcDbDictionaryWithDefault
340
1AA8
  0
DICTIONARY
  5
1ADF
102
{ACAD_REACTORS
330
1AA5
102
}
330
1AA5
100
AcDbDictionary
281
     1
  3
A0
350
1AE0
  3
A1
350
1AE1
  3
A2
350
1AE2
  3
A3
350
1AE3
  3
A4
350
1AE4
  3
A5
350
1AE5
  3
A6
350
1AE6
  3
A7
350
1AE7
  3
A8
350
1AE8
  3
A9
350
1AE9
  3
B1
350
1AEA
  3
B2
350
1AEB
  3
B3
350
1AEC
  3
B4
350
1AED
  3
B5
350
1AEE
  3
B6
350
1AEF
  3
B7
350
1AF0
  0
DICTIONARY
  5
1B6F
102
{ACAD_REACTORS
330
1AA5
102
}
330
1AA5
100
AcDbDictionary
281
     1
  0
DICTIONARY
  5
1AF1
102
{ACAD_REACTORS
330
1AA5
102
}
330
1AA5
100
AcDbDictionary
281
     1
  3
Standard
350
1AF2
  0
DICTIONARY
  5
1AC2
102
{ACAD_REACTORS
330
1AA5
102
}
330
1AA5
100
AcDbDictionary
281
     1
  3
2dWireframe
350
1AC7
  3
Basic
350
1ACA
  3
Brighten
350
1ACE
  3
ColorChange
350
1AD2
  3
Conceptual
350
1ACC
  3
Dim
350
1ACD
  3
EdgeColorOff
350
1AD5
  3
Facepattern
350
1AD1
  3
Flat
350
1AC3
  3
FlatWithEdges
350
1AC4
  3
Gouraud
350
1AC5
  3
GouraudWithEdges
350
1AC6
  3
Hidden
350
1AC9
  3
JitterOff
350
1AD3
  3
Linepattern
350
1AD0
  3
OverhangOff
350
1AD4
  3
Realistic
350
1ACB
  3
Shaded
350
1ADA
  3
Shaded with edges
350
1AD9
  3
Shades of Gray
350
1AD6
  3
Sketchy
350
1AD7
  3
Thicken
350
1ACF
  3
Wireframe
350
1AC8
  3
X-Ray
350
1AD8
  0
XRECORD
  5
1B6B
102
{ACAD_REACTORS
330
1AA5
102
}
330
1AA5
100
AcDbXrecord
280
     1
 90
        1
330
1AF2
  0
DICTIONARY
  5
1B67
102
{ACAD_REACTORS
330
1AA5
102
}
330
1AA5
100
AcDbDictionary
281
     1
  3
CANNOSCALE
350
1B68
  3
CMLEADERSTYLE
350
1B6D
  3
CTABLESTYLE
350
1B6C
  0
DICTIONARY
  5
1AF7
102
{ACAD_REACTORS
330
1AA5
102
}
330
1AA5
100
AcDbDictionary
281
     1
  3
ColorSettings/BackgroundColor
350
1AF9
  3
ColorSettings/ColorMode
350
1AFA
  3
Grid/DisplayGrid00
350
1AFB
  3
Grid/DisplayGrid01
350
1AFC
  3
Grid/DisplayGrid02
350
1AFD
  3
Grid/DisplayGrid03
350
1AFE
  3
Grid/GridSpacingX00
350
1AFF
  3
Grid/GridSpacingX01
350
1B00
  3
Grid/GridSpacingX02
350
1B01
  3
Grid/GridSpacingX03
350
1B02
  3
Grid/GridSpacingY00
350
1B03
  3
Grid/GridSpacingY01
350
1B04
  3
Grid/GridSpacingY02
350
1B05
  3
Grid/GridSpacingY03
350
1B06
  3
Grid/IsometricGrid00
350
1B07
  3
Grid/IsometricGrid01
350
1B08
  3
Grid/IsometricGrid02
350
1B09
  3
Grid/IsometricGrid03
350
1B0A
  3
Grid/IsometricProjection00
350
1B0B
  3
Grid/IsometricProjection01
350
1B0C
  3
Grid/IsometricProjection02
350
1B0D
  3
Grid/IsometricProjection03
350
1B0E
  3
Grid/MetaGridSpacingX00
350
1B0F
  3
Grid/MetaGridSpacingX01
350
1B10
  3
Grid/MetaGridSpacingX02
350
1B11
  3
Grid/MetaGridSpacingX03
350
1B12
  3
Grid/MetaGridSpacingY00
350
1B13
  3
Grid/MetaGridSpacingY01
350
1B14
  3
Grid/MetaGridSpacingY02
350
1B15
  3
Grid/MetaGridSpacingY03
350
1B16
  3
MultiPageSettings/Columns
350
1B17
  3
MultiPageSettings/GlueMarginsBottom
350
1B18
  3
MultiPageSettings/GlueMarginsLeft
350
1B19
  3
MultiPageSettings/GlueMarginsRight
350
1B1A
  3
MultiPageSettings/GlueMarginsTop
350
1B1B
  3
MultiPageSettings/PrintCropMarks
350
1B1C
  3
MultiPageSettings/Rows
350
1B1D
  3
PageSettings/OffsetX
350
1B1E
  3
PageSettings/OffsetY
350
1B1F
  3
PageSettings/PageOrientation
350
1B20
  3
PageSettings/PaperHeight
350
1B21
  3
PageSettings/PaperWidth
350
1B22
  3
PageSettings/Scale
350
1B23
  3
PageSettings/ShowPaperBorders
350
1B24
  3
PageTagSettings/EnablePageTags
350
1B25
  3
PageTagSettings/TagAlignment
350
1B26
  3
PageTagSettings/TagFont
350
1B27
  3
PageTagSettings/TagPosition
350
1B28
  3
QCADVersion
350
1B29
  3
UnitSettings/PaperUnit
350
1B2A
  3
ViewportCenter
350
1B2B
  3
ViewportHeight
350
1B2C
  3
ViewportWidth
350
1B2D
  0
LAYOUT
  5
1AB6
102
{ACAD_REACTORS
330
1AB2
102
}
330
1AB2
100
AcDbPlotSettings
  1

  2
none_device
  4
ISO_A4_(210.00_x_297.00_MM)
  6

 40
7.5
 41
20.0
 42
7.5
 43
20.0
 44
210.0
 45
297.0
 46
0.0
 47
0.0
 48
0.0
 49
0.0
140
0.0
141
0.0
142
1.0
143
1.0
 70
   688
 72
     1
 73
     1
 74
     5
  7

 75
    16
 76
     0
 77
     2
 78
   300
147
1.0
148
0.0
149
0.0
100
AcDbLayout
  1
Layout1
 70
     1
 71
     0
 10
-20.0
 20
-7.5
 11
277.0
 21
202.5
 12
0.0
 22
0.0
 32
0.0
 14
0.0
 24
0.0
 34
0.0
 15
0.0
 25
0.0
 35
0.0
146
0.0
 13
0.0
 23
0.0
 33
0.0
 16
1.0
 26
0.0
 36
0.0
 17
0.0
 27
1.0
 37
0.0
 76
     0
330
1AB3
331
1B65
  0
LAYOUT
  5
1ABA
102
{ACAD_REACTORS
330
1AB2
102
}
330
1AB2
100
AcDbPlotSettings
  1

  2
none_device
  4
Letter_(8.50_x_11.00_Inches)
  6

 40
6.35
 41
6.35
 42
6.35000508
 43
6.35000508
 44
215.9
 45
279.4
 46
0.0
 47
0.0
 48
0.0
 49
0.0
140
0.0
141
0.0
142
1.0
143
1.0
 70
  1712
 72
     0
 73
     0
 74
     0
  7

 75
     0
 76
     0
 77
     2
 78
   300
147
1.0
148
0.0
149
0.0
100
AcDbLayout
  1
Model
 70
     1
 71
     0
 10
0.0
 20
0.0
 11
12.0
 21
9.0
 12
0.0
 22
0.0
 32
0.0
 14
37.7535
 24
-167.64
 34
0.0
 15
220.3738450434275
 25
-40.38595495657253
 35
0.0
146
0.0
 13
0.0
 23
0.0
 33
0.0
 16
1.0
 26
0.0
 36
0.0
 17
0.0
 27
1.0
 37
0.0
 76
     0
330
1AB7
331
1AC1
  0
MATERIAL
  5
1ADD
102
{ACAD_REACTORS
330
1ADB
102
}
330
1ADB
100
AcDbMaterial
  1
ByBlock
 72
     1
 94
      127
  0
MATERIAL
  5
1ADC
102
{ACAD_REACTORS
330
1ADB
102
}
330
1ADB
100
AcDbMaterial
  1
ByLayer
 72
     1
 94
      127
  0
MATERIAL
  5
1ADE
102
{ACAD_REACTORS
330
1ADB
102
}
330
1ADB
100
AcDbMaterial
  1
Global
 72
     1
 94
      127
  0
MLEADERSTYLE
  5
1AF4
102
{ACAD_REACTORS
330
1AF3
102
}
330
1AF3
100
AcDbMLeaderStyle
179
     2
170
     2
171
     1
172
     0
 90
        2
 40
0.0
 41
0.0
173
     1
 91
-1056964608
340
1AAC
 92
       -2
290
     1
 42
0.09
291
     1
 43
0.36
  3
Standard
341
0
 44
0.18
300

342
1AAA
174
     1
178
     6
175
     1
176
     0
 93
-1056964608
 45
0.18
292
     0
297
     0
 46
0.18
343
0
 94
-1056964608
 47
1.0
 49
1.0
140
1.0
293
     1
141
0.0
294
     1
177
     0
142
1.0
295
     0
296
     0
143
0.125
271
     0
272
     9
273
     9
298
     0
  0
MLINESTYLE
  5
1AB0
102
{ACAD_REACTORS
330
1AAF
102
}
330
1AAF
100
AcDbMlineStyle
  2
Standard
 70
     0
  3

 62
   256
 51
90.0
 52
90.0
 71
     2
 49
0.5
 62
   256
  6
BYLAYER
 49
-0.5
 62
   256
  6
BYLAYER
  0
ACDBPLACEHOLDER
  5
1AA8
102
{ACAD_REACTORS
330
1AA7
102
}
330
1AA7
  0
SCALE
  5
1AE0
102
{ACAD_REACTORS
330
1ADF
102
}
330
1ADF
100
AcDbScale
 70
     0
300
1:1
140
1.0
141
1.0
290
     1
  0
SCALE
  5
1AE1
102
{ACAD_REACTORS
330
1ADF
102
}
330
1ADF
100
AcDbScale
 70
     0
300
1/128" = 1'-0"
140
0.0078125
141
12.0
290
     0
  0
SCALE
  5
1AE2
102
{ACAD_REACTORS
330
1ADF
102
}
330
1ADF
100
AcDbScale
 70
     0
300
1/64" = 1'-0"
140
0.015625
141
12.0
290
     0
  0
SCALE
  5
1AE3
102
{ACAD_REACTORS
330
1ADF
102
}
330
1ADF
100
AcDbScale
 70
     0
300
1/32" = 1'-0"
140
0.03125
141
12.0
290
     0
  0
SCALE
  5
1AE4
102
{ACAD_REACTORS
330
1ADF
102
}
330
1ADF
100
AcDbScale
 70
     0
300
1/16" = 1'-0"
140
0.0625
141
12.0
290
     0
  0
SCALE
  5
1AE5
102
{ACAD_REACTORS
330
1ADF
102
}
330
1ADF
100
AcDbScale
 70
     0
300
3/32" = 1'-0"
140
0.09375
141
12.0
290
     0
  0
SCALE
  5
1AE6
102
{ACAD_REACTORS
330
1ADF
102
}
330
1ADF
100
AcDbScale
 70
     0
300
1/8" = 1'-0"
140
0.125
141
12.0
290
     0
  0
SCALE
  5
1AE7
102
{ACAD_REACTORS
330
1ADF
102
}
330
1ADF
100
AcDbScale
 70
     0
300
3/16" = 1'-0"
140
0.1875
141
12.0
290
     0
  0
SCALE
  5
1AE8
102
{ACAD_REACTORS
330
1ADF
102
}
330
1ADF
100
AcDbScale
 70
     0
300
1/4" = 1'-0"
140
0.25
141
12.0
290
     0
  0
SCALE
  5
1AE9
102
{ACAD_REACTORS
330
1ADF
102
}
330
1ADF
100
AcDbScale
 70
     0
300
3/8" = 1'-0"
140
0.375
141
12.0
290
     0
  0
SCALE
  5
1AEA
102
{ACAD_REACTORS
330
1ADF
102
}
330
1ADF
100
AcDbScale
 70
     0
300
1/2" = 1'-0"
140
0.5
141
12.0
290
     0
  0
SCALE
  5
1AEB
102
{ACAD_REACTORS
330
1ADF
102
}
330
1ADF
100
AcDbScale
 70
     0
300
3/4" = 1'-0"
140
0.75
141
12.0
290
     0
  0
SCALE
  5
1AEC
102
{ACAD_REACTORS
330
1ADF
102
}
330
1ADF
100
AcDbScale
 70
     0
300
1" = 1'-0"
140
1.0
141
12.0
290
     0
  0
SCALE
  5
1AED
102
{ACAD_REACTORS
330
1ADF
102
}
330
1ADF
100
AcDbScale
 70
     0
300
1-1/2" = 1'-0"
140
1.5
141
12.0
290
     0
  0
SCALE
  5
1AEE
102
{ACAD_REACTORS
330
1ADF
102
}
330
1ADF
100
AcDbScale
 70
     0
300
3" = 1'-0"
140
3.0
141
12.0
290
     0
  0
SCALE
  5
1AEF
102
{ACAD_REACTORS
330
1ADF
102
}
330
1ADF
100
AcDbScale
 70
     0
300
6" = 1'-0"
140
6.0
141
12.0
290
     0
  0
SCALE
  5
1AF0
102
{ACAD_REACTORS
330
1ADF
102
}
330
1ADF
100
AcDbScale
 70
     0
300
1'-0" = 1'-0"
140
12.0
141
12.0
290
     0
  0
TABLESTYLE
  5
1AF2
102
{ACAD_REACTORS
330
1AF1
102
}
102
{ACAD_XDICTIONARY
360
1B69
102
}
330
1AF1
100
AcDbTableStyle
  3
Standard
 70
     0
 71
     0
 40
0.06
 41
0.06
280
     0
281
     0
  7
Standard
140
0.18
170
     2
 62
     0
 63
   257
283
     0
 90
        4
 91
        0
  1

274
    -2
284
     1
 64
     0
275
    -2
285
     1
 65
     0
276
    -2
286
     1
 66
     0
277
    -2
287
     1
 67
     0
278
    -2
288
     1
 68
     0
279
    -2
289
     1
 69
     0
  7
Standard
140
0.25
170
     5
 62
     0
 63
   257
283
     0
 90
        4
 91
        0
  1

274
    -2
284
     1
 64
     0
275
    -2
285
     1
 65
     0
276
    -2
286
     1
 66
     0
277
    -2
287
     1
 67
     0
278
    -2
288
     1
 68
     0
279
    -2
289
     1
 69
     0
  7
Standard
140
0.18
170
     5
 62
     0
 63
   257
283
     0
 90
        4
 91
        0
  1

274
    -2
284
     1
 64
     0
275
    -2
285
     1
 65
     0
276
    -2
286
     1
 66
     0
277
    -2
287
     1
 67
     0
278
    -2
288
     1
 68
     0
279
    -2
289
     1
 69
     0
  0
VISUALSTYLE
  5
1AC7
102
{ACAD_REACTORS
330
1AC2
102
}
330
1AC2
100
AcDbVisualStyle
  2
2dWireframe
 70
     4
177
     3
291
     0
 70
    58
 90
        0
176
     1
 90
        2
176
     1
 90
        0
176
     1
 90
        0
176
     1
 40
0.6
176
     1
 40
30.0
176
     1
 62
     7
420
 16777215
176
     1
 90
        1
176
     1
 90
        4
176
     1
 62
     7
176
     1
 62
   257
176
     1
 90
        1
176
     1
 90
        1
176
     1
 40
1.0
176
     1
 90
        0
176
     1
 62
   257
176
     1
 40
1.0
176
     1
 90
        1
176
     1
 90
        6
176
     1
 90
        2
176
     1
 62
     7
176
     1
 90
        5
176
     1
 90
        0
176
     1
 90
        0
176
     1
290
     0
176
     1
 90
        1
176
     1
 40
0.0
176
     1
 90
        0
176
     1
290
     1
176
     1
290
     1
176
     1
290
     0
176
     1
290
     0
176
     1
290
     0
176
     1
290
     0
176
     1
290
     0
176
     1
290
     0
176
     1
290
     0
176
     1
 90
       50
176
     1
 40
0.0
176
     1
 40
1.0
176
     1
 90
        0
176
     1
 62
    18
420
        0
176
     1
 90
       50
176
     1
 90
        3
176
     1
 62
     5
420
      255
176
     1
290
     0
176
     1
 90
       50
176
     1
 90
       50
176
     1
 90
       50
176
     1
290
     0
176
     1
 90
       50
176
     1
 62
   256
176
     0
 40
1.0
176
     0
 90
        2
176
     1
  1
strokes_ogs.tif
176
     1
290
     0
176
     1
 40
1.0
176
     1
 40
1.0
176
     1
  0
VISUALSTYLE
  5
1ACA
102
{ACAD_REACTORS
330
1AC2
102
}
330
1AC2
100
AcDbVisualStyle
  2
Basic
 70
     7
177
     3
291
     1
 70
    58
 90
        1
176
     1
 90
        0
176
     1
 90
        1
176
     1
 90
        0
176
     1
 40
0.6
176
     1
 40
30.0
176
     1
 62
     7
420
 16777215
176
     1
 90
        0
176
     1
 90
        4
176
     1
 62
     7
176
     1
 62
   257
176
     1
 90
        1
176
     1
 90
        1
176
     1
 40
1.0
176
     1
 90
        8
176
     1
 62
     7
176
     1
 40
1.0
176
     1
 90
        1
176
     1
 90
        6
176
     1
 90
        2
176
     1
 62
     7
176
     1
 90
        5
176
     1
 90
        0
176
     1
 90
        0
176
     1
290
     0
176
     1
 90
        1
176
     1
 40
0.0
176
     1
 90
        0
176
     1
290
     0
176
     1
290
     1
176
     1
290
     1
176
     1
290
     0
176
     1
290
     0
176
     1
290
     0
176
     1
290
     0
176
     1
290
     0
176
     1
290
     0
176
     1
 90
       50
176
     1
 40
0.0
176
     1
 40
1.0
176
     1
 90
        0
176
     1
 62
    18
420
        0
176
     1
 90
       50
176
     1
 90
        3
176
     1
 62
     5
420
      255
176
     1
290
     0
176
     1
 90
       50
176
     1
 90
       50
176
     1
 90
       50
176
     1
290
     0
176
     1
 90
       50
176
     1
 62
   256
176
     0
 40
1.0
176
     0
 90
        2
176
     1
  1
strokes_ogs.tif
176
     1
290
     0
176
     1
 40
1.0
176
     1
 40
1.0
176
     1
  0
VISUALSTYLE
  5
1ACE
102
{ACAD_REACTORS
330
1AC2
102
}
330
1AC2
100
AcDbVisualStyle
  2
Brighten
 70
    12
177
     3
291
     1
 70
    58
 90
        2
176
     1
 90
        2
176
     1
 90
        0
176
     1
 90
        0
176
     1
 40
0.6
176
     1
 40
30.0
176
     1
 62
     7
420
 16777215
176
     1
 90
        1
176
     1
 90
        4
176
     1
 62
     7
176
     1
 62
   257
176
     1
 90
        1
176
     1
 90
        1
176
     1
 40
1.0
176
     1
 90
        8
176
     1
 62
     7
176
     1
 40
1.0
176
     1
 90
        1
176
     1
 90
        6
176
     1
 90
        2
176
     1
 62
     7
176
     1
 90
        5
176
     1
 90
        0
176
     1
 90
        0
176
     1
290
     0
176
     1
 90
        1
176
     1
 40
50.0
176
     1
 90
        0
176
     1
290
     0
176
     1
290
     1
176
     1
290
     1
176
     1
290
     0
176
     1
290
     0
176
     1
290
     0
176
     1
290
     0
176
     1
290
     0
176
     1
290
     0
176
     1
 90
       50
176
     1
 40
0.0
176
     1
 40
1.0
176
     1
 90
        0
176
     1
 62
    18
420
        0
176
     1
 90
       50
176
     1
 90
        3
176
     1
 62
     5
420
      255
176
     1
290
     0
176
     1
 90
       50
176
     1
 90
       50
176
     1
 90
       50
176
     1
290
     0
176
     1
 90
       50
176
     1
 62
   256
176
     0
 40
1.0
176
     0
 90
        2
176
     1
  1
strokes_ogs.tif
176
     1
290
     0
176
     1
 40
1.0
176
     1
 40
1.0
176
     1
  0
VISUALSTYLE
  5
1AD2
102
{ACAD_REACTORS
330
1AC2
102
}
330
1AC2
100
AcDbVisualStyle
  2
ColorChange
 70
    16
177
     3
291
     1
 70
    58
 90
        2
176
     1
 90
        2
176
     1
 90
        3
176
     1
 90
        0
176
     1
 40
0.6
176
     1
 40
30.0
176
     1
 62
     8
420
  8421504
176
     1
 90
        1
176
     1
 90
        4
176
     1
 62
     7
176
     1
 62
   257
176
     1
 90
        1
176
     1
 90
        1
176
     1
 40
1.0
176
     1
 90
        8
176
     1
 62
     8
420
  8421504
176
     1
 40
1.0
176
     1
 90
        1
176
     1
 90
        6
176
     1
 90
        2
176
     1
 62
     7
176
     1
 90
        5
176
     1
 90
        0
176
     1
 90
        0
176
     1
290
     0
176
     1
 90
        1
176
     1
 40
0.0
176
     1
 90
        0
176
     1
290
     0
176
     1
290
     1
176
     1
290
     1
176
     1
290
     0
176
     1
290
     0
176
     1
290
     0
176
     1
290
     0
176
     1
290
     0
176
     1
290
     0
176
     1
 90
       50
176
     1
 40
0.0
176
     1
 40
1.0
176
     1
 90
        0
176
     1
 62
    18
420
        0
176
     1
 90
       50
176
     1
 90
        3
176
     1
 62
     5
420
      255
176
     1
290
     0
176
     1
 90
       50
176
     1
 90
       50
176
     1
 90
       50
176
     1
290
     0
176
     1
 90
       50
176
     1
 62
   256
176
     0
 40
1.0
176
     0
 90
        2
176
     1
  1
strokes_ogs.tif
176
     1
290
     0
176
     1
 40
1.0
176
     1
 40
1.0
176
     1
  0
VISUALSTYLE
  5
1ACC
102
{ACAD_REACTORS
330
1AC2
102
}
330
1AC2
100
AcDbVisualStyle
  2
Conceptual
 70
     9
177
     3
291
     0
 70
    58
 90
        3
176
     1
 90
        2
176
     1
 90
        0
176
     1
 90
        0
176
     1
 40
0.6
176
     1
 40
30.0
176
     1
 62
     7
420
 16777215
176
     1
 90
        2
176
     1
 90
        2
176
     1
 62
     7
176
     1
 62
   257
176
     1
 90
        1
176
     1
 90
        1
176
     1
 40
179.0
176
     1
 90
        8
176
     1
 62
     7
176
     1
 40
1.0
176
     1
 90
        1
176
     1
 90
        6
176
     1
 90
        2
176
     1
 62
     7
176
     1
 90
        3
176
     1
 90
        0
176
     1
 90
        0
176
     1
290
     0
176
     1
 90
        1
176
     1
 40
0.0
176
     1
 90
        0
176
     1
290
     0
176
     1
290
     1
176
     1
290
     1
176
     1
290
     0
176
     1
290
     0
176
     1
290
     0
176
     1
290
     0
176
     1
290
     0
176
     1
290
     0
176
     1
 90
       50
176
     1
 40
0.0
176
     1
 40
1.0
176
     1
 90
        0
176
     1
 62
    18
420
        0
176
     1
 90
       50
176
     1
 90
        3
176
     1
 62
     5
420
      255
176
     1
290
     0
176
     1
 90
       50
176
     1
 90
       50
176
     1
 90
       50
176
     1
290
     0
176
     1
 90
       50
176
     1
 62
   256
176
     0
 40
1.0
176
     0
 90
        2
176
     1
  1
strokes_ogs.tif
176
     1
290
     0
176
     1
 40
1.0
176
     1
 40
1.0
176
     1
  0
VISUALSTYLE
  5
1ACD
102
{ACAD_REACTORS
330
1AC2
102
}
330
1AC2
100
AcDbVisualStyle
  2
Dim
 70
    11
177
     3
291
     1
 70
    58
 90
        2
176
     1
 90
        2
176
     1
 90
        0
176
     1
 90
        0
176
     1
 40
0.6
176
     1
 40
30.0
176
     1
 62
     7
420
 16777215
176
     1
 90
        1
176
     1
 90
        4
176
     1
 62
     7
176
     1
 62
   257
176
     1
 90
        1
176
     1
 90
        1
176
     1
 40
1.0
176
     1
 90
        8
176
     1
 62
     7
176
     1
 40
1.0
176
     1
 90
        1
176
     1
 90
        6
176
     1
 90
        2
176
     1
 62
     7
176
     1
 90
        5
176
     1
 90
        0
176
     1
 90
        0
176
     1
290
     0
176
     1
 90
        1
176
     1
 40
-50.0
176
     1
 90
        0
176
     1
290
     0
176
     1
290
     1
176
     1
290
     1
176
     1
290
     0
176
     1
290
     0
176
     1
290
     0
176
     1
290
     0
176
     1
290
     0
176
     1
290
     0
176
     1
 90
       50
176
     1
 40
0.0
176
     1
 40
1.0
176
     1
 90
        0
176
     1
 62
    18
420
        0
176
     1
 90
       50
176
     1
 90
        3
176
     1
 62
     5
420
      255
176
     1
290
     0
176
     1
 90
       50
176
     1
 90
       50
176
     1
 90
       50
176
     1
290
     0
176
     1
 90
       50
176
     1
 62
   256
176
     0
 40
1.0
176
     0
 90
        2
176
     1
  1
strokes_ogs.tif
176
     1
290
     0
176
     1
 40
1.0
176
     1
 40
1.0
176
     1
  0
VISUALSTYLE
  5
1AD5
102
{ACAD_REACTORS
330
1AC2
102
}
330
1AC2
100
AcDbVisualStyle
  2
EdgeColorOff
 70
    22
177
     3
291
     1
 70
    58
 90
        2
176
     0
 90
        2
176
     0
 90
        0
176
     0
 90
        0
176
     0
 40
0.6
176
     0
 40
30.0
176
     0
 62
     7
420
 16777215
176
     0
 90
        1
176
     0
 90
        4
176
     0
 62
     7
176
     0
 62
   257
176
     0
 90
        1
176
     0
 90
        1
176
     0
 40
1.0
176
     0
 90
        8
176
     2
 62
     7
176
     0
 40
1.0
176
     0
 90
        1
176
     0
 90
        6
176
     0
 90
        2
176
     0
 62
     7
176
     0
 90
        5
176
     0
 90
        0
176
     0
 90
        0
176
     0
290
     0
176
     0
 90
        1
176
     0
 40
0.0
176
     0
 90
        0
176
     0
290
     0
176
     0
290
     1
176
     0
290
     1
176
     0
290
     0
176
     0
290
     0
176
     0
290
     0
176
     0
290
     0
176
     0
290
     0
176
     0
290
     0
176
     0
 90
       50
176
     0
 40
0.0
176
     0
 40
1.0
176
     0
 90
        0
176
     0
 62
    18
420
        0
176
     0
 90
       50
176
     0
 90
        3
176
     0
 62
     5
420
      255
176
     0
290
     0
176
     0
 90
       50
176
     0
 90
       50
176
     0
 90
       50
176
     0
290
     0
176
     0
 90
       50
176
     0
 62
   256
176
     0
 40
1.0
176
     0
 90
        2
176
     0
  1
strokes_ogs.tif
176
     0
290
     0
176
     0
 40
1.0
176
     0
 40
1.0
176
     0
  0
VISUALSTYLE
  5
1AD1
102
{ACAD_REACTORS
330
1AC2
102
}
330
1AC2
100
AcDbVisualStyle
  2
Facepattern
 70
    15
177
     3
291
     1
 70
    58
 90
        2
176
     1
 90
        2
176
     1
 90
        0
176
     1
 90
        0
176
     1
 40
0.6
176
     1
 40
30.0
176
     1
 62
     7
420
 16777215
176
     1
 90
        1
176
     1
 90
        4
176
     1
 62
     7
176
     1
 62
   257
176
     1
 90
        1
176
     1
 90
        1
176
     1
 40
1.0
176
     1
 90
        8
176
     1
 62
     7
176
     1
 40
1.0
176
     1
 90
        1
176
     1
 90
        6
176
     1
 90
        2
176
     1
 62
     7
176
     1
 90
        5
176
     1
 90
        0
176
     1
 90
        0
176
     1
290
     0
176
     1
 90
        1
176
     1
 40
0.0
176
     1
 90
        0
176
     1
290
     0
176
     1
290
     1
176
     1
290
     1
176
     1
290
     0
176
     1
290
     0
176
     1
290
     0
176
     1
290
     0
176
     1
290
     0
176
     1
290
     0
176
     1
 90
       50
176
     1
 40
0.0
176
     1
 40
1.0
176
     1
 90
        0
176
     1
 62
    18
420
        0
176
     1
 90
       50
176
     1
 90
        3
176
     1
 62
     5
420
      255
176
     1
290
     0
176
     1
 90
       50
176
     1
 90
       50
176
     1
 90
       50
176
     1
290
     0
176
     1
 90
       50
176
     1
 62
   256
176
     0
 40
1.0
176
     0
 90
        2
176
     1
  1
strokes_ogs.tif
176
     1
290
     0
176
     1
 40
1.0
176
     1
 40
1.0
176
     1
  0
VISUALSTYLE
  5
1AC3
102
{ACAD_REACTORS
330
1AC2
102
}
330
1AC2
100
AcDbVisualStyle
  2
Flat
 70
     0
177
     3
291
     1
 70
    58
 90
        2
176
     1
 90
        1
176
     1
 90
        1
176
     1
 90
        2
176
     1
 40
0.6
176
     1
 40
30.0
176
     1
 62
     7
420
 16777215
176
     1
 90
        0
176
     1
 90
        0
176
     1
 62
     7
176
     1
 62
   257
176
     1
 90
        1
176
     1
 90
        1
176
     1
 40
1.0
176
     1
 90
        8
176
     1
 62
     7
176
     1
 40
1.0
176
     1
 90
        1
176
     1
 90
        6
176
     1
 90
        2
176
     1
 62
     7
176
     1
 90
        5
176
     1
 90
        0
176
     1
 90
        0
176
     1
290
     0
176
     1
 90
       13
176
     1
 40
0.0
176
     1
 90
        0
176
     1
290
     0
176
     1
290
     1
176
     1
290
     1
176
     1
290
     0
176
     1
290
     0
176
     1
290
     0
176
     1
290
     0
176
     1
290
     0
176
     1
290
     0
176
     1
 90
       50
176
     1
 40
0.0
176
     1
 40
1.0
176
     1
 90
        0
176
     1
 62
    18
420
        0
176
     1
 90
       50
176
     1
 90
        3
176
     1
 62
     5
420
      255
176
     1
290
     0
176
     1
 90
       50
176
     1
 90
       50
176
     1
 90
       50
176
     1
290
     0
176
     1
 90
       50
176
     1
 62
   256
176
     0
 40
1.0
176
     0
 90
        2
176
     1
  1
strokes_ogs.tif
176
     1
290
     0
176
     1
 40
1.0
176
     1
 40
1.0
176
     1
  0
VISUALSTYLE
  5
1AC4
102
{ACAD_REACTORS
330
1AC2
102
}
330
1AC2
100
AcDbVisualStyle
  2
FlatWithEdges
 70
     1
177
     3
291
     1
 70
    58
 90
        2
176
     1
 90
        1
176
     1
 90
        1
176
     1
 90
        2
176
     1
 40
0.6
176
     1
 40
30.0
176
     1
 62
     7
420
 16777215
176
     1
 90
        1
176
     1
 90
        0
176
     1
 62
     7
176
     1
 62
   257
176
     1
 90
        1
176
     1
 90
        1
176
     1
 40
1.0
176
     1
 90
        0
176
     1
 62
   257
176
     1
 40
1.0
176
     1
 90
        1
176
     1
 90
        6
176
     1
 90
        2
176
     1
 62
     7
176
     1
 90
        5
176
     1
 90
        0
176
     1
 90
        0
176
     1
290
     0
176
     1
 90
       13
176
     1
 40
0.0
176
     1
 90
        0
176
     1
290
     0
176
     1
290
     1
176
     1
290
     1
176
     1
290
     0
176
     1
290
     0
176
     1
290
     0
176
     1
290
     0
176
     1
290
     0
176
     1
290
     0
176
     1
 90
       50
176
     1
 40
0.0
176
     1
 40
1.0
176
     1
 90
        0
176
     1
 62
    18
420
        0
176
     1
 90
       50
176
     1
 90
        3
176
     1
 62
     5
420
      255
176
     1
290
     0
176
     1
 90
       50
176
     1
 90
       50
176
     1
 90
       50
176
     1
290
     0
176
     1
 90
       50
176
     1
 62
   256
176
     0
 40
1.0
176
     0
 90
        2
176
     1
  1
strokes_ogs.tif
176
     1
290
     0
176
     1
 40
1.0
176
     1
 40
1.0
176
     1
  0
VISUALSTYLE
  5
1AC5
102
{ACAD_REACTORS
330
1AC2
102
}
330
1AC2
100
AcDbVisualStyle
  2
Gouraud
 70
     2
177
     3
291
     1
 70
    58
 90
        2
176
     1
 90
        2
176
     1
 90
        1
176
     1
 90
        2
176
     1
 40
0.6
176
     1
 40
30.0
176
     1
 62
     7
420
 16777215
176
     1
 90
        0
176
     1
 90
        0
176
     1
 62
     7
176
     1
 62
   257
176
     1
 90
        1
176
     1
 90
        1
176
     1
 40
1.0
176
     1
 90
        0
176
     1
 62
     7
176
     1
 40
1.0
176
     1
 90
        1
176
     1
 90
        6
176
     1
 90
        2
176
     1
 62
     7
176
     1
 90
        5
176
     1
 90
        0
176
     1
 90
        0
176
     1
290
     0
176
     1
 90
       13
176
     1
 40
0.0
176
     1
 90
        0
176
     1
290
     0
176
     1
290
     1
176
     1
290
     1
176
     1
290
     0
176
     1
290
     0
176
     1
290
     0
176
     1
290
     0
176
     1
290
     0
176
     1
290
     0
176
     1
 90
       50
176
     1
 40
0.0
176
     1
 40
1.0
176
     1
 90
        0
176
     1
 62
    18
420
        0
176
     1
 90
       50
176
     1
 90
        3
176
     1
 62
     5
420
      255
176
     1
290
     0
176
     1
 90
       50
176
     1
 90
       50
176
     1
 90
       50
176
     1
290
     0
176
     1
 90
       50
176
     1
 62
   256
176
     0
 40
1.0
176
     0
 90
        2
176
     1
  1
strokes_ogs.tif
176
     1
290
     0
176
     1
 40
1.0
176
     1
 40
1.0
176
     1
  0
VISUALSTYLE
  5
1AC6
102
{ACAD_REACTORS
330
1AC2
102
}
330
1AC2
100
AcDbVisualStyle
  2
GouraudWithEdges
 70
     3
177
     3
291
     1
 70
    58
 90
        2
176
     1
 90
        2
176
     1
 90
        1
176
     1
 90
        2
176
     1
 40
0.6
176
     1
 40
30.0
176
     1
 62
     7
420
 16777215
176
     1
 90
        1
176
     1
 90
        0
176
     1
 62
     7
176
     1
 62
   257
176
     1
 90
        1
176
     1
 90
        1
176
     1
 40
1.0
176
     1
 90
        0
176
     1
 62
   257
176
     1
 40
1.0
176
     1
 90
        1
176
     1
 90
        6
176
     1
 90
        2
176
     1
 62
     7
176
     1
 90
        5
176
     1
 90
        0
176
     1
 90
        0
176
     1
290
     0
176
     1
 90
       13
176
     1
 40
0.0
176
     1
 90
        0
176
     1
290
     0
176
     1
290
     1
176
     1
290
     1
176
     1
290
     0
176
     1
290
     0
176
     1
290
     0
176
     1
290
     0
176
     1
290
     0
176
     1
290
     0
176
     1
 90
       50
176
     1
 40
0.0
176
     1
 40
1.0
176
     1
 90
        0
176
     1
 62
    18
420
        0
176
     1
 90
       50
176
     1
 90
        3
176
     1
 62
     5
420
      255
176
     1
290
     0
176
     1
 90
       50
176
     1
 90
       50
176
     1
 90
       50
176
     1
290
     0
176
     1
 90
       50
176
     1
 62
   256
176
     0
 40
1.0
176
     0
 90
        2
176
     1
  1
strokes_ogs.tif
176
     1
290
     0
176
     1
 40
1.0
176
     1
 40
1.0
176
     1
  0
VISUALSTYLE
  5
1AC9
102
{ACAD_REACTORS
330
1AC2
102
}
330
1AC2
100
AcDbVisualStyle
  2
Hidden
 70
     6
177
     3
291
     0
 70
    58
 90
        1
176
     1
 90
        2
176
     1
 90
        2
176
     1
 90
        0
176
     1
 40
0.6
176
     1
 40
30.0
176
     1
 62
     7
420
 16777215
176
     1
 90
        2
176
     1
 90
        2
176
     1
 62
     7
176
     1
 62
   257
176
     1
 90
        2
176
     1
 90
        1
176
     1
 40
40.0
176
     1
 90
        0
176
     1
 62
   257
176
     1
 40
1.0
176
     1
 90
        1
176
     1
 90
        6
176
     1
 90
        2
176
     1
 62
     7
176
     1
 90
        3
176
     1
 90
        0
176
     1
 90
        0
176
     1
290
     0
176
     1
 90
        1
176
     1
 40
0.0
176
     1
 90
        0
176
     1
290
     0
176
     1
290
     1
176
     1
290
     1
176
     1
290
     0
176
     1
290
     0
176
     1
290
     0
176
     1
290
     0
176
     1
290
     0
176
     1
290
     0
176
     1
 90
       50
176
     1
 40
0.0
176
     1
 40
1.0
176
     1
 90
        0
176
     1
 62
    18
420
        0
176
     1
 90
       50
176
     1
 90
        3
176
     1
 62
     5
420
      255
176
     1
290
     0
176
     1
 90
       50
176
     1
 90
       50
176
     1
 90
       50
176
     1
290
     0
176
     1
 90
       50
176
     1
 62
   256
176
     0
 40
1.0
176
     0
 90
        2
176
     1
  1
strokes_ogs.tif
176
     1
290
     0
176
     1
 40
1.0
176
     1
 40
1.0
176
     1
  0
VISUALSTYLE
  5
1AD3
102
{ACAD_REACTORS
330
1AC2
102
}
330
1AC2
100
AcDbVisualStyle
  2
JitterOff
 70
    20
177
     3
291
     1
 70
    58
 90
        2
176
     0
 90
        2
176
     0
 90
        0
176
     0
 90
        0
176
     0
 40
0.6
176
     0
 40
30.0
176
     0
 62
     7
420
 16777215
176
     0
 90
        1
176
     0
 90
        4
176
     0
 62
     7
176
     0
 62
   257
176
     0
 90
        1
176
     0
 90
        1
176
     0
 40
1.0
176
     0
 90
       10
176
     2
 62
     7
176
     0
 40
1.0
176
     0
 90
        1
176
     0
 90
        6
176
     0
 90
        2
176
     0
 62
     7
176
     0
 90
        5
176
     0
 90
        0
176
     0
 90
        0
176
     0
290
     0
176
     0
 90
        1
176
     0
 40
0.0
176
     0
 90
        0
176
     0
290
     0
176
     0
290
     1
176
     0
290
     1
176
     0
290
     0
176
     0
290
     0
176
     0
290
     0
176
     0
290
     0
176
     0
290
     0
176
     0
290
     0
176
     0
 90
       50
176
     0
 40
0.0
176
     0
 40
1.0
176
     0
 90
        0
176
     0
 62
    18
420
        0
176
     0
 90
       50
176
     0
 90
        3
176
     0
 62
     5
420
      255
176
     0
290
     0
176
     0
 90
       50
176
     0
 90
       50
176
     0
 90
       50
176
     0
290
     0
176
     0
 90
       50
176
     0
 62
   256
176
     0
 40
1.0
176
     0
 90
        2
176
     0
  1
strokes_ogs.tif
176
     0
290
     0
176
     0
 40
1.0
176
     0
 40
1.0
176
     0
  0
VISUALSTYLE
  5
1AD0
102
{ACAD_REACTORS
330
1AC2
102
}
330
1AC2
100
AcDbVisualStyle
  2
Linepattern
 70
    14
177
     3
291
     1
 70
    58
 90
        2
176
     1
 90
        2
176
     1
 90
        0
176
     1
 90
        0
176
     1
 40
0.6
176
     1
 40
30.0
176
     1
 62
     7
420
 16777215
176
     1
 90
        1
176
     1
 90
        4
176
     1
 62
     7
176
     1
 62
   257
176
     1
 90
        7
176
     1
 90
        7
176
     1
 40
1.0
176
     1
 90
        8
176
     1
 62
     7
176
     1
 40
1.0
176
     1
 90
        1
176
     1
 90
        6
176
     1
 90
        2
176
     1
 62
     7
176
     1
 90
        5
176
     1
 90
        0
176
     1
 90
        0
176
     1
290
     0
176
     1
 90
        1
176
     1
 40
0.0
176
     1
 90
        0
176
     1
290
     0
176
     1
290
     1
176
     1
290
     1
176
     1
290
     0
176
     1
290
     0
176
     1
290
     0
176
     1
290
     0
176
     1
290
     0
176
     1
290
     0
176
     1
 90
       50
176
     1
 40
0.0
176
     1
 40
1.0
176
     1
 90
        0
176
     1
 62
    18
420
        0
176
     1
 90
       50
176
     1
 90
        3
176
     1
 62
     5
420
      255
176
     1
290
     0
176
     1
 90
       50
176
     1
 90
       50
176
     1
 90
       50
176
     1
290
     0
176
     1
 90
       50
176
     1
 62
   256
176
     0
 40
1.0
176
     0
 90
        2
176
     1
  1
strokes_ogs.tif
176
     1
290
     0
176
     1
 40
1.0
176
     1
 40
1.0
176
     1
  0
VISUALSTYLE
  5
1AD4
102
{ACAD_REACTORS
330
1AC2
102
}
330
1AC2
100
AcDbVisualStyle
  2
OverhangOff
 70
    21
177
     3
291
     1
 70
    58
 90
        2
176
     0
 90
        2
176
     0
 90
        0
176
     0
 90
        0
176
     0
 40
0.6
176
     0
 40
30.0
176
     0
 62
     7
420
 16777215
176
     0
 90
        1
176
     0
 90
        4
176
     0
 62
     7
176
     0
 62
   257
176
     0
 90
        1
176
     0
 90
        1
176
     0
 40
1.0
176
     0
 90
        9
176
     2
 62
     7
176
     0
 40
1.0
176
     0
 90
        1
176
     0
 90
        6
176
     0
 90
        2
176
     0
 62
     7
176
     0
 90
        5
176
     0
 90
        0
176
     0
 90
        0
176
     0
290
     0
176
     0
 90
        1
176
     0
 40
0.0
176
     0
 90
        0
176
     0
290
     0
176
     0
290
     1
176
     0
290
     1
176
     0
290
     0
176
     0
290
     0
176
     0
290
     0
176
     0
290
     0
176
     0
290
     0
176
     0
290
     0
176
     0
 90
       50
176
     0
 40
0.0
176
     0
 40
1.0
176
     0
 90
        0
176
     0
 62
    18
420
        0
176
     0
 90
       50
176
     0
 90
        3
176
     0
 62
     5
420
      255
176
     0
290
     0
176
     0
 90
       50
176
     0
 90
       50
176
     0
 90
       50
176
     0
290
     0
176
     0
 90
       50
176
     0
 62
   256
176
     0
 40
1.0
176
     0
 90
        2
176
     0
  1
strokes_ogs.tif
176
     0
290
     0
176
     0
 40
1.0
176
     0
 40
1.0
176
     0
  0
VISUALSTYLE
  5
1ACB
102
{ACAD_REACTORS
330
1AC2
102
}
330
1AC2
100
AcDbVisualStyle
  2
Realistic
 70
     8
177
     3
291
     0
 70
    58
 90
        2
176
     1
 90
        3
176
     1
 90
        0
176
     1
 90
        2
176
     1
 40
0.6
176
     1
 40
30.0
176
     1
 62
     7
420
 16777215
176
     1
 90
        0
176
     1
 90
        0
176
     1
 62
     7
176
     1
 62
   257
176
     1
 90
        1
176
     1
 90
        1
176
     1
 40
1.0
176
     1
 90
        8
176
     1
 62
   257
176
     1
 40
1.0
176
     1
 90
        1
176
     1
 90
        6
176
     1
 90
        2
176
     1
 62
     7
176
     1
 90
        3
176
     1
 90
        0
176
     1
 90
        0
176
     1
290
     0
176
     1
 90
       13
176
     1
 40
0.0
176
     1
 90
        0
176
     1
290
     0
176
     1
290
     1
176
     1
290
     1
176
     1
290
     0
176
     1
290
     0
176
     1
290
     0
176
     1
290
     0
176
     1
290
     0
176
     1
290
     0
176
     1
 90
       50
176
     1
 40
0.0
176
     1
 40
1.0
176
     1
 90
        0
176
     1
 62
    18
420
        0
176
     1
 90
       50
176
     1
 90
        3
176
     1
 62
     5
420
      255
176
     1
290
     0
176
     1
 90
       50
176
     1
 90
       50
176
     1
 90
       50
176
     1
290
     0
176
     1
 90
       50
176
     1
 62
   256
176
     0
 40
1.0
176
     0
 90
        2
176
     1
  1
strokes_ogs.tif
176
     1
290
     0
176
     1
 40
1.0
176
     1
 40
1.0
176
     1
  0
VISUALSTYLE
  5
1ADA
102
{ACAD_REACTORS
330
1AC2
102
}
330
1AC2
100
AcDbVisualStyle
  2
Shaded
 70
    27
177
     3
291
     0
 70
    58
 90
        2
176
     1
 90
        2
176
     1
 90
        1
176
     1
 90
        2
176
     1
 40
0.6
176
     1
 40
30.0
176
     1
 62
     7
420
 16777215
176
     1
 90
        0
176
     1
 90
        4
176
     1
 62
     7
176
     1
 62
   257
176
     1
 90
        1
176
     1
 90
        1
176
     1
 40
1.0
176
     1
 90
        8
176
     1
 62
   257
176
     1
 40
1.0
176
     1
 90
        1
176
     1
 90
        6
176
     1
 90
        2
176
     1
 62
     8
420
  7895160
176
     1
 90
        3
176
     1
 90
        0
176
     1
 90
        0
176
     1
290
     0
176
     1
 90
        5
176
     1
 40
0.0
176
     1
 90
        0
176
     1
290
     0
176
     1
290
     1
176
     1
290
     1
176
     1
290
     0
176
     1
290
     0
176
     1
290
     0
176
     1
290
     0
176
     1
290
     0
176
     1
290
     0
176
     1
 90
       50
176
     1
 40
0.0
176
     1
 40
1.0
176
     1
 90
        0
176
     1
 62
    18
420
        0
176
     1
 90
       50
176
     1
 90
        3
176
     1
 62
     5
420
      255
176
     1
290
     0
176
     1
 90
       50
176
     1
 90
       50
176
     1
 90
       50
176
     1
290
     0
176
     1
 90
       50
176
     1
 62
   256
176
     0
 40
1.0
176
     0
 90
        2
176
     1
  1
strokes_ogs.tif
176
     1
290
     0
176
     1
 40
1.0
176
     1
 40
1.0
176
     1
  0
VISUALSTYLE
  5
1AD9
102
{ACAD_REACTORS
330
1AC2
102
}
330
1AC2
100
AcDbVisualStyle
  2
Shaded with edges
 70
    26
177
     3
291
     0
 70
    58
 90
        2
176
     1
 90
        2
176
     1
 90
        1
176
     1
 90
        2
176
     1
 40
0.6
176
     1
 40
30.0
176
     1
 62
     7
420
 16777215
176
     1
 90
        1
176
     1
 90
       10
176
     1
 62
     7
176
     1
 62
   257
176
     1
 90
        2
176
     1
 90
        1
176
     1
 40
1.0
176
     1
 90
        8
176
     1
 62
   257
176
     1
 40
1.0
176
     1
 90
        1
176
     1
 90
        6
176
     1
 90
        2
176
     1
 62
     7
176
     1
 90
        3
176
     1
 90
        0
176
     1
 90
        0
176
     1
290
     0
176
     1
 90
        5
176
     1
 40
0.0
176
     1
 90
        0
176
     1
290
     0
176
     1
290
     1
176
     1
290
     1
176
     1
290
     0
176
     1
290
     0
176
     1
290
     0
176
     1
290
     0
176
     1
290
     0
176
     1
290
     0
176
     1
 90
       50
176
     1
 40
0.0
176
     1
 40
1.0
176
     1
 90
        0
176
     1
 62
    18
420
        0
176
     1
 90
       50
176
     1
 90
        3
176
     1
 62
     5
420
      255
176
     1
290
     0
176
     1
 90
       50
176
     1
 90
       50
176
     1
 90
       50
176
     1
290
     0
176
     1
 90
       50
176
     1
 62
   256
176
     0
 40
1.0
176
     0
 90
        2
176
     1
  1
strokes_ogs.tif
176
     1
290
     0
176
     1
 40
1.0
176
     1
 40
1.0
176
     1
  0
VISUALSTYLE
  5
1AD6
102
{ACAD_REACTORS
330
1AC2
102
}
330
1AC2
100
AcDbVisualStyle
  2
Shades of Gray
 70
    23
177
     3
291
     0
 70
    58
 90
        2
176
     1
 90
        2
176
     1
 90
        3
176
     1
 90
        0
176
     1
 40
0.6
176
     1
 40
30.0
176
     1
 62
     7
420
 16777215
176
     1
 90
        2
176
     1
 90
        2
176
     1
 62
     7
176
     1
 62
     7
176
     1
 90
        1
176
     1
 90
        1
176
     1
 40
40.0
176
     1
 90
        8
176
     1
 62
     7
176
     1
 40
1.0
176
     1
 90
        1
176
     1
 90
        6
176
     1
 90
        2
176
     1
 62
     7
176
     1
 90
        3
176
     1
 90
        0
176
     1
 90
        0
176
     1
290
     0
176
     1
 90
        1
176
     1
 40
0.0
176
     1
 90
        0
176
     1
290
     0
176
     1
290
     1
176
     1
290
     1
176
     1
290
     0
176
     1
290
     0
176
     1
290
     0
176
     1
290
     0
176
     1
290
     0
176
     1
290
     0
176
     1
 90
       50
176
     1
 40
0.0
176
     1
 40
1.0
176
     1
 90
        0
176
     1
 62
    18
420
        0
176
     1
 90
       50
176
     1
 90
        3
176
     1
 62
     5
420
      255
176
     1
290
     0
176
     1
 90
       50
176
     1
 90
       50
176
     1
 90
       50
176
     1
290
     0
176
     1
 90
       50
176
     1
 62
   256
176
     0
 40
1.0
176
     0
 90
        2
176
     1
  1
strokes_ogs.tif
176
     1
290
     0
176
     1
 40
1.0
176
     1
 40
1.0
176
     1
  0
VISUALSTYLE
  5
1AD7
102
{ACAD_REACTORS
330
1AC2
102
}
330
1AC2
100
AcDbVisualStyle
  2
Sketchy
 70
    24
177
     3
291
     0
 70
    58
 90
        1
176
     1
 90
        2
176
     1
 90
        2
176
     1
 90
        0
176
     1
 40
0.6
176
     1
 40
30.0
176
     1
 62
     7
420
 16777215
176
     1
 90
        2
176
     1
 90
        2
176
     1
 62
     7
176
     1
 62
     7
176
     1
 90
        1
176
     1
 90
        1
176
     1
 40
40.0
176
     1
 90
       11
176
     1
 62
     7
176
     1
 40
1.0
176
     1
 90
        1
176
     1
 90
        6
176
     1
 90
        2
176
     1
 62
     7
176
     1
 90
        6
176
     1
 90
        0
176
     1
 90
        0
176
     1
290
     0
176
     1
 90
        1
176
     1
 40
0.0
176
     1
 90
        0
176
     1
290
     0
176
     1
290
     1
176
     1
290
     1
176
     1
290
     0
176
     1
290
     0
176
     1
290
     0
176
     1
290
     0
176
     1
290
     0
176
     1
290
     0
176
     1
 90
       50
176
     1
 40
0.0
176
     1
 40
1.0
176
     1
 90
        0
176
     1
 62
    18
420
        0
176
     1
 90
       50
176
     1
 90
        3
176
     1
 62
     5
420
      255
176
     1
290
     0
176
     1
 90
       50
176
     1
 90
       50
176
     1
 90
       50
176
     1
290
     0
176
     1
 90
       50
176
     1
 62
   256
176
     0
 40
1.0
176
     0
 90
        2
176
     1
  1
strokes_ogs.tif
176
     1
290
     0
176
     1
 40
1.0
176
     1
 40
1.0
176
     1
  0
VISUALSTYLE
  5
1ACF
102
{ACAD_REACTORS
330
1AC2
102
}
330
1AC2
100
AcDbVisualStyle
  2
Thicken
 70
    13
177
     3
291
     1
 70
    58
 90
        2
176
     1
 90
        2
176
     1
 90
        0
176
     1
 90
        0
176
     1
 40
0.6
176
     1
 40
30.0
176
     1
 62
     7
420
 16777215
176
     1
 90
        1
176
     1
 90
        4
176
     1
 62
     7
176
     1
 62
   257
176
     1
 90
        1
176
     1
 90
        1
176
     1
 40
1.0
176
     1
 90
       12
176
     1
 62
     7
176
     1
 40
1.0
176
     1
 90
        1
176
     1
 90
        6
176
     1
 90
        2
176
     1
 62
     7
176
     1
 90
        5
176
     1
 90
        0
176
     1
 90
        0
176
     1
290
     0
176
     1
 90
        1
176
     1
 40
0.0
176
     1
 90
        0
176
     1
290
     0
176
     1
290
     1
176
     1
290
     1
176
     1
290
     0
176
     1
290
     0
176
     1
290
     0
176
     1
290
     0
176
     1
290
     0
176
     1
290
     0
176
     1
 90
       50
176
     1
 40
0.0
176
     1
 40
1.0
176
     1
 90
        0
176
     1
 62
    18
420
        0
176
     1
 90
       50
176
     1
 90
        3
176
     1
 62
     5
420
      255
176
     1
290
     0
176
     1
 90
       50
176
     1
 90
       50
176
     1
 90
       50
176
     1
290
     0
176
     1
 90
       50
176
     1
 62
   256
176
     0
 40
1.0
176
     0
 90
        2
176
     1
  1
strokes_ogs.tif
176
     1
290
     0
176
     1
 40
1.0
176
     1
 40
1.0
176
     1
  0
VISUALSTYLE
  5
1AC8
102
{ACAD_REACTORS
330
1AC2
102
}
330
1AC2
100
AcDbVisualStyle
  2
Wireframe
 70
     5
177
     3
291
     0
 70
    58
 90
        0
176
     1
 90
        2
176
     1
 90
        0
176
     1
 90
        0
176
     1
 40
0.6
176
     1
 40
30.0
176
     1
 62
     7
420
 16777215
176
     1
 90
        1
176
     1
 90
        4
176
     1
 62
     7
176
     1
 62
   257
176
     1
 90
        1
176
     1
 90
        1
176
     1
 40
1.0
176
     1
 90
        0
176
     1
 62
   257
176
     1
 40
1.0
176
     1
 90
        1
176
     1
 90
        6
176
     1
 90
        2
176
     1
 62
     7
176
     1
 90
        3
176
     1
 90
        0
176
     1
 90
        0
176
     1
290
     0
176
     1
 90
        1
176
     1
 40
0.0
176
     1
 90
        0
176
     1
290
     0
176
     1
290
     1
176
     1
290
     1
176
     1
290
     0
176
     1
290
     0
176
     1
290
     0
176
     1
290
     0
176
     1
290
     0
176
     1
290
     0
176
     1
 90
       50
176
     1
 40
0.0
176
     1
 40
1.0
176
     1
 90
        0
176
     1
 62
    18
420
        0
176
     1
 90
       50
176
     1
 90
        3
176
     1
 62
     5
420
      255
176
     1
290
     0
176
     1
 90
       50
176
     1
 90
       50
176
     1
 90
       50
176
     1
290
     0
176
     1
 90
       50
176
     1
 62
   256
176
     0
 40
1.0
176
     0
 90
        2
176
     1
  1
strokes_ogs.tif
176
     1
290
     0
176
     1
 40
1.0
176
     1
 40
1.0
176
     1
  0
VISUALSTYLE
  5
1AD8
102
{ACAD_REACTORS
330
1AC2
102
}
330
1AC2
100
AcDbVisualStyle
  2
X-Ray
 70
    25
177
     3
291
     0
 70
    58
 90
        2
176
     1
 90
        2
176
     1
 90
        1
176
     1
 90
        1
176
     1
 40
0.5
176
     1
 40
30.0
176
     1
 62
     7
420
 16777215
176
     1
 90
        1
176
     1
 90
        0
176
     1
 62
     7
176
     1
 62
   257
176
     1
 90
        1
176
     1
 90
        1
176
     1
 40
1.0
176
     1
 90
        8
176
     1
 62
     7
176
     1
 40
1.0
176
     1
 90
        1
176
     1
 90
        6
176
     1
 90
        2
176
     1
 62
     7
176
     1
 90
        3
176
     1
 90
        0
176
     1
 90
        0
176
     1
290
     0
176
     1
 90
       13
176
     1
 40
0.0
176
     1
 90
        0
176
     1
290
     0
176
     1
290
     1
176
     1
290
     1
176
     1
290
     0
176
     1
290
     0
176
     1
290
     0
176
     1
290
     0
176
     1
290
     0
176
     1
290
     0
176
     1
 90
       50
176
     1
 40
0.0
176
     1
 40
1.0
176
     1
 90
        0
176
     1
 62
    18
420
        0
176
     1
 90
       50
176
     1
 90
        3
176
     1
 62
     5
420
      255
176
     1
290
     0
176
     1
 90
       50
176
     1
 90
       50
176
     1
 90
       50
176
     1
290
     0
176
     1
 90
       50
176
     1
 62
   256
176
     0
 40
1.0
176
     0
 90
        2
176
     1
  1
strokes_ogs.tif
176
     1
290
     0
176
     1
 40
1.0
176
     1
 40
1.0
176
     1
  0
DICTIONARYVAR
  5
1B68
102
{ACAD_REACTORS
330
1B67
102
}
330
1B67
100
DictionaryVariables
280
     0
  1
1:1
  0
DICTIONARYVAR
  5
1B6D
102
{ACAD_REACTORS
330
1B67
102
}
330
1B67
100
DictionaryVariables
280
     0
  1
Standard
  0
DICTIONARYVAR
  5
1B6C
102
{ACAD_REACTORS
330
1B67
102
}
330
1B67
100
DictionaryVariables
280
     0
  1
Standard
  0
XRECORD
  5
1AF9
102
{ACAD_REACTORS
330
1AF7
102
}
330
1AF7
100
AcDbXrecord
280
     1
1000
#ffffff
  0
XRECORD
  5
1AFA
102
{ACAD_REACTORS
330
1AF7
102
}
330
1AF7
100
AcDbXrecord
280
     1
1000
FullColor
  0
XRECORD
  5
1AFB
102
{ACAD_REACTORS
330
1AF7
102
}
330
1AF7
100
AcDbXrecord
280
     1
290
     1
  0
XRECORD
  5
1AFC
102
{ACAD_REACTORS
330
1AF7
102
}
330
1AF7
100
AcDbXrecord
280
     1
290
     1
  0
XRECORD
  5
1AFD
102
{ACAD_REACTORS
330
1AF7
102
}
330
1AF7
100
AcDbXrecord
280
     1
290
     1
  0
XRECORD
  5
1AFE
102
{ACAD_REACTORS
330
1AF7
102
}
330
1AF7
100
AcDbXrecord
280
     1
290
     1
  0
XRECORD
  5
1AFF
102
{ACAD_REACTORS
330
1AF7
102
}
330
1AF7
100
AcDbXrecord
280
     1
1000
auto
  0
XRECORD
  5
1B00
102
{ACAD_REACTORS
330
1AF7
102
}
330
1AF7
100
AcDbXrecord
280
     1
1000
auto
  0
XRECORD
  5
1B01
102
{ACAD_REACTORS
330
1AF7
102
}
330
1AF7
100
AcDbXrecord
280
     1
1000
auto
  0
XRECORD
  5
1B02
102
{ACAD_REACTORS
330
1AF7
102
}
330
1AF7
100
AcDbXrecord
280
     1
1000
auto
  0
XRECORD
  5
1B03
102
{ACAD_REACTORS
330
1AF7
102
}
330
1AF7
100
AcDbXrecord
280
     1
1000
auto
  0
XRECORD
  5
1B04
102
{ACAD_REACTORS
330
1AF7
102
}
330
1AF7
100
AcDbXrecord
280
     1
1000
auto
  0
XRECORD
  5
1B05
102
{ACAD_REACTORS
330
1AF7
102
}
330
1AF7
100
AcDbXrecord
280
     1
1000
auto
  0
XRECORD
  5
1B06
102
{ACAD_REACTORS
330
1AF7
102
}
330
1AF7
100
AcDbXrecord
280
     1
1000
auto
  0
XRECORD
  5
1B07
102
{ACAD_REACTORS
330
1AF7
102
}
330
1AF7
100
AcDbXrecord
280
     1
290
     0
  0
XRECORD
  5
1B08
102
{ACAD_REACTORS
330
1AF7
102
}
330
1AF7
100
AcDbXrecord
280
     1
290
     0
  0
XRECORD
  5
1B09
102
{ACAD_REACTORS
330
1AF7
102
}
330
1AF7
100
AcDbXrecord
280
     1
290
     0
  0
XRECORD
  5
1B0A
102
{ACAD_REACTORS
330
1AF7
102
}
330
1AF7
100
AcDbXrecord
280
     1
290
     0
  0
XRECORD
  5
1B0B
102
{ACAD_REACTORS
330
1AF7
102
}
330
1AF7
100
AcDbXrecord
280
     1
 90
    65537
  0
XRECORD
  5
1B0C
102
{ACAD_REACTORS
330
1AF7
102
}
330
1AF7
100
AcDbXrecord
280
     1
 90
    65537
  0
XRECORD
  5
1B0D
102
{ACAD_REACTORS
330
1AF7
102
}
330
1AF7
100
AcDbXrecord
280
     1
 90
    65537
  0
XRECORD
  5
1B0E
102
{ACAD_REACTORS
330
1AF7
102
}
330
1AF7
100
AcDbXrecord
280
     1
 90
    65537
  0
XRECORD
  5
1B0F
102
{ACAD_REACTORS
330
1AF7
102
}
330
1AF7
100
AcDbXrecord
280
     1
1000
auto
  0
XRECORD
  5
1B10
102
{ACAD_REACTORS
330
1AF7
102
}
330
1AF7
100
AcDbXrecord
280
     1
1000
auto
  0
XRECORD
  5
1B11
102
{ACAD_REACTORS
330
1AF7
102
}
330
1AF7
100
AcDbXrecord
280
     1
1000
auto
  0
XRECORD
  5
1B12
102
{ACAD_REACTORS
330
1AF7
102
}
330
1AF7
100
AcDbXrecord
280
     1
1000
auto
  0
XRECORD
  5
1B13
102
{ACAD_REACTORS
330
1AF7
102
}
330
1AF7
100
AcDbXrecord
280
     1
1000
auto
  0
XRECORD
  5
1B14
102
{ACAD_REACTORS
330
1AF7
102
}
330
1AF7
100
AcDbXrecord
280
     1
1000
auto
  0
XRECORD
  5
1B15
102
{ACAD_REACTORS
330
1AF7
102
}
330
1AF7
100
AcDbXrecord
280
     1
1000
auto
  0
XRECORD
  5
1B16
102
{ACAD_REACTORS
330
1AF7
102
}
330
1AF7
100
AcDbXrecord
280
     1
1000
auto
  0
XRECORD
  5
1B17
102
{ACAD_REACTORS
330
1AF7
102
}
330
1AF7
100
AcDbXrecord
280
     1
 90
        1
  0
XRECORD
  5
1B18
102
{ACAD_REACTORS
330
1AF7
102
}
330
1AF7
100
AcDbXrecord
280
     1
 40
10.0
  0
XRECORD
  5
1B19
102
{ACAD_REACTORS
330
1AF7
102
}
330
1AF7
100
AcDbXrecord
280
     1
 40
10.0
  0
XRECORD
  5
1B1A
102
{ACAD_REACTORS
330
1AF7
102
}
330
1AF7
100
AcDbXrecord
280
     1
 40
10.0
  0
XRECORD
  5
1B1B
102
{ACAD_REACTORS
330
1AF7
102
}
330
1AF7
100
AcDbXrecord
280
     1
 40
10.0
  0
XRECORD
  5
1B1C
102
{ACAD_REACTORS
330
1AF7
102
}
330
1AF7
100
AcDbXrecord
280
     1
290
     0
  0
XRECORD
  5
1B1D
102
{ACAD_REACTORS
330
1AF7
102
}
330
1AF7
100
AcDbXrecord
280
     1
 90
        1
  0
XRECORD
  5
1B1E
102
{ACAD_REACTORS
330
1AF7
102
}
330
1AF7
100
AcDbXrecord
280
     1
 40
0.0
  0
XRECORD
  5
1B1F
102
{ACAD_REACTORS
330
1AF7
102
}
330
1AF7
100
AcDbXrecord
280
     1
 40
0.0
  0
XRECORD
  5
1B20
102
{ACAD_REACTORS
330
1AF7
102
}
330
1AF7
100
AcDbXrecord
280
     1
1000
Portrait
  0
XRECORD
  5
1B21
102
{ACAD_REACTORS
330
1AF7
102
}
330
1AF7
100
AcDbXrecord
280
     1
 40
297.0
  0
XRECORD
  5
1B22
102
{ACAD_REACTORS
330
1AF7
102
}
330
1AF7
100
AcDbXrecord
280
     1
 40
210.0
  0
XRECORD
  5
1B23
102
{ACAD_REACTORS
330
1AF7
102
}
330
1AF7
100
AcDbXrecord
280
     1
1000
1:1
  0
XRECORD
  5
1B24
102
{ACAD_REACTORS
330
1AF7
102
}
330
1AF7
100
AcDbXrecord
280
     1
290
     1
  0
XRECORD
  5
1B25
102
{ACAD_REACTORS
330
1AF7
102
}
330
1AF7
100
AcDbXrecord
280
     1
290
     0
  0
XRECORD
  5
1B26
102
{ACAD_REACTORS
330
1AF7
102
}
330
1AF7
100
AcDbXrecord
280
     1
1000
Inside
  0
XRECORD
  5
1B27
102
{ACAD_REACTORS
330
1AF7
102
}
330
1AF7
100
AcDbXrecord
280
     1
1000
Arial,10,-1,5,400,0,0,0,0,0,0,0,0,0,0,1,,0,0
  0
XRECORD
  5
1B28
102
{ACAD_REACTORS
330
1AF7
102
}
330
1AF7
100
AcDbXrecord
280
     1
1000
TopLeft
  0
XRECORD
  5
1B29
102
{ACAD_REACTORS
330
1AF7
102
}
330
1AF7
100
AcDbXrecord
280
     1
1000
3.32.9
  0
XRECORD
  5
1B2A
102
{ACAD_REACTORS
330
1AF7
102
}
330
1AF7
100
AcDbXrecord
280
     1
 90
        4
  0
XRECORD
  5
1B2B
102
{ACAD_REACTORS
330
1AF7
102
}
330
1AF7
100
AcDbXrecord
280
     1
  0
XRECORD
  5
1B2C
102
{ACAD_REACTORS
330
1AF7
102
}
330
1AF7
100
AcDbXrecord
280
     1
 40
171.24
  0
XRECORD
  5
1B2D
102
{ACAD_REACTORS
330
1AF7
102
}
330
1AF7
100
AcDbXrecord
280
     1
 40
319.0799999999999
  0
DICTIONARY
  5
1B69
330
1AF2
100
AcDbDictionary
280
     1
281
     1
  3
ACAD_ROUNDTRIP_2008_TABLESTYLE_CELLSTYLEMAP
360
1B6A
  0
CELLSTYLEMAP
  5
1B6A
102
{ACAD_REACTORS
330
1B69
102
}
330
1B69
100
AcDbCellStyleMap
 90
        3
300
CELLSTYLE
  1
TABLEFORMAT_BEGIN
 90
        5
170
     1
 91
        0
 92
    32768
 62
   257
 93
        1
300
CONTENTFORMAT
  1
CONTENTFORMAT_BEGIN
 90
        0
 91
        0
 92
        4
 93
        0
300

 40
0.0
140
1.0
 94
        5
 62
     0
340
1AAA
144
0.25
309
CONTENTFORMAT_END
171
     1
301
MARGIN
  1
CELLMARGIN_BEGIN
 40
0.06
 40
0.06
 40
0.06
 40
0.06
 40
0.06
 40
0.06
309
CELLMARGIN_END
 94
        6
 95
        1
302
GRIDFORMAT
  1
GRIDFORMAT_BEGIN
 90
        0
 91
        1
 62
     0
 92
       -2
340
1AAC
 93
        0
 40
0.045
309
GRIDFORMAT_END
 95
        2
302
GRIDFORMAT
  1
GRIDFORMAT_BEGIN
 90
        0
 91
        1
 62
     0
 92
       -2
340
1AAC
 93
        0
 40
0.045
309
GRIDFORMAT_END
 95
        4
302
GRIDFORMAT
  1
GRIDFORMAT_BEGIN
 90
        0
 91
        1
 62
     0
 92
       -2
340
1AAC
 93
        0
 40
0.045
309
GRIDFORMAT_END
 95
        8
302
GRIDFORMAT
  1
GRIDFORMAT_BEGIN
 90
        0
 91
        1
 62
     0
 92
       -2
340
1AAC
 93
        0
 40
0.045
309
GRIDFORMAT_END
 95
       16
302
GRIDFORMAT
  1
GRIDFORMAT_BEGIN
 90
        0
 91
        1
 62
     0
 92
       -2
340
1AAC
 93
        0
 40
0.045
309
GRIDFORMAT_END
 95
       32
302
GRIDFORMAT
  1
GRIDFORMAT_BEGIN
 90
        0
 91
        1
 62
     0
 92
       -2
340
1AAC
 93
        0
 40
0.045
309
GRIDFORMAT_END
309
TABLEFORMAT_END
  1
CELLSTYLE_BEGIN
 90
        1
 91
        1
300
_TITLE
309
CELLSTYLE_END
300
CELLSTYLE
  1
TABLEFORMAT_BEGIN
 90
        5
170
     1
 91
        0
 92
        0
 62
   257
 93
        1
300
CONTENTFORMAT
  1
CONTENTFORMAT_BEGIN
 90
        0
 91
        0
 92
        4
 93
        0
300

 40
0.0
140
1.0
 94
        5
 62
     0
340
1AAA
144
0.18
309
CONTENTFORMAT_END
171
     1
301
MARGIN
  1
CELLMARGIN_BEGIN
 40
0.06
 40
0.06
 40
0.06
 40
0.06
 40
0.06
 40
0.06
309
CELLMARGIN_END
 94
        6
 95
        1
302
GRIDFORMAT
  1
GRIDFORMAT_BEGIN
 90
        0
 91
        1
 62
     0
 92
       -2
340
1AAC
 93
        0
 40
0.045
309
GRIDFORMAT_END
 95
        2
302
GRIDFORMAT
  1
GRIDFORMAT_BEGIN
 90
        0
 91
        1
 62
     0
 92
       -2
340
1AAC
 93
        0
 40
0.045
309
GRIDFORMAT_END
 95
        4
302
GRIDFORMAT
  1
GRIDFORMAT_BEGIN
 90
        0
 91
        1
 62
     0
 92
       -2
340
1AAC
 93
        0
 40
0.045
309
GRIDFORMAT_END
 95
        8
302
GRIDFORMAT
  1
GRIDFORMAT_BEGIN
 90
        0
 91
        1
 62
     0
 92
       -2
340
1AAC
 93
        0
 40
0.045
309
GRIDFORMAT_END
 95
       16
302
GRIDFORMAT
  1
GRIDFORMAT_BEGIN
 90
        0
 91
        1
 62
     0
 92
       -2
340
1AAC
 93
        0
 40
0.045
309
GRIDFORMAT_END
 95
       32
302
GRIDFORMAT
  1
GRIDFORMAT_BEGIN
 90
        0
 91
        1
 62
     0
 92
       -2
340
1AAC
 93
        0
 40
0.045
309
GRIDFORMAT_END
309
TABLEFORMAT_END
  1
CELLSTYLE_BEGIN
 90
        2
 91
        1
300
_HEADER
309
CELLSTYLE_END
300
CELLSTYLE
  1
TABLEFORMAT_BEGIN
 90
        5
170
     1
 91
        0
 92
        0
 62
   257
 93
        1
300
CONTENTFORMAT
  1
CONTENTFORMAT_BEGIN
 90
        0
 91
        0
 92
        4
 93
        0
300

 40
0.0
140
1.0
 94
        2
 62
     0
340
1AAA
144
0.18
309
CONTENTFORMAT_END
171
     1
301
MARGIN
  1
CELLMARGIN_BEGIN
 40
0.06
 40
0.06
 40
0.06
 40
0.06
 40
0.06
 40
0.06
309
CELLMARGIN_END
 94
        6
 95
        1
302
GRIDFORMAT
  1
GRIDFORMAT_BEGIN
 90
        0
 91
        1
 62
     0
 92
       -2
340
1AAC
 93
        0
 40
0.045
309
GRIDFORMAT_END
 95
        2
302
GRIDFORMAT
  1
GRIDFORMAT_BEGIN
 90
        0
 91
        1
 62
     0
 92
       -2
340
1AAC
 93
        0
 40
0.045
309
GRIDFORMAT_END
 95
        4
302
GRIDFORMAT
  1
GRIDFORMAT_BEGIN
 90
        0
 91
        1
 62
     0
 92
       -2
340
1AAC
 93
        0
 40
0.045
309
GRIDFORMAT_END
 95
        8
302
GRIDFORMAT
  1
GRIDFORMAT_BEGIN
 90
        0
 91
        1
 62
     0
 92
       -2
340
1AAC
 93
        0
 40
0.045
309
GRIDFORMAT_END
 95
       16
302
GRIDFORMAT
  1
GRIDFORMAT_BEGIN
 90
        0
 91
        1
 62
     0
 92
       -2
340
1AAC
 93
        0
 40
0.045
309
GRIDFORMAT_END
 95
       32
302
GRIDFORMAT
  1
GRIDFORMAT_BEGIN
 90
        0
 91
        1
 62
     0
 92
       -2
340
1AAC
 93
        0
 40
0.045
309
GRIDFORMAT_END
309
TABLEFORMAT_END
  1
CELLSTYLE_BEGIN
 90
        3
 91
        2
300
_DATA
309
CELLSTYLE_END
  0
ENDSEC
  0
EOF
