  0
SECTION
  2
HEADER
  9
$ACADVER
  1
AC1024
  9
$ACADMAINTVER
 70
     6
  9
$DWGCODEPAGE
  3
ANSI_1252
  9
$LASTSAVEDBY
  1
Kip
  9
$INSBASE
 10
0.0
 20
0.0
 30
0.0
  9
$EXTMIN
 10
37.75350100208423
 20
-167.6399617708219
 30
0.0
  9
$EXTMAX
 10
220.3738450434269
 20
-40.38595495657304
 30
0.0
  9
$LIMMIN
 10
0.0
 20
0.0
  9
$LIMMAX
 10
12.0
 20
9.0
  9
$ORTHOMODE
 70
     0
  9
$REGENMODE
 70
     1
  9
$FILLMODE
 70
     1
  9
$QTEXTMODE
 70
     0
  9
$MIRRTEXT
 70
     0
  9
$LTSCALE
 40
1.0
  9
$ATTMODE
 70
     1
  9
$TEXTSIZE
 40
0.2
  9
$TRACEWID
 40
0.05
  9
$TEXTSTYLE
  7
Standard
  9
$CLAYER
  8
0
  9
$CELTYPE
  6
ByLayer
  9
$CECOLOR
 62
   256
  9
$CELTSCALE
 40
1.0
  9
$DISPSILH
 70
     0
  9
$DIMSCALE
 40
1.0
  9
$DIMASZ
 40
2.5
  9
$DIMEXO
 40
0.625
  9
$DIMDLI
 40
5.0
  9
$DIMRND
 40
0.0
  9
$DIMDLE
 40
0.0
  9
$DIMEXE
 40
1.25
  9
$DIMTP
 40
0.0
  9
$DIMTM
 40
0.0
  9
$DIMTXT
 40
2.5
  9
$DIMCEN
 40
0.09
  9
$DIMTSZ
 40
0.0
  9
$DIMTOL
 70
     0
  9
$DIMLIM
 70
     0
  9
$DIMTIH
 70
     0
  9
$DIMTOH
 70
     1
  9
$DIMSE1
 70
     0
  9
$DIMSE2
 70
     0
  9
$DIMTAD
 70
     1
  9
$DIMZIN
 70
     8
  9
$DIMBLK
  1

  9
$DIMASO
 70
     1
  9
$DIMSHO
 70
     1
  9
$DIMPOST
  1

  9
$DIMAPOST
  1

  9
$DIMALT
 70
     0
  9
$DIMALTD
 70
     2
  9
$DIMALTF
 40
25.4
  9
$DIMLFAC
 40
1.0
  9
$DIMTOFL
 70
     0
  9
$DIMTVP
 40
0.0
  9
$DIMTIX
 70
     0
  9
$DIMSOXD
 70
     0
  9
$DIMSAH
 70
     0
  9
$DIMBLK1
  1

  9
$DIMBLK2
  1

  9
$DIMSTYLE
  2
Standard
  9
$DIMCLRD
 70
     0
  9
$DIMCLRE
 70
     0
  9
$DIMCLRT
 70
     0
  9
$DIMTFAC
 40
1.0
  9
$DIMGAP
 40
0.625
  9
$DIMJUST
 70
     0
  9
$DIMSD1
 70
     0
  9
$DIMSD2
 70
     0
  9
$DIMTOLJ
 70
     1
  9
$DIMTZIN
 70
     0
  9
$DIMALTZ
 70
     0
  9
$DIMALTTZ
 70
     0
  9
$DIMUPT
 70
     0
  9
$DIMDEC
 70
     4
  9
$DIMTDEC
 70
     4
  9
$DIMALTU
 70
     2
  9
$DIMALTTD
 70
     2
  9
$DIMTXSTY
  7
Standard
  9
$DIMAUNIT
 70
     0
  9
$DIMADEC
 70
     0
  9
$DIMALTRND
 40
0.0
  9
$DIMAZIN
 70
     2
  9
$DIMDSEP
 70
    46
  9
$DIMATFIT
 70
     0
  9
$DIMFRAC
 70
     0
  9
$DIMLDRBLK
  1

  9
$DIMLUNIT
 70
     2
  9
$DIMLWD
 70
    -2
  9
$DIMLWE
 70
    -2
  9
$DIMTMOVE
 70
     0
  9
$DIMFXL
 40
1.0
  9
$DIMFXLON
 70
     0
  9
$DIMJOGANG
 40
0.7853981633974483
  9
$DIMTFILL
 70
     0
  9
$DIMTFILLCLR
 70
     0
  9
$DIMARCSYM
 70
     0
  9
$DIMLTYPE
  6

  9
$DIMLTEX1
  6

  9
$DIMLTEX2
  6

  9
$DIMTXTDIRECTION
 70
     0
  9
$LUNITS
 70
     2
  9
$LUPREC
 70
     4
  9
$SKETCHINC
 40
0.1
  9
$FILLETRAD
 40
0.0
  9
$AUNITS
 70
     0
  9
$AUPREC
 70
     0
  9
$MENU
  1
.
  9
$ELEVATION
 40
0.0
  9
$PELEVATION
 40
0.0
  9
$THICKNESS
 40
0.0
  9
$LIMCHECK
 70
     0
  9
$CHAMFERA
 40
0.0
  9
$CHAMFERB
 40
0.0
  9
$CHAMFERC
 40
0.0
  9
$CHAMFERD
 40
0.0
  9
$SKPOLY
 70
     0
  9
$TDCREATE
 40
2461249.878966517
  9
$TDUCREATE
 40
2461249.545633183
  9
$TDUPDATE
 40
2461249.878966736
  9
$TDUUPDATE
 40
2461249.545633403
  9
$TDINDWG
 40
0.0000000116
  9
$TDUSRTIMER
 40
0.0000000116
  9
$USRTIMER
 70
     1
  9
$ANGBASE
 50
0.0
  9
$ANGDIR
 70
     0
  9
$PDMODE
 70
     0
  9
$PDSIZE
 40
0.0
  9
$PLINEWID
 40
0.0
  9
$SPLFRAME
 70
     0
  9
$SPLINETYPE
 70
     6
  9
$SPLINESEGS
 70
     8
  9
$HANDSEED
  5
1BC3
  9
$SURFTAB1
 70
     6
  9
$SURFTAB2
 70
     6
  9
$SURFTYPE
 70
     6
  9
$SURFU
 70
     6
  9
$SURFV
 70
     6
  9
$UCSBASE
  2

  9
$UCSNAME
  2

  9
$UCSORG
 10
0.0
 20
0.0
 30
0.0
  9
$UCSXDIR
 10
1.0
 20
0.0
 30
0.0
  9
$UCSYDIR
 10
0.0
 20
1.0
 30
0.0
  9
$UCSORTHOREF
  2

  9
$UCSORTHOVIEW
 70
     0
  9
$UCSORGTOP
 10
0.0
 20
0.0
 30
0.0
  9
$UCSORGBOTTOM
 10
0.0
 20
0.0
 30
0.0
  9
$UCSORGLEFT
 10
0.0
 20
0.0
 30
0.0
  9
$UCSORGRIGHT
 10
0.0
 20
0.0
 30
0.0
  9
$UCSORGFRONT
 10
0.0
 20
0.0
 30
0.0
  9
$UCSORGBACK
 10
0.0
 20
0.0
 30
0.0
  9
$PUCSBASE
  2

  9
$PUCSNAME
  2

  9
$PUCSORG
 10
0.0
 20
0.0
 30
0.0
  9
$PUCSXDIR
 10
1.0
 20
0.0
 30
0.0
  9
$PUCSYDIR
 10
0.0
 20
1.0
 30
0.0
  9
$PUCSORTHOREF
  2

  9
$PUCSORTHOVIEW
 70
     0
  9
$PUCSORGTOP
 10
0.0
 20
0.0
 30
0.0
  9
$PUCSORGBOTTOM
 10
0.0
 20
0.0
 30
0.0
  9
$PUCSORGLEFT
 10
0.0
 20
0.0
 30
0.0
  9
$PUCSORGRIGHT
 10
0.0
 20
0.0
 30
0.0
  9
$PUCSORGFRONT
 10
0.0
 20
0.0
 30
0.0
  9
$PUCSORGBACK
 10
0.0
 20
0.0
 30
0.0
  9
$USERI1
 70
     0
  9
$USERI2
 70
     0
  9
$USERI3
 70
     0
  9
$USERI4
 70
     0
  9
$USERI5
 70
     0
  9
$USERR1
 40
0.0
  9
$USERR2
 40
0.0
  9
$USERR3
 40
0.0
  9
$USERR4
 40
0.0
  9
$USERR5
 40
0.0
  9
$WORLDVIEW
 70
     1
  9
$SHADEDGE
 70
     3
  9
$SHADEDIF
 70
    70
  9
$TILEMODE
 70
     1
  9
$MAXACTVP
 70
    64
  9
$PINSBASE
 10
0.0
 20
0.0
 30
0.0
  9
$PLIMCHECK
 70
     0
  9
$PEXTMIN
 10
0.0
 20
0.0
 30
0.0
  9
$PEXTMAX
 10
0.0
 20
0.0
 30
0.0
  9
$PLIMMIN
 10
-20.0
 20
-7.5
  9
$PLIMMAX
 10
277.0
 20
202.5
  9
$UNITMODE
 70
     0
  9
$VISRETAIN
 70
     1
  9
$PLINEGEN
 70
     0
  9
$PSLTSCALE
 70
     1
  9
$TREEDEPTH
 70
  3020
  9
$CMLSTYLE
  2
Standard
  9
$CMLJUST
 70
     0
  9
$CMLSCALE
 40
1.0
  9
$PROXYGRAPHICS
 70
     1
  9
$MEASUREMENT
 70
     1
  9
$CELWEIGHT
370
    -1
  9
$ENDCAPS
280
     0
  9
$JOINSTYLE
280
     0
  9
$LWDISPLAY
290
     0
  9
$INSUNITS
 70
     4
  9
$HYPERLINKBASE
  1

  9
$STYLESHEET
  1

  9
$XEDIT
290
     1
  9
$CEPSNTYPE
380
     0
  9
$PSTYLEMODE
290
     1
  9
$FINGERPRINTGUID
  2
{f7f01231-b01c-4059-bdde-84fe4a49284f}
  9
$VERSIONGUID
  2
{FAEB1C32-E019-11D5-929B-00C0DF256EC4}
  9
$EXTNAMES
290
     1
  9
$PSVPSCALE
 40
0.0
  9
$OLESTARTUP
290
     0
  9
$SORTENTS
280
   127
  9
$INDEXCTL
280
     0
  9
$HIDETEXT
280
     1
  9
$XCLIPFRAME
280
     2
  9
$HALOGAP
280
     0
  9
$OBSCOLOR
 70
   257
  9
$OBSLTYPE
280
     0
  9
$INTERSECTIONDISPLAY
280
     0
  9
$INTERSECTIONCOLOR
 70
   257
  9
$DIMASSOC
280
     2
  9
$PROJECTNAME
  1

  9
$CAMERADISPLAY
290
     0
  9
$LENSLENGTH
 40
50.0
  9
$CAMERAHEIGHT
 40
0.0
  9
$STEPSPERSEC
 40
2.0
  9
$STEPSIZE
 40
6.0
  9
$3DDWFPREC
 40
2.0
  9
$PSOLWIDTH
 40
0.25
  9
$PSOLHEIGHT
 40
4.0
  9
$LOFTANG1
 40
1.570796326794897
  9
$LOFTANG2
 40
1.570796326794897
  9
$LOFTMAG1
 40
0.0
  9
$LOFTMAG2
 40
0.0
  9
$LOFTPARAM
 70
     7
  9
$LOFTNORMALS
280
     1
  9
$LATITUDE
 40
37.795
  9
$LONGITUDE
 40
-122.394
  9
$NORTHDIRECTION
 40
0.0
  9
$TIMEZONE
 70
 -8000
  9
$LIGHTGLYPHDISPLAY
280
     1
  9
$TILEMODELIGHTSYNCH
280
     1
  9
$CMATERIAL
347
1AFF
  9
$SOLIDHIST
280
     0
  9
$SHOWHIST
280
     1
  9
$DWFFRAME
280
     2
  9
$DGNFRAME
280
     2
  9
$REALWORLDSCALE
290
     1
  9
$INTERFERECOLOR
 62
   256
  9
$CSHADOW
280
     0
  9
$SHADOWPLANELOCATION
 40
0.0
  0
ENDSEC
  0
SECTION
  2
CLASSES
  0
CLASS
  1
ACDBDICTIONARYWDFLT
  2
AcDbDictionaryWithDefault
  3
ObjectDBX Classes
 90
        0
 91
        3
280
     0
281
     0
  0
CLASS
  1
VISUALSTYLE
  2
AcDbVisualStyle
  3
ObjectDBX Classes
 90
     4095
 91
        3
280
     0
281
     0
  0
CLASS
  1
MATERIAL
  2
AcDbMaterial
  3
ObjectDBX Classes
 90
     1153
 91
        3
280
     0
281
     0
  0
CLASS
  1
SCALE
  2
AcDbScale
  3
ObjectDBX Classes
 90
     1153
 91
        3
280
     0
281
     0
  0
CLASS
  1
TABLESTYLE
  2
AcDbTableStyle
  3
ObjectDBX Classes
 90
     4095
 91
        3
280
     0
281
     0
  0
CLASS
  1
MLEADERSTYLE
  2
AcDbMLeaderStyle
  3
ACDB_MLEADERSTYLE_CLASS
 90
     4095
 91
        3
280
     0
281
     0
  0
CLASS
  1
SUN
  2
AcDbSun
  3
SCENEOE
 90
     1153
 91
        3
280
     0
281
     0
  0
CLASS
  1
DICTIONARYVAR
  2
AcDbDictionaryVar
  3
ObjectDBX Classes
 90
        0
 91
        3
280
     0
281
     0
  0
CLASS
  1
CELLSTYLEMAP
  2
AcDbCellStyleMap
  3
ObjectDBX Classes
 90
     1152
 91
        3
280
     0
281
     0
  0
ENDSEC
  0
SECTION
  2
TABLES
  0
TABLE
  2
VPORT
  5
1AC4
330
0
100
AcDbSymbolTable
 70
     1
  0
VPORT
  5
1AE4
330
1AC4
100
AcDbSymbolTableRecord
100
AcDbViewportTableRecord
  2
*Active
 70
     0
 10
0.0
 20
0.0
 11
1.0
 21
1.0
 12
174.0797027999334
 22
-70.51686002005331
 13
0.0
 23
0.0
 14
0.5
 24
0.5
 15
0.5
 25
0.5
 16
0.0
 26
0.0
 36
1.0
 17
0.0
 27
0.0
 37
0.0
 40
82.58101851851853
 41
1.863349684653118
 42
50.0
 43
0.0
 44
0.0
 50
0.0
 51
0.0
 71
     0
 72
   100
 73
     1
 74
     3
 75
     0
 76
     0
 77
     0
 78
     0
281
     0
 65
     1
110
0.0
120
0.0
130
0.0
111
1.0
121
0.0
131
0.0
112
0.0
122
1.0
132
0.0
 79
     0
146
0.0
348
1AEA
 60
     3
 61
     5
292
     1
282
     1
141
0.0
142
0.0
 63
   250
361
1B18
  0
ENDTAB
  0
TABLE
  2
LTYPE
  5
1AC1
330
0
100
AcDbSymbolTable
 70
    51
  0
LTYPE
  5
1ACF
330
1AC1
100
AcDbSymbolTableRecord
100
AcDbLinetypeTableRecord
  2
ByBlock
 70
     0
  3

 72
    65
 73
     0
 40
0.0
  0
LTYPE
  5
1AD0
330
1AC1
100
AcDbSymbolTableRecord
100
AcDbLinetypeTableRecord
  2
ByLayer
 70
     0
  3

 72
    65
 73
     0
 40
0.0
  0
LTYPE
  5
1AD1
330
1AC1
100
AcDbSymbolTableRecord
100
AcDbLinetypeTableRecord
  2
Continuous
 70
     0
  3
Solid line
 72
    65
 73
     0
 40
0.0
  0
LTYPE
  5
1B52
330
1AC1
100
AcDbSymbolTableRecord
100
AcDbLinetypeTableRecord
  2
PHANTOMX2
 70
     0
  3
Phantom (2x) ____________    ____    ____   _
 72
    65
 73
     6
 40
127.0
 49
63.5
 74
     0
 49
-12.7
 74
     0
 49
12.7
 74
     0
 49
-12.7
 74
     0
 49
12.7
 74
     0
 49
-12.7
 74
     0
  0
LTYPE
  5
1B53
330
1AC1
100
AcDbSymbolTableRecord
100
AcDbLinetypeTableRecord
  2
DASHED
 70
     0
  3
Dashed __ __ __ __ __ __ __ __ __ __ __ __ __ _
 72
    65
 73
     2
 40
19.05
 49
12.7
 74
     0
 49
-6.35
 74
     0
  0
LTYPE
  5
1B55
330
1AC1
100
AcDbSymbolTableRecord
100
AcDbLinetypeTableRecord
  2
BATTING
 70
     0
  3
Batting SSSSSSSSSSSSSSSSSSSSSSSSSSSSSSSSSSSSSSSSSSSSSSS
 72
    65
 73
     4
 40
10.16254
 49
0.00254
 74
     0
 49
-2.54
 74
     2
 75
     0
340
1B54
 46
2.54
 50
0.0
 44
-2.54
 45
0.0
  9
BAT
 49
-5.08
 74
     2
 75
     0
340
1B54
 46
2.54
 50
180.0
 44
2.54
 45
0.0
  9
BAT
 49
-2.54
 74
     0
  0
LTYPE
  5
1B57
330
1AC1
100
AcDbSymbolTableRecord
100
AcDbLinetypeTableRecord
  2
DRAINAGE
 70
     0
  3
Drainage ---->---->---->----
 72
    65
 73
     2
 40
10.16
 49
5.08
 74
     2
 75
     0
340
1B56
 46
2.54
 50
180.0
 44
0.0
 45
0.0
  9
RIGHT_ARROW
 49
5.08
 74
     0
  0
LTYPE
  5
1B58
330
1AC1
100
AcDbSymbolTableRecord
100
AcDbLinetypeTableRecord
  2
DASHEDX2
 70
     0
  3
Dashed (2x) ____  ____  ____  ____  ____  ___
 72
    65
 73
     2
 40
38.09999999999999
 49
25.4
 74
     0
 49
-12.7
 74
     0
  0
LTYPE
  5
1B59
330
1AC1
100
AcDbSymbolTableRecord
100
AcDbLinetypeTableRecord
  2
POINT2
 70
     0
  3
----\/-----\/---
 72
    65
 73
     2
 40
31.26232
 49
25.4
 74
     2
 75
     0
340
1B54
 46
5.08
 50
0.0
 44
0.0
 45
0.0
  9
PT2
 49
-5.86232
 74
     0
  0
LTYPE
  5
1B5B
330
1AC1
100
AcDbSymbolTableRecord
100
AcDbLinetypeTableRecord
  2
HOT_WATER_SUPPLY
 70
     0
  3
Hot water supply ---- HW ---- HW ---- HW ----
 72
    65
 73
     3
 40
22.86
 49
12.7
 74
     0
 49
-5.08
 74
     2
 75
     0
340
1B5A
 46
2.54
 50
0.0
 44
-2.54
 45
-1.27
  9
HW
 49
-5.08
 74
     0
  0
LTYPE
  5
1B5C
330
1AC1
100
AcDbSymbolTableRecord
100
AcDbLinetypeTableRecord
  2
ACAD_ISO06W100
 70
     0
  3
ISO long-dash triple-dot ____ ... ____ ... ____
 72
    65
 73
     8
 40
36.0
 49
24.0
 74
     0
 49
-3.0
 74
     0
 49
0.0
 74
     0
 49
-3.0
 74
     0
 49
0.0
 74
     0
 49
-3.0
 74
     0
 49
0.0
 74
     0
 49
-3.0
 74
     0
  0
LTYPE
  5
1B5D
330
1AC1
100
AcDbSymbolTableRecord
100
AcDbLinetypeTableRecord
  2
BORDERX2
 70
     0
  3
Border (2x) ____  ____  .  ____  ____  .  ___
 72
    65
 73
     6
 40
88.89999999999999
 49
25.4
 74
     0
 49
-12.7
 74
     0
 49
25.4
 74
     0
 49
-12.7
 74
     0
 49
0.0
 74
     0
 49
-12.7
 74
     0
  0
LTYPE
  5
1B5E
330
1AC1
100
AcDbSymbolTableRecord
100
AcDbLinetypeTableRecord
  2
DOT
 70
     0
  3
Dot . . . . . . . . . . . . . . . . . . . . . . . .
 72
    65
 73
     2
 40
6.35
 49
0.0
 74
     0
 49
-6.35
 74
     0
  0
LTYPE
  5
1B5F
330
1AC1
100
AcDbSymbolTableRecord
100
AcDbLinetypeTableRecord
  2
DRAINAGE2
 70
     0
  3
Drainage reversed----<----<----<----
 72
    65
 73
     2
 40
10.16
 49
5.08
 74
     2
 75
     0
340
1B56
 46
2.54
 50
0.0
 44
0.0
 45
0.0
  9
RIGHT_ARROW
 49
5.08
 74
     0
  0
LTYPE
  5
1B60
330
1AC1
100
AcDbSymbolTableRecord
100
AcDbLinetypeTableRecord
  2
TRACKS
 70
     0
  3
Tracks -|-|-|-|-|-|-|-|-|-|-|-|-|-|-|-|-|-|-|-|-|-|-|-|-
 72
    65
 73
     2
 40
7.62
 49
3.81
 74
     2
 75
     0
340
1B54
 46
6.35
 50
0.0
 44
0.0
 45
0.0
  9
TRACK1
 49
3.81
 74
     0
  0
LTYPE
  5
1B61
330
1AC1
100
AcDbSymbolTableRecord
100
AcDbLinetypeTableRecord
  2
ACAD_ISO04W100
 70
     0
  3
ISO long-dash dot ____ . ____ . ____ . ____ . _
 72
    65
 73
     4
 40
30.0
 49
24.0
 74
     0
 49
-3.0
 74
     0
 49
0.0
 74
     0
 49
-3.0
 74
     0
  0
LTYPE
  5
1B62
330
1AC1
100
AcDbSymbolTableRecord
100
AcDbLinetypeTableRecord
  2
CENTER2
 70
     0
  3
Center (.5x) ___ _ ___ _ ___ _ ___ _ ___ _ ___
 72
    65
 73
     4
 40
28.575
 49
19.05
 74
     0
 49
-3.175
 74
     0
 49
3.175
 74
     0
 49
-3.175
 74
     0
  0
LTYPE
  5
1B63
330
1AC1
100
AcDbSymbolTableRecord
100
AcDbLinetypeTableRecord
  2
DASHED2
 70
     0
  3
Dashed (.5x) _ _ _ _ _ _ _ _ _ _ _ _ _ _ _ _ _ 
 72
    65
 73
     2
 40
9.524999999999999
 49
6.35
 74
     0
 49
-3.175
 74
     0
  0
LTYPE
  5
1B64
330
1AC1
100
AcDbSymbolTableRecord
100
AcDbLinetypeTableRecord
  2
FENCELINE1
 70
     0
  3
Fenceline circle ----0-----0----0-----0----0-----0--
 72
    65
 73
     4
 40
36.83
 49
6.35
 74
     0
 49
-2.54
 74
     2
 75
     0
340
1B54
 46
2.54
 50
0.0
 44
-2.54
 45
0.0
  9
CIRC1
 49
-2.54
 74
     0
 49
25.4
 74
     0
  0
LTYPE
  5
1B65
330
1AC1
100
AcDbSymbolTableRecord
100
AcDbLinetypeTableRecord
  2
ACAD_ISO02W100
 70
     0
  3
ISO dash __ __ __ __ __ __ __ __ __ __ __ __ __
 72
    65
 73
     2
 40
15.0
 49
12.0
 74
     0
 49
-3.0
 74
     0
  0
LTYPE
  5
1B66
330
1AC1
100
AcDbSymbolTableRecord
100
AcDbLinetypeTableRecord
  2
DIVIDEX2
 70
     0
  3
Divide (2x) ________  .  .  ________  .  .  _
 72
    65
 73
     6
 40
63.5
 49
25.4
 74
     0
 49
-12.7
 74
     0
 49
0.0
 74
     0
 49
-12.7
 74
     0
 49
0.0
 74
     0
 49
-12.7
 74
     0
  0
LTYPE
  5
1B67
330
1AC1
100
AcDbSymbolTableRecord
100
AcDbLinetypeTableRecord
  2
ACAD_ISO05W100
 70
     0
  3
ISO long-dash double-dot ____ .. ____ .. ____ . 
 72
    65
 73
     6
 40
33.0
 49
24.0
 74
     0
 49
-3.0
 74
     0
 49
0.0
 74
     0
 49
-3.0
 74
     0
 49
0.0
 74
     0
 49
-3.0
 74
     0
  0
LTYPE
  5
1B68
330
1AC1
100
AcDbSymbolTableRecord
100
AcDbLinetypeTableRecord
  2
GAS_LINE
 70
     0
  3
Gas line ----GAS----GAS----GAS----GAS----GAS----GAS--
 72
    65
 73
     3
 40
24.13
 49
12.7
 74
     0
 49
-5.08
 74
     2
 75
     0
340
1B5A
 46
2.54
 50
0.0
 44
-2.54
 45
-1.27
  9
GAS
 49
-6.35
 74
     0
  0
LTYPE
  5
1B69
330
1AC1
100
AcDbSymbolTableRecord
100
AcDbLinetypeTableRecord
  2
ACAD_ISO03W100
 70
     0
  3
ISO dash space __    __    __    __    __    __
 72
    65
 73
     2
 40
30.0
 49
12.0
 74
     0
 49
-18.0
 74
     0
  0
LTYPE
  5
1B6A
330
1AC1
100
AcDbSymbolTableRecord
100
AcDbLinetypeTableRecord
  2
ACAD_ISO10W100
 70
     0
  3
ISO dash dot __ . __ . __ . __ . __ . __ . __ . 
 72
    65
 73
     4
 40
18.0
 49
12.0
 74
     0
 49
-3.0
 74
     0
 49
0.0
 74
     0
 49
-3.0
 74
     0
  0
LTYPE
  5
1B6B
330
1AC1
100
AcDbSymbolTableRecord
100
AcDbLinetypeTableRecord
  2
HIDDEN
 70
     0
  3
Hidden __ __ __ __ __ __ __ __ __ __ __ __ __ __
 72
    65
 73
     2
 40
9.524999999999999
 49
6.35
 74
     0
 49
-3.175
 74
     0
  0
LTYPE
  5
1B6C
330
1AC1
100
AcDbSymbolTableRecord
100
AcDbLinetypeTableRecord
  2
BORDER2
 70
     0
  3
Border (.5x) __.__.__.__.__.__.__.__.__.__.__.
 72
    65
 73
     6
 40
22.225
 49
6.35
 74
     0
 49
-3.175
 74
     0
 49
6.35
 74
     0
 49
-3.175
 74
     0
 49
0.0
 74
     0
 49
-3.175
 74
     0
  0
LTYPE
  5
1B6D
330
1AC1
100
AcDbSymbolTableRecord
100
AcDbLinetypeTableRecord
  2
HIDDENX2
 70
     0
  3
Hidden (2x) ____ ____ ____ ____ ____ ____ ____ 
 72
    65
 73
     2
 40
19.05
 49
12.7
 74
     0
 49
-6.35
 74
     0
  0
LTYPE
  5
1B6E
330
1AC1
100
AcDbSymbolTableRecord
100
AcDbLinetypeTableRecord
  2
DASHDOTX2
 70
     0
  3
Dash dot (2x) ____  .  ____  .  ____  .  ___
 72
    65
 73
     4
 40
50.8
 49
25.4
 74
     0
 49
-12.7
 74
     0
 49
0.0
 74
     0
 49
-12.7
 74
     0
  0
LTYPE
  5
1B6F
330
1AC1
100
AcDbSymbolTableRecord
100
AcDbLinetypeTableRecord
  2
ACAD_ISO09W100
 70
     0
  3
ISO long-dash double-short-dash ____ __ __ ____
 72
    65
 73
     6
 40
45.0
 49
24.0
 74
     0
 49
-3.0
 74
     0
 49
6.0
 74
     0
 49
-3.0
 74
     0
 49
6.0
 74
     0
 49
-3.0
 74
     0
  0
LTYPE
  5
1B70
330
1AC1
100
AcDbSymbolTableRecord
100
AcDbLinetypeTableRecord
  2
PHANTOM
 70
     0
  3
Phantom ______  __  __  ______  __  __  ______ 
 72
    65
 73
     6
 40
63.50000000000001
 49
31.75
 74
     0
 49
-6.35
 74
     0
 49
6.35
 74
     0
 49
-6.35
 74
     0
 49
6.35
 74
     0
 49
-6.35
 74
     0
  0
LTYPE
  5
1B71
330
1AC1
100
AcDbSymbolTableRecord
100
AcDbLinetypeTableRecord
  2
DIVIDE
 70
     0
  3
Divide ____ . . ____ . . ____ . . ____ . . ____
 72
    65
 73
     6
 40
31.75
 49
12.7
 74
     0
 49
-6.35
 74
     0
 49
0.0
 74
     0
 49
-6.35
 74
     0
 49
0.0
 74
     0
 49
-6.35
 74
     0
  0
LTYPE
  5
1B72
330
1AC1
100
AcDbSymbolTableRecord
100
AcDbLinetypeTableRecord
  2
PLANT
 70
     0
  3
_/^ \_\^ \_
 72
    65
 73
     7
 40
21.94
 49
0.01
 74
     2
 75
     0
340
1B54
 46
1.0
 50
0.0
 44
0.0
 45
0.0
  9
PLANT1
 49
-3.0
 74
     2
 75
     0
340
1B54
 46
1.0
 50
0.0
 44
0.0
 45
0.0
  9
PLANT2
 49
-3.15
 74
     2
 75
     0
340
1B54
 46
1.0
 50
0.0
 44
0.0
 45
0.0
  9
PLANT3
 49
-4.23
 74
     2
 75
     0
340
1B54
 46
1.0
 50
0.0
 44
0.0
 45
0.0
  9
PLANT4
 49
-4.63
 74
     2
 75
     0
340
1B54
 46
1.0
 50
0.0
 44
0.0
 45
0.0
  9
PLANT5
 49
-2.5
 74
     2
 75
     0
340
1B54
 46
1.0
 50
0.0
 44
0.0
 45
0.0
  9
PLANT6
 49
-4.42
 74
     0
  0
LTYPE
  5
1B73
330
1AC1
100
AcDbSymbolTableRecord
100
AcDbLinetypeTableRecord
  2
DIVIDE2
 70
     0
  3
Divide (.5x) __..__..__..__..__..__..__..__.._
 72
    65
 73
     6
 40
15.875
 49
6.35
 74
     0
 49
-3.175
 74
     0
 49
0.0
 74
     0
 49
-3.175
 74
     0
 49
0.0
 74
     0
 49
-3.175
 74
     0
  0
LTYPE
  5
1B74
330
1AC1
100
AcDbSymbolTableRecord
100
AcDbLinetypeTableRecord
  2
ACAD_ISO07W100
 70
     0
  3
ISO dot . . . . . . . . . . . . . . . . . . . . 
 72
    65
 73
     2
 40
3.0
 49
0.0
 74
     0
 49
-3.0
 74
     0
  0
LTYPE
  5
1B75
330
1AC1
100
AcDbSymbolTableRecord
100
AcDbLinetypeTableRecord
  2
ACAD_ISO15W100
 70
     0
  3
ISO double-dash triple-dot __ __ . . . __ __ . .
 72
    65
 73
    10
 40
39.0
 49
12.0
 74
     0
 49
-3.0
 74
     0
 49
12.0
 74
     0
 49
-3.0
 74
     0
 49
0.0
 74
     0
 49
-3.0
 74
     0
 49
0.0
 74
     0
 49
-3.0
 74
     0
 49
0.0
 74
     0
 49
-3.0
 74
     0
  0
LTYPE
  5
1B76
330
1AC1
100
AcDbSymbolTableRecord
100
AcDbLinetypeTableRecord
  2
FENCELINE2
 70
     0
  3
Fenceline square ----[]-----[]----[]-----[]----[]---
 72
    65
 73
     4
 40
36.83
 49
6.35
 74
     0
 49
-2.54
 74
     2
 75
     0
340
1B54
 46
2.54
 50
0.0
 44
-2.54
 45
0.0
  9
BOX
 49
-2.54
 74
     0
 49
25.4
 74
     0
  0
LTYPE
  5
1B77
330
1AC1
100
AcDbSymbolTableRecord
100
AcDbLinetypeTableRecord
  2
ZIGZAG
 70
     0
  3
Zig zag /\/\/\/\/\/\/\/\/\/\/\/\/\/\/\/\/\/\/\/\/\/\/\/
 72
    65
 73
     4
 40
20.32254
 49
0.00254
 74
     0
 49
-5.08
 74
     2
 75
     0
340
1B54
 46
5.08
 50
0.0
 44
-5.08
 45
0.0
  9
ZIG
 49
-10.16
 74
     2
 75
     0
340
1B54
 46
5.08
 50
180.0
 44
5.08
 45
0.0
  9
ZIG
 49
-5.08
 74
     0
  0
LTYPE
  5
1B78
330
1AC1
100
AcDbSymbolTableRecord
100
AcDbLinetypeTableRecord
  2
ACAD_ISO11W100
 70
     0
  3
ISO double-dash dot __ __ . __ __ . __ __ . __ _
 72
    65
 73
     6
 40
33.0
 49
12.0
 74
     0
 49
-3.0
 74
     0
 49
12.0
 74
     0
 49
-3.0
 74
     0
 49
0.0
 74
     0
 49
-3.0
 74
     0
  0
LTYPE
  5
1B79
330
1AC1
100
AcDbSymbolTableRecord
100
AcDbLinetypeTableRecord
  2
ACAD_ISO13W100
 70
     0
  3
ISO double-dash double-dot __ __ . . __ __ . . _
 72
    65
 73
     8
 40
36.0
 49
12.0
 74
     0
 49
-3.0
 74
     0
 49
12.0
 74
     0
 49
-3.0
 74
     0
 49
0.0
 74
     0
 49
-3.0
 74
     0
 49
0.0
 74
     0
 49
-3.0
 74
     0
  0
LTYPE
  5
1B7A
330
1AC1
100
AcDbSymbolTableRecord
100
AcDbLinetypeTableRecord
  2
CENTERX2
 70
     0
  3
Center (2x) ________  __  ________  __  _____
 72
    65
 73
     4
 40
101.6
 49
63.5
 74
     0
 49
-12.7
 74
     0
 49
12.7
 74
     0
 49
-12.7
 74
     0
  0
LTYPE
  5
1B7B
330
1AC1
100
AcDbSymbolTableRecord
100
AcDbLinetypeTableRecord
  2
HIDDEN2
 70
     0
  3
Hidden (.5x) _ _ _ _ _ _ _ _ _ _ _ _ _ _ _ _ _ 
 72
    65
 73
     2
 40
4.762499999999999
 49
3.175
 74
     0
 49
-1.5875
 74
     0
  0
LTYPE
  5
1B7C
330
1AC1
100
AcDbSymbolTableRecord
100
AcDbLinetypeTableRecord
  2
DOTX2
 70
     0
  3
Dot (2x) .  .  .  .  .  .  .  .  .  .  .  .  .  .
 72
    65
 73
     2
 40
12.7
 49
0.0
 74
     0
 49
-12.7
 74
     0
  0
LTYPE
  5
1B7D
330
1AC1
100
AcDbSymbolTableRecord
100
AcDbLinetypeTableRecord
  2
POINT1
 70
     0
  3
----/\-----/\---
 72
    65
 73
     2
 40
31.26232
 49
25.4
 74
     2
 75
     0
340
1B54
 46
5.08
 50
0.0
 44
0.0
 45
0.0
  9
PT1
 49
-5.86232
 74
     0
  0
LTYPE
  5
1B7E
330
1AC1
100
AcDbSymbolTableRecord
100
AcDbLinetypeTableRecord
  2
ACAD_ISO12W100
 70
     0
  3
ISO dash double-dot __ . . __ . . __ . . __ . . 
 72
    65
 73
     6
 40
21.0
 49
12.0
 74
     0
 49
-3.0
 74
     0
 49
0.0
 74
     0
 49
-3.0
 74
     0
 49
0.0
 74
     0
 49
-3.0
 74
     0
  0
LTYPE
  5
1B7F
330
1AC1
100
AcDbSymbolTableRecord
100
AcDbLinetypeTableRecord
  2
PHANTOM2
 70
     0
  3
Phantom (.5x) ___ _ _ ___ _ _ ___ _ _ ___ _ _
 72
    65
 73
     6
 40
31.75
 49
15.875
 74
     0
 49
-3.175
 74
     0
 49
3.175
 74
     0
 49
-3.175
 74
     0
 49
3.175
 74
     0
 49
-3.175
 74
     0
  0
LTYPE
  5
1B80
330
1AC1
100
AcDbSymbolTableRecord
100
AcDbLinetypeTableRecord
  2
DASHDOT
 70
     0
  3
Dash dot __ . __ . __ . __ . __ . __ . __ . __
 72
    65
 73
     4
 40
25.4
 49
12.7
 74
     0
 49
-6.35
 74
     0
 49
0.0
 74
     0
 49
-6.35
 74
     0
  0
LTYPE
  5
1B81
330
1AC1
100
AcDbSymbolTableRecord
100
AcDbLinetypeTableRecord
  2
ACAD_ISO08W100
 70
     0
  3
ISO long-dash short-dash ____ __ ____ __ ____ _
 72
    65
 73
     4
 40
36.0
 49
24.0
 74
     0
 49
-3.0
 74
     0
 49
6.0
 74
     0
 49
-3.0
 74
     0
  0
LTYPE
  5
1B82
330
1AC1
100
AcDbSymbolTableRecord
100
AcDbLinetypeTableRecord
  2
DOT2
 70
     0
  3
Dot (.5x) ........................................
 72
    65
 73
     2
 40
3.175
 49
0.0
 74
     0
 49
-3.175
 74
     0
  0
LTYPE
  5
1B83
330
1AC1
100
AcDbSymbolTableRecord
100
AcDbLinetypeTableRecord
  2
ACAD_ISO14W100
 70
     0
  3
ISO dash triple-dot __ . . . __ . . . __ . . . _
 72
    65
 73
     8
 40
24.0
 49
12.0
 74
     0
 49
-3.0
 74
     0
 49
0.0
 74
     0
 49
-3.0
 74
     0
 49
0.0
 74
     0
 49
-3.0
 74
     0
 49
0.0
 74
     0
 49
-3.0
 74
     0
  0
LTYPE
  5
1B84
330
1AC1
100
AcDbSymbolTableRecord
100
AcDbLinetypeTableRecord
  2
CENTER
 70
     0
  3
Center ____ _ ____ _ ____ _ ____ _ ____ _ ____
 72
    65
 73
     4
 40
50.8
 49
31.75
 74
     0
 49
-6.35
 74
     0
 49
6.35
 74
     0
 49
-6.35
 74
     0
  0
LTYPE
  5
1B85
330
1AC1
100
AcDbSymbolTableRecord
100
AcDbLinetypeTableRecord
  2
BORDER
 70
     0
  3
Border __ __ . __ __ . __ __ . __ __ . __ __ .
 72
    65
 73
     6
 40
44.45
 49
12.7
 74
     0
 49
-6.35
 74
     0
 49
12.7
 74
     0
 49
-6.35
 74
     0
 49
0.0
 74
     0
 49
-6.35
 74
     0
  0
LTYPE
  5
1B86
330
1AC1
100
AcDbSymbolTableRecord
100
AcDbLinetypeTableRecord
  2
DASHDOT2
 70
     0
  3
Dash dot (.5x) _._._._._._._._._._._._._._._.
 72
    65
 73
     4
 40
12.7
 49
6.35
 74
     0
 49
-3.175
 74
     0
 49
0.0
 74
     0
 49
-3.175
 74
     0
  0
ENDTAB
  0
TABLE
  2
LAYER
  5
1ABF
330
0
100
AcDbSymbolTable
 70
     2
  0
LAYER
  5
1ACC
330
1ABF
100
AcDbSymbolTableRecord
100
AcDbLayerTableRecord
  2
0
 70
     0
 62
     7
  6
Continuous
370
    25
390
1ACB
347
1B01
  0
LAYER
  5
1B87
330
1ABF
100
AcDbSymbolTableRecord
100
AcDbLayerTableRecord
  2
Edge.Cuts
 70
     0
 62
   254
  6
Continuous
370
    -3
390
1ACB
347
1B01
  0
ENDTAB
  0
TABLE
  2
STYLE
  5
1AC0
330
0
100
AcDbSymbolTable
 70
     4
  0
STYLE
  5
1ACD
330
1AC0
100
AcDbSymbolTableRecord
100
AcDbTextStyleTableRecord
  2
Standard
 70
     0
 40
0.0
 41
1.0
 50
0.0
 71
     0
 42
0.2
  3
txt
  4

  0
STYLE
  5
1B54
330
1AC0
100
AcDbSymbolTableRecord
100
AcDbTextStyleTableRecord
  2
textstyle0
 70
     0
 40
0.0
 41
1.0
 50
0.0
 71
     0
 42
0.2
  3
ltypeshp.shx
  4

  0
STYLE
  5
1B56
330
1AC0
100
AcDbSymbolTableRecord
100
AcDbTextStyleTableRecord
  2
textstyle1
 70
     0
 40
0.0
 41
1.0
 50
0.0
 71
     0
 42
0.2
  3
qcadshp.shx
  4

  0
STYLE
  5
1B5A
330
1AC0
100
AcDbSymbolTableRecord
100
AcDbTextStyleTableRecord
  2
textstyle2
 70
     0
 40
0.0
 41
1.0
 50
0.0
 71
     0
 42
0.2
  3
STANDARD
  4

  0
ENDTAB
  0
TABLE
  2
VIEW
  5
1AC2
330
0
100
AcDbSymbolTable
 70
     0
  0
ENDTAB
  0
TABLE
  2
UCS
  5
1AC3
330
0
100
AcDbSymbolTable
 70
     0
  0
ENDTAB
  0
TABLE
  2
APPID
  5
1AC5
330
0
100
AcDbSymbolTable
 70
     2
  0
APPID
  5
1ACE
330
1AC5
100
AcDbSymbolTableRecord
100
AcDbRegAppTableRecord
  2
ACAD
 70
     0
  0
APPID
  5
1B19
330
1AC5
100
AcDbSymbolTableRecord
100
AcDbRegAppTableRecord
  2
QCAD
 70
     0
  0
ENDTAB
  0
TABLE
  2
DIMSTYLE
  5
1AC6
330
0
100
AcDbSymbolTable
 70
     2
100
AcDbDimStyleTable
  0
DIMSTYLE
105
1AE2
330
1AC6
100
AcDbSymbolTableRecord
100
AcDbDimStyleTableRecord
  2
Standard
 70
     0
178
     0
340
1ACD
  0
DIMSTYLE
105
1B51
330
1AC6
100
AcDbSymbolTableRecord
100
AcDbDimStyleTableRecord
  2
QCADDimStyle
 70
     0
 41
2.5
 42
0.625
 43
5.0
 44
1.25
 73
     0
 77
     1
 78
     8
 79
     2
140
2.5
147
0.625
178
     0
279
     2
340
1ACD
  0
ENDTAB
  0
TABLE
  2
BLOCK_RECORD
  5
1ABE
330
0
100
AcDbSymbolTable
 70
     0
  0
BLOCK_RECORD
  5
1ADA
330
1ABE
100
AcDbSymbolTableRecord
100
AcDbBlockTableRecord
  2
*Model_Space
340
1ADD
 70
     0
280
     1
281
     0
  0
BLOCK_RECORD
  5
1AD6
330
1ABE
100
AcDbSymbolTableRecord
100
AcDbBlockTableRecord
  2
*Paper_Space
340
1AD9
 70
     0
280
     1
281
     0
  0
ENDTAB
  0
ENDSEC
  0
SECTION
  2
BLOCKS
  0
BLOCK
  5
1ADB
330
1ADA
100
AcDbEntity
  8
0
100
AcDbBlockBegin
  2
*Model_Space
 70
     0
 10
0.0
 20
0.0
 30
0.0
  3
*Model_Space
  1

  0
ENDBLK
  5
1ADC
330
1ADA
100
AcDbEntity
  8
0
100
AcDbBlockEnd
  0
BLOCK
  5
1AD7
330
1AD6
100
AcDbEntity
 67
     1
  8
0
100
AcDbBlockBegin
  2
*Paper_Space
 70
     0
 10
0.0
 20
0.0
 30
0.0
  3
*Paper_Space
  1

  0
ENDBLK
  5
1AD8
330
1AD6
100
AcDbEntity
 67
     1
  8
0
100
AcDbBlockEnd
  0
ENDSEC
  0
SECTION
  2
ENTITIES
  0
LWPOLYLINE
  5
1AB7
330
1ADA
100
AcDbEntity
  8
Edge.Cuts
  6
Continuous
100
AcDbPolyline
 90
       76
 70
   129
 43
0.0
 10
57.55399999999999
 20
-55.60299999999999
 10
57.553239
 20
-55.620431
 10
57.550962
 20
-55.63773
 10
57.547185
 20
-55.654764
 10
57.541939
 20
-55.671404
 10
57.535262
 20
-55.687524
 10
57.527205
 20
-55.703
 10
57.51783
 20
-55.717715
 10
57.507209
 20
-55.731558
 10
57.495421
 20
-55.744421
 10
57.482558
 20
-55.756209
 10
57.468715
 20
-55.76683
 10
57.454
 20
-55.776205
 10
57.43852399999999
 20
-55.784262
 10
57.422404
 20
-55.79093899999999
 10
57.405764
 20
-55.79618499999999
 10
57.38873
 20
-55.799962
 10
57.37143099999999
 20
-55.802239
 10
57.354
 20
-55.803
 10
44.754
 20
-55.803
 10
44.736569
 20
-55.802239
 10
44.71926999999999
 20
-55.799962
 10
44.702236
 20
-55.79618499999999
 10
44.685596
 20
-55.79093899999999
 10
44.669476
 20
-55.784262
 10
44.654
 20
-55.776205
 10
44.639285
 20
-55.76683
 10
44.625442
 20
-55.756209
 10
44.612579
 20
-55.744421
 10
44.600791
 20
-55.731558
 10
44.59017
 20
-55.717715
 10
44.58079499999999
 20
-55.703
 10
44.572738
 20
-55.687524
 10
44.566061
 20
-55.671404
 10
44.560815
 20
-55.654764
 10
44.557038
 20
-55.63773
 10
44.554761
 20
-55.620431
 10
44.55399999999999
 20
-55.60299999999999
 10
44.55399999999999
 20
-43.203
 10
44.554761
 20
-43.185569
 10
44.557038
 20
-43.16827
 10
44.560815
 20
-43.151236
 10
44.566061
 20
-43.13459599999999
 10
44.572738
 20
-43.118476
 10
44.58079499999999
 20
-43.103
 10
44.59017
 20
-43.088285
 10
44.600791
 20
-43.074442
 10
44.612579
 20
-43.06157899999999
 10
44.625442
 20
-43.049791
 10
44.639285
 20
-43.03917
 10
44.654
 20
-43.029795
 10
44.669476
 20
-43.021738
 10
44.685596
 20
-43.015061
 10
44.702236
 20
-43.009815
 10
44.71926999999999
 20
-43.006038
 10
44.736569
 20
-43.003761
 10
44.754
 20
-43.003
 10
57.354
 20
-43.003
 10
57.37143099999999
 20
-43.003761
 10
57.38873
 20
-43.006038
 10
57.405764
 20
-43.009815
 10
57.422404
 20
-43.015061
 10
57.43852399999999
 20
-43.021738
 10
57.454
 20
-43.029795
 10
57.468715
 20
-43.03917
 10
57.482558
 20
-43.049791
 10
57.495421
 20
-43.06157899999999
 10
57.507209
 20
-43.074442
 10
57.51783
 20
-43.088285
 10
57.527205
 20
-43.103
 10
57.535262
 20
-43.118476
 10
57.541939
 20
-43.13459599999999
 10
57.547185
 20
-43.151236
 10
57.550962
 20
-43.16827
 10
57.553239
 20
-43.185569
 10
57.55399999999999
 20
-43.203
  0
LINE
  5
181A
330
1ADA
100
AcDbEntity
  8
Edge.Cuts
  6
Continuous
100
AcDbLine
 10
101.2885
 20
-43.0728
 30
0.0
 11
101.2885
 21
-43.072774
 31
0.0
  0
LINE
  5
182E
330
1ADA
100
AcDbEntity
  8
Edge.Cuts
  6
Continuous
100
AcDbLine
 10
114.088526
 20
-43.272774
 30
0.0
 11
114.0885
 21
-43.272774
 31
0.0
  0
LWPOLYLINE
  5
1AB9
330
1ADA
100
AcDbEntity
  8
Edge.Cuts
  6
Continuous
100
AcDbPolyline
 90
       76
 70
   129
 43
0.0
 10
114.0885
 20
-55.6728
 10
114.087739
 20
-55.690231
 10
114.085462
 20
-55.70753
 10
114.081685
 20
-55.724564
 10
114.076439
 20
-55.741204
 10
114.069762
 20
-55.757324
 10
114.061705
 20
-55.7728
 10
114.05233
 20
-55.787515
 10
114.041709
 20
-55.801358
 10
114.029921
 20
-55.814221
 10
114.017058
 20
-55.826009
 10
114.003215
 20
-55.83663
 10
113.9885
 20
-55.846005
 10
113.973024
 20
-55.854062
 10
113.956904
 20
-55.860739
 10
113.940264
 20
-55.86598499999999
 10
113.92323
 20
-55.86976199999999
 10
113.905931
 20
-55.872039
 10
113.8885
 20
-55.872774
 10
101.288474
 20
-55.872774
 10
101.271045
 20
-55.872011
 10
101.253749
 20
-55.86973099999999
 10
101.236718
 20
-55.865953
 10
101.22008
 20
-55.860705
 10
101.203964
 20
-55.85402699999999
 10
101.18849
 20
-55.84596999999999
 10
101.173778
 20
-55.836594
 10
101.159939
 20
-55.825972
 10
101.147079
 20
-55.81418499999999
 10
101.135294
 20
-55.80132099999999
 10
101.124676
 20
-55.787479
 10
101.115304
 20
-55.772764
 10
101.107251
 20
-55.757289
 10
101.100577
 20
-55.74117099999999
 10
101.095333
 20
-55.724532
 10
101.09156
 20
-55.7075
 10
101.089285
 20
-55.690203
 10
101.0885
 20
-55.672774
 10
101.0885
 20
-43.272774
 10
101.089261
 20
-43.25536899999999
 10
101.091538
 20
-43.23807
 10
101.095315
 20
-43.221036
 10
101.100561
 20
-43.204396
 10
101.107238
 20
-43.18827599999999
 10
101.115295
 20
-43.1728
 10
101.12467
 20
-43.158085
 10
101.135291
 20
-43.144242
 10
101.147079
 20
-43.131379
 10
101.159942
 20
-43.119591
 10
101.173785
 20
-43.10897
 10
101.1885
 20
-43.099595
 10
101.203976
 20
-43.091538
 10
101.220096
 20
-43.084861
 10
101.236736
 20
-43.079615
 10
101.25377
 20
-43.075838
 10
101.271069
 20
-43.073561
 10
101.2885
 20
-43.072774
 10
113.8885
 20
-43.072774
 10
113.905908
 20
-43.073533
 10
113.923209
 20
-43.07580799999999
 10
113.940245
 20
-43.079583
 10
113.956888
 20
-43.08482799999999
 10
113.973011
 20
-43.091504
 10
113.98849
 20
-43.099559
 10
114.003209
 20
-43.108933
 10
114.017054
 20
-43.119554
 10
114.029921
 20
-43.131342
 10
114.041712
 20
-43.144206
 10
114.052337
 20
-43.158048
 10
114.061715
 20
-43.172764
 10
114.069774
 20
-43.188242
 10
114.076454
 20
-43.204363
 10
114.081704
 20
-43.221004
 10
114.085483
 20
-43.23804
 10
114.087763
 20
-43.255341
 10
114.0885
 20
-43.272774
  0
LINE
  5
1830
330
1ADA
100
AcDbEntity
  8
Edge.Cuts
  6
Continuous
100
AcDbLine
 10
114.0885
 20
-55.672774
 30
0.0
 11
114.0885
 21
-55.6728
 31
0.0
  0
LINE
  5
1843
330
1ADA
100
AcDbEntity
  8
Edge.Cuts
  6
Continuous
100
AcDbLine
 10
113.8885
 20
-55.8728
 30
0.0
 11
113.8885
 21
-55.872774
 31
0.0
  0
LINE
  5
1845
330
1ADA
100
AcDbEntity
  8
Edge.Cuts
  6
Continuous
100
AcDbLine
 10
101.2885
 20
-55.872774
 30
0.0
 11
101.288474
 21
-55.872774
 31
0.0
  0
LINE
  5
1858
330
1ADA
100
AcDbEntity
  8
Edge.Cuts
  6
Continuous
100
AcDbLine
 10
101.088526
 20
-55.672774
 30
0.0
 11
101.0885
 21
-55.672774
 31
0.0
  0
LWPOLYLINE
  5
1AB8
330
1ADA
100
AcDbEntity
  8
Edge.Cuts
  6
Continuous
100
AcDbPolyline
 90
        4
 70
   129
 43
0.0
 10
64.389
 20
-54.864
 10
60.833
 20
-54.864
 10
60.833
 20
-43.688
 10
64.389
 20
-43.688
  0
LWPOLYLINE
  5
1ABA
330
1ADA
100
AcDbEntity
  8
Edge.Cuts
  6
Continuous
100
AcDbPolyline
 90
       76
 70
   129
 43
0.0
 10
129.903
 20
-52.451
 10
129.82456
 20
-52.447575
 10
129.746717
 20
-52.437327
 10
129.670063
 20
-52.420333
 10
129.595182
 20
-52.39672299999999
 10
129.522644
 20
-52.366677
 10
129.453
 20
-52.330423
 10
129.386781
 20
-52.288237
 10
129.324491
 20
-52.24044
 10
129.266604
 20
-52.187396
 10
129.21356
 20
-52.129509
 10
129.165763
 20
-52.06721899999999
 10
129.123577
 20
-52.001
 10
129.087323
 20
-51.931356
 10
129.057277
 20
-51.858818
 10
129.033667
 20
-51.78393699999999
 10
129.016673
 20
-51.707283
 10
129.006425
 20
-51.62944
 10
129.003
 20
-51.55099999999999
 10
129.003
 20
-49.287
 10
129.006425
 20
-49.20856
 10
129.016673
 20
-49.130717
 10
129.033667
 20
-49.054063
 10
129.057277
 20
-48.97918199999999
 10
129.087323
 20
-48.906644
 10
129.123577
 20
-48.837
 10
129.165763
 20
-48.770781
 10
129.21356
 20
-48.708491
 10
129.266604
 20
-48.650604
 10
129.324491
 20
-48.59755999999999
 10
129.386781
 20
-48.549763
 10
129.453
 20
-48.507577
 10
129.522644
 20
-48.471323
 10
129.595182
 20
-48.441277
 10
129.670063
 20
-48.41766699999999
 10
129.746717
 20
-48.400673
 10
129.82456
 20
-48.390425
 10
129.903
 20
-48.387
 10
135.596
 20
-48.387
 10
135.67444
 20
-48.390425
 10
135.752283
 20
-48.400673
 10
135.828937
 20
-48.41766699999999
 10
135.903818
 20
-48.441277
 10
135.976356
 20
-48.471323
 10
136.046
 20
-48.507577
 10
136.112219
 20
-48.549763
 10
136.174509
 20
-48.59755999999999
 10
136.232396
 20
-48.650604
 10
136.28544
 20
-48.708491
 10
136.333237
 20
-48.770781
 10
136.375423
 20
-48.837
 10
136.411677
 20
-48.906644
 10
136.441723
 20
-48.97918199999999
 10
136.465333
 20
-49.054063
 10
136.482327
 20
-49.130717
 10
136.492575
 20
-49.20856
 10
136.496
 20
-49.287
 10
136.496
 20
-51.55099999999999
 10
136.492575
 20
-51.62944
 10
136.482327
 20
-51.707283
 10
136.465333
 20
-51.78393699999999
 10
136.441723
 20
-51.858818
 10
136.411677
 20
-51.931356
 10
136.375423
 20
-52.001
 10
136.333237
 20
-52.06721899999999
 10
136.28544
 20
-52.129509
 10
136.232396
 20
-52.187396
 10
136.174509
 20
-52.24044
 10
136.112219
 20
-52.288237
 10
136.046
 20
-52.330423
 10
135.976356
 20
-52.366677
 10
135.903818
 20
-52.39672299999999
 10
135.828937
 20
-52.420333
 10
135.752283
 20
-52.437327
 10
135.67444
 20
-52.447575
 10
135.596
 20
-52.451
  0
LINE
  5
18C0
330
1ADA
100
AcDbEntity
  8
Edge.Cuts
  6
Continuous
100
AcDbLine
 10
143.906999
 20
-93.97999999999999
 30
0.0
 11
143.907
 21
-93.97999999999999
 31
0.0
  0
LINE
  5
18D3
330
1ADA
100
AcDbEntity
  8
Edge.Cuts
  6
Continuous
100
AcDbLine
 10
144.907
 20
-94.97999999999999
 30
0.0
 11
144.906999
 21
-94.97999999999999
 31
0.0
  0
LWPOLYLINE
  5
1AA0
330
1ADA
100
AcDbEntity
  8
Edge.Cuts
  6
Continuous
100
AcDbPolyline
 90
       76
 70
   129
 43
0.0
 10
144.906999
 20
-120.412001
 10
144.903194
 20
-120.499157
 10
144.891807
 20
-120.585649
 10
144.872925
 20
-120.67082
 10
144.846691
 20
-120.754021
 10
144.813306
 20
-120.834619
 10
144.773024
 20
-120.912
 10
144.726151
 20
-120.985577
 10
144.673043
 20
-121.054788
 10
144.614105
 20
-121.119107
 10
144.549786
 20
-121.178044
 10
144.480575
 20
-121.231152
 10
144.406999
 20
-121.278025
 10
144.329617
 20
-121.318307
 10
144.249019
 20
-121.351692
 10
144.165818
 20
-121.377925
 10
144.080647
 20
-121.396807
 10
143.994155
 20
-121.408194
 10
143.906999
 20
-121.412
 10
133.207
 20
-121.412
 10
133.119844
 20
-121.408195
 10
133.033352
 20
-121.396808
 10
132.948181
 20
-121.377926
 10
132.86498
 20
-121.351693
 10
132.784382
 20
-121.318308
 10
132.707
 20
-121.278025
 10
132.633424
 20
-121.231152
 10
132.564212
 20
-121.178044
 10
132.499893
 20
-121.119107
 10
132.440956
 20
-121.054788
 10
132.387848
 20
-120.985576
 10
132.340975
 20
-120.912
 10
132.300692
 20
-120.834618
 10
132.267307
 20
-120.75402
 10
132.241074
 20
-120.670819
 10
132.222192
 20
-120.585648
 10
132.210805
 20
-120.499156
 10
132.207
 20
-120.412
 10
132.207
 20
-94.97999999999999
 10
132.210805
 20
-94.892844
 10
132.222192
 20
-94.80635199999999
 10
132.241074
 20
-94.721181
 10
132.267307
 20
-94.63798
 10
132.300692
 20
-94.55738199999999
 10
132.340975
 20
-94.47999999999999
 10
132.387848
 20
-94.406424
 10
132.440956
 20
-94.337212
 10
132.499893
 20
-94.272893
 10
132.564212
 20
-94.213956
 10
132.633424
 20
-94.160848
 10
132.707
 20
-94.113975
 10
132.784382
 20
-94.073692
 10
132.86498
 20
-94.040307
 10
132.948181
 20
-94.014074
 10
133.033352
 20
-93.99519199999999
 10
133.119844
 20
-93.98380499999999
 10
133.207
 20
-93.97999999999999
 10
143.907
 20
-93.97999999999999
 10
143.994156
 20
-93.98380499999999
 10
144.080648
 20
-93.99519199999999
 10
144.165819
 20
-94.014074
 10
144.24902
 20
-94.040307
 10
144.329618
 20
-94.073692
 10
144.407
 20
-94.113975
 10
144.480576
 20
-94.160848
 10
144.549788
 20
-94.213956
 10
144.614107
 20
-94.272893
 10
144.673044
 20
-94.337212
 10
144.726152
 20
-94.406424
 10
144.773025
 20
-94.47999999999999
 10
144.813308
 20
-94.55738199999999
 10
144.846693
 20
-94.63798
 10
144.872926
 20
-94.721181
 10
144.891808
 20
-94.80635199999999
 10
144.903195
 20
-94.892844
 10
144.906999
 20
-94.97999999999999
  0
LINE
  5
18D5
330
1ADA
100
AcDbEntity
  8
Edge.Cuts
  6
Continuous
100
AcDbLine
 10
144.906999
 20
-120.412
 30
0.0
 11
144.906999
 21
-120.412001
 31
0.0
  0
LINE
  5
18E8
330
1ADA
100
AcDbEntity
  8
Edge.Cuts
  6
Continuous
100
AcDbLine
 10
143.906999
 20
-121.411999
 30
0.0
 11
143.906999
 21
-121.412
 31
0.0
  0
LWPOLYLINE
  5
1ABB
330
1ADA
100
AcDbEntity
  8
Edge.Cuts
  6
Continuous
100
AcDbPolyline
 90
       76
 70
   129
 43
0.0
 10
137.16
 20
-129.683
 10
137.156195
 20
-129.770156
 10
137.144808
 20
-129.856648
 10
137.125926
 20
-129.941819
 10
137.099693
 20
-130.02502
 10
137.066308
 20
-130.105618
 10
137.026025
 20
-130.183
 10
136.979152
 20
-130.256576
 10
136.926044
 20
-130.325788
 10
136.867107
 20
-130.390107
 10
136.802788
 20
-130.449044
 10
136.733576
 20
-130.502152
 10
136.66
 20
-130.549025
 10
136.582618
 20
-130.589308
 10
136.50202
 20
-130.622693
 10
136.418819
 20
-130.648926
 10
136.333648
 20
-130.667808
 10
136.247156
 20
-130.679195
 10
136.16
 20
-130.683
 10
134.223
 20
-130.683
 10
134.135844
 20
-130.679195
 10
134.049352
 20
-130.667808
 10
133.964181
 20
-130.648926
 10
133.88098
 20
-130.622693
 10
133.800382
 20
-130.589308
 10
133.723
 20
-130.549025
 10
133.649424
 20
-130.502152
 10
133.580212
 20
-130.449044
 10
133.515893
 20
-130.390107
 10
133.456956
 20
-130.325788
 10
133.403848
 20
-130.256576
 10
133.356975
 20
-130.183
 10
133.316692
 20
-130.105618
 10
133.283307
 20
-130.02502
 10
133.257074
 20
-129.941819
 10
133.238192
 20
-129.856648
 10
133.226805
 20
-129.770156
 10
133.223
 20
-129.683
 10
133.223
 20
-126.73
 10
133.226805
 20
-126.642844
 10
133.238192
 20
-126.556352
 10
133.257074
 20
-126.471181
 10
133.283307
 20
-126.38798
 10
133.316692
 20
-126.307382
 10
133.356975
 20
-126.23
 10
133.403848
 20
-126.156424
 10
133.456956
 20
-126.087212
 10
133.515893
 20
-126.022893
 10
133.580212
 20
-125.963956
 10
133.649424
 20
-125.910848
 10
133.723
 20
-125.863975
 10
133.800382
 20
-125.823692
 10
133.88098
 20
-125.790307
 10
133.964181
 20
-125.764074
 10
134.049352
 20
-125.745192
 10
134.135844
 20
-125.733805
 10
134.223
 20
-125.73
 10
136.16
 20
-125.73
 10
136.247156
 20
-125.733805
 10
136.333648
 20
-125.745192
 10
136.418819
 20
-125.764074
 10
136.50202
 20
-125.790307
 10
136.582618
 20
-125.823692
 10
136.66
 20
-125.863975
 10
136.733576
 20
-125.910848
 10
136.802788
 20
-125.963956
 10
136.867107
 20
-126.022893
 10
136.926044
 20
-126.087212
 10
136.979152
 20
-126.156424
 10
137.026025
 20
-126.23
 10
137.066308
 20
-126.307382
 10
137.099693
 20
-126.38798
 10
137.125926
 20
-126.471181
 10
137.144808
 20
-126.556352
 10
137.156195
 20
-126.642844
 10
137.16
 20
-126.73
  0
LWPOLYLINE
  5
1ABC
330
1ADA
100
AcDbEntity
  8
Edge.Cuts
  6
Continuous
100
AcDbPolyline
 90
       76
 70
   129
 43
0.0
 10
144.915
 20
-146.304
 10
144.958578
 20
-146.305903
 10
145.001824
 20
-146.311596
 10
145.04441
 20
-146.321037
 10
145.08601
 20
-146.334154
 10
145.126309
 20
-146.350846
 10
145.165
 20
-146.370987
 10
145.201788
 20
-146.394424
 10
145.236394
 20
-146.420978
 10
145.268553
 20
-146.450447
 10
145.298022
 20
-146.482606
 10
145.324576
 20
-146.517212
 10
145.348013
 20
-146.554
 10
145.368154
 20
-146.592691
 10
145.384846
 20
-146.63299
 10
145.397963
 20
-146.67459
 10
145.407404
 20
-146.717176
 10
145.413097
 20
-146.760422
 10
145.415
 20
-146.804
 10
145.415
 20
-147.963
 10
145.413097
 20
-148.006578
 10
145.407404
 20
-148.049824
 10
145.397963
 20
-148.09241
 10
145.384846
 20
-148.13401
 10
145.368154
 20
-148.174309
 10
145.348013
 20
-148.213
 10
145.324576
 20
-148.249788
 10
145.298022
 20
-148.284394
 10
145.268553
 20
-148.316553
 10
145.236394
 20
-148.346022
 10
145.201788
 20
-148.372576
 10
145.165
 20
-148.396013
 10
145.126309
 20
-148.416154
 10
145.08601
 20
-148.432846
 10
145.04441
 20
-148.445963
 10
145.001824
 20
-148.455404
 10
144.958578
 20
-148.461097
 10
144.915
 20
-148.463
 10
138.676
 20
-148.463
 10
138.632422
 20
-148.461097
 10
138.589176
 20
-148.455404
 10
138.54659
 20
-148.445963
 10
138.50499
 20
-148.432846
 10
138.464691
 20
-148.416154
 10
138.426
 20
-148.396013
 10
138.389212
 20
-148.372576
 10
138.354606
 20
-148.346022
 10
138.322447
 20
-148.316553
 10
138.292978
 20
-148.284394
 10
138.266424
 20
-148.249788
 10
138.242987
 20
-148.213
 10
138.222846
 20
-148.174309
 10
138.206154
 20
-148.13401
 10
138.193037
 20
-148.09241
 10
138.183596
 20
-148.049824
 10
138.177903
 20
-148.006578
 10
138.176
 20
-147.963
 10
138.176
 20
-146.804
 10
138.177903
 20
-146.760422
 10
138.183596
 20
-146.717176
 10
138.193037
 20
-146.67459
 10
138.206154
 20
-146.63299
 10
138.222846
 20
-146.592691
 10
138.242987
 20
-146.554
 10
138.266424
 20
-146.517212
 10
138.292978
 20
-146.482606
 10
138.322447
 20
-146.450447
 10
138.354606
 20
-146.420978
 10
138.389212
 20
-146.394424
 10
138.426
 20
-146.370987
 10
138.464691
 20
-146.350846
 10
138.50499
 20
-146.334154
 10
138.54659
 20
-146.321037
 10
138.589176
 20
-146.311596
 10
138.632422
 20
-146.305903
 10
138.676
 20
-146.304
  0
LWPOLYLINE
  5
1A9A
330
1ADA
100
AcDbEntity
  8
Edge.Cuts
  6
Continuous
100
AcDbPolyline
 90
       18
 70
   128
 43
0.0
 10
165.7333955310145
 20
-99.45055577164189
 10
172.339
 20
-99.44809075184581
 10
172.339
 20
-92.583
 10
205.613
 20
-92.583
 10
205.613
 20
-99.43595027405487
 10
213.9072569993171
 20
-99.43285525033531
 42
0.4153087744136063
 10
220.35421
 20
-92.96164499999998
 10
220.3737943879702
 20
-46.85875726364719
 42
0.4164712614616938
 10
213.9025
 20
-40.386
 10
150.420551
 20
-40.386
 10
44.47121199945666
 20
-40.40261300253933
 42
0.4142027047291131
 10
38.02421300000001
 20
-46.84974900000414
 10
37.75350100208423
 20
-161.0239999995019
 42
0.4142037950532547
 10
44.20062499999999
 20
-167.470999
 10
155.2823191100919
 20
-167.6399514659817
 42
0.4132511205999267
 10
159.2925
 20
-163.6610329999999
 10
159.2925
 20
-105.918
 42
-0.4153120437941089
 10
165.7358559993797
 20
-99.4505549295522
  0
LWPOLYLINE
  5
1AB6
330
1ADA
100
AcDbEntity
  8
Edge.Cuts
  6
Continuous
100
AcDbPolyline
 90
        8
 70
   129
 43
0.0
 10
50.81224999999998
 20
-86.99000099999675
 42
-0.4142123908117539
 10
50.31225
 20
-87.49000099999999
 10
44.5622500000116
 20
-87.49000099999999
 42
-0.414212390818551
 10
44.06225
 20
-86.99000099999674
 10
44.06225
 20
-73.99000100001159
 42
-0.414212390811758
 10
44.56225
 20
-73.49000099999999
 10
50.31224999998839
 20
-73.49000099999999
 42
-0.4142123908185549
 10
50.81225
 20
-73.99000100000325
  0
LWPOLYLINE
  5
1AB5
330
1ADA
100
AcDbEntity
  8
Edge.Cuts
  6
Continuous
100
AcDbPolyline
 90
        8
 70
   128
 43
0.0
 10
52.8435
 20
-86.49
 10
65.84349999999999
 20
-86.49
 42
0.414213562373095
 10
66.34349999999999
 20
-85.99
 10
66.34349999999999
 20
-72.99
 42
0.414213562373095
 10
65.84349999999999
 20
-72.49
 10
52.8435
 20
-72.49
 42
0.414212390811758
 10
52.3435
 20
-72.99000000000325
 10
52.3435
 20
-85.99
  0
LWPOLYLINE
  5
1AB4
330
1ADA
100
AcDbEntity
  8
Edge.Cuts
  6
Continuous
100
AcDbPolyline
 90
        8
 70
   129
 43
0.0
 10
74.62474999999999
 20
-86.99000100000019
 42
-0.4141836876794263
 10
74.12474999999999
 20
-87.49000099999999
 10
68.37474999996921
 20
-87.49000099999999
 42
-0.414183687679595
 10
67.87474999999999
 20
-86.99000100000076
 10
67.87474999999999
 20
-73.99000099999911
 42
-0.414184859008264
 10
68.37474999999999
 20
-73.49000099999999
 10
74.12353900000234
 20
-73.49000099999999
 42
-0.4141913025575854
 10
74.62353899999998
 20
-73.99000100000008
  0
ARC
  5
19B4
330
1ADA
100
AcDbEntity
  8
Edge.Cuts
100
AcDbCircle
 10
52.846265
 20
-85.988883
 30
0.0
 40
0.500001000001
100
AcDbArc
 50
180.00011459
 51
269.99988541
  0
LWPOLYLINE
  5
1AAD
330
1ADA
100
AcDbEntity
  8
Edge.Cuts
  6
Continuous
100
AcDbPolyline
 90
        8
 70
   128
 43
0.0
 10
43.3185
 20
-105.54
 10
56.3185
 20
-105.54
 42
0.414213562373095
 10
56.8185
 20
-105.04
 10
56.8185
 20
-92.03999999999999
 42
0.414213562373095
 10
56.3185
 20
-91.53999999999999
 10
43.3185
 20
-91.53999999999999
 42
0.4142123908117539
 10
42.8185
 20
-92.04000000000323
 10
42.8185
 20
-105.04
  0
ARC
  5
19C0
330
1ADA
100
AcDbEntity
  8
Edge.Cuts
100
AcDbCircle
 10
43.321265
 20
-105.038883
 30
0.0
 40
0.500001000001
100
AcDbArc
 50
180.00011459
 51
269.99988541
  0
LWPOLYLINE
  5
1AA8
330
1ADA
100
AcDbEntity
  8
Edge.Cuts
  6
Continuous
100
AcDbPolyline
 90
        8
 70
   128
 43
0.0
 10
43.3185
 20
-162.69
 10
56.3185
 20
-162.69
 42
0.414213562373095
 10
56.8185
 20
-162.19
 10
56.8185
 20
-149.19
 42
0.414213562373095
 10
56.3185
 20
-148.69
 10
43.3185
 20
-148.69
 42
0.414212390811758
 10
42.8185
 20
-149.1900000000033
 10
42.8185
 20
-162.19
  0
ARC
  5
19C8
330
1ADA
100
AcDbEntity
  8
Edge.Cuts
100
AcDbCircle
 10
43.321265
 20
-162.188883
 30
0.0
 40
0.500001000001
100
AcDbArc
 50
180.00011459
 51
269.99988541
  0
LWPOLYLINE
  5
1AA9
330
1ADA
100
AcDbEntity
  8
Edge.Cuts
  6
Continuous
100
AcDbPolyline
 90
        8
 70
   128
 43
0.0
 10
43.3185
 20
-143.64
 10
56.3185
 20
-143.64
 42
0.414213562373095
 10
56.8185
 20
-143.14
 10
56.8185
 20
-130.14
 42
0.414213562373095
 10
56.3185
 20
-129.64
 10
43.3185
 20
-129.64
 42
0.414212390811758
 10
42.8185
 20
-130.1400000000033
 10
42.8185
 20
-143.14
  0
ARC
  5
19D0
330
1ADA
100
AcDbEntity
  8
Edge.Cuts
100
AcDbCircle
 10
43.321265
 20
-143.138883
 30
0.0
 40
0.500001000001
100
AcDbArc
 50
180.00011459
 51
269.99988541
  0
LWPOLYLINE
  5
1A9C
330
1ADA
100
AcDbEntity
  8
Edge.Cuts
  6
Continuous
100
AcDbPolyline
 90
        8
 70
   128
 43
0.0
 10
182.9677
 20
-84.96
 10
195.9677
 20
-84.96
 42
0.414213562373095
 10
196.4677
 20
-84.46
 10
196.4677
 20
-71.46
 42
0.414213562373095
 10
195.9677
 20
-70.96
 10
182.9677
 20
-70.96
 42
0.4142123908117539
 10
182.4677
 20
-71.46000000000322
 10
182.4677
 20
-84.46
  0
ARC
  5
19D8
330
1ADA
100
AcDbEntity
  8
Edge.Cuts
100
AcDbCircle
 10
182.970465
 20
-84.458883
 30
0.0
 40
0.500001000001
100
AcDbArc
 50
180.00011459
 51
269.99988541
  0
LWPOLYLINE
  5
1AB0
330
1ADA
100
AcDbEntity
  8
Edge.Cuts
  6
Continuous
100
AcDbPolyline
 90
        8
 70
   128
 43
0.0
 10
100.4685
 20
-105.54
 10
113.4685
 20
-105.54
 42
0.414213562373095
 10
113.9685
 20
-105.04
 10
113.9685
 20
-92.03999999999999
 42
0.414213562373095
 10
113.4685
 20
-91.53999999999999
 10
100.4685
 20
-91.53999999999999
 42
0.4142123908117539
 10
99.96849999999999
 20
-92.04000000000323
 10
99.96849999999999
 20
-105.04
  0
ARC
  5
19E0
330
1ADA
100
AcDbEntity
  8
Edge.Cuts
100
AcDbCircle
 10
100.471265
 20
-105.038883
 30
0.0
 40
0.500001000001
100
AcDbArc
 50
180.00011459
 51
269.99988541
  0
LWPOLYLINE
  5
1A9E
330
1ADA
100
AcDbEntity
  8
Edge.Cuts
  6
Continuous
100
AcDbPolyline
 90
        8
 70
   128
 43
0.0
 10
197.2425
 20
-57.8
 10
210.2425
 20
-57.8
 42
0.414213562373095
 10
210.7425
 20
-57.3
 10
210.7425
 20
-44.3
 42
0.414213562373095
 10
210.2425
 20
-43.8
 10
197.2425
 20
-43.8
 42
0.4142123908117372
 10
196.7425
 20
-44.30000000000324
 10
196.7425
 20
-57.3
  0
ARC
  5
19E8
330
1ADA
100
AcDbEntity
  8
Edge.Cuts
100
AcDbCircle
 10
197.245265
 20
-57.298883
 30
0.0
 40
0.500001000001
100
AcDbArc
 50
180.00011459
 51
269.99988541
  0
LWPOLYLINE
  5
1A9D
330
1ADA
100
AcDbEntity
  8
Edge.Cuts
  6
Continuous
100
AcDbPolyline
 90
        8
 70
   128
 43
0.0
 10
202.0177
 20
-84.96
 10
215.0177
 20
-84.96
 42
0.414213562373095
 10
215.5177
 20
-84.46
 10
215.5177
 20
-71.46
 42
0.414213562373095
 10
215.0177
 20
-70.96
 10
202.0177
 20
-70.96
 42
0.4142123908117539
 10
201.5177
 20
-71.46000000000325
 10
201.5177
 20
-84.46
  0
ARC
  5
19F0
330
1ADA
100
AcDbEntity
  8
Edge.Cuts
100
AcDbCircle
 10
202.020465
 20
-84.458883
 30
0.0
 40
0.500001000001
100
AcDbArc
 50
180.00011459
 51
269.99988541
  0
LWPOLYLINE
  5
1A9F
330
1ADA
100
AcDbEntity
  8
Edge.Cuts
  6
Continuous
100
AcDbPolyline
 90
        8
 70
   128
 43
0.0
 10
168.6675
 20
-57.8
 10
181.6675
 20
-57.8
 42
0.414213562373095
 10
182.1675
 20
-57.3
 10
182.1675
 20
-44.3
 42
0.414213562373095
 10
181.6675
 20
-43.8
 10
168.6675
 20
-43.8
 42
0.4142123908117539
 10
168.1675
 20
-44.30000000000325
 10
168.1675
 20
-57.3
  0
ARC
  5
19F8
330
1ADA
100
AcDbEntity
  8
Edge.Cuts
100
AcDbCircle
 10
168.670265
 20
-57.298883
 30
0.0
 40
0.500001000001
100
AcDbArc
 50
180.00011459
 51
269.99988541
  0
LWPOLYLINE
  5
1A9B
330
1ADA
100
AcDbEntity
  8
Edge.Cuts
  6
Continuous
100
AcDbPolyline
 90
        8
 70
   128
 43
0.0
 10
163.9177
 20
-84.96
 10
176.9177
 20
-84.96
 42
0.414213562373095
 10
177.4177
 20
-84.46
 10
177.4177
 20
-71.46
 42
0.414213562373095
 10
176.9177
 20
-70.96
 10
163.9177
 20
-70.96
 42
0.4142123908117539
 10
163.4177
 20
-71.46000000000325
 10
163.4177
 20
-84.46
  0
ARC
  5
1A00
330
1ADA
100
AcDbEntity
  8
Edge.Cuts
100
AcDbCircle
 10
163.920465
 20
-84.458883
 30
0.0
 40
0.500001000001
100
AcDbArc
 50
180.00011459
 51
269.99988541
  0
LWPOLYLINE
  5
1AB3
330
1ADA
100
AcDbEntity
  8
Edge.Cuts
  6
Continuous
100
AcDbPolyline
 90
        8
 70
   129
 43
0.0
 10
88.91225
 20
-86.99000099999674
 42
-0.4142123908117539
 10
88.41225
 20
-87.49000099999999
 10
82.6622500000116
 20
-87.49000099999999
 42
-0.4142123908185468
 10
82.16225
 20
-86.99000099999674
 10
82.16225
 20
-73.99000100001159
 42
-0.4142123908117539
 10
82.66225
 20
-73.49000099999999
 10
88.4122499999884
 20
-73.49000099999999
 42
-0.4142123908185466
 10
88.91225
 20
-73.99000100000325
  0
LWPOLYLINE
  5
1AB2
330
1ADA
100
AcDbEntity
  8
Edge.Cuts
  6
Continuous
100
AcDbPolyline
 90
        8
 70
   128
 43
0.0
 10
90.9435
 20
-86.49
 10
103.9435
 20
-86.49
 42
0.414213562373095
 10
104.4435
 20
-85.99
 10
104.4435
 20
-72.99
 42
0.414213562373095
 10
103.9435
 20
-72.49
 10
90.9435
 20
-72.49
 42
0.4142123908117539
 10
90.4435
 20
-72.99000000000325
 10
90.4435
 20
-85.99
  0
LWPOLYLINE
  5
1AB1
330
1ADA
100
AcDbEntity
  8
Edge.Cuts
  6
Continuous
100
AcDbPolyline
 90
        8
 70
   129
 43
0.0
 10
112.72475
 20
-86.99000100000019
 42
-0.4141836876794263
 10
112.22475
 20
-87.49000099999999
 10
106.4747499999692
 20
-87.49000099999999
 42
-0.414183687679595
 10
105.97475
 20
-86.99000100000076
 10
105.97475
 20
-73.99000099999911
 42
-0.414184859008264
 10
106.47475
 20
-73.49000099999999
 10
112.2235390000023
 20
-73.49000099999999
 42
-0.4141913025575854
 10
112.723539
 20
-73.99000100000008
  0
ARC
  5
1A14
330
1ADA
100
AcDbEntity
  8
Edge.Cuts
100
AcDbCircle
 10
90.946265
 20
-85.988883
 30
0.0
 40
0.500001000001
100
AcDbArc
 50
180.00011459
 51
269.99988541
  0
LWPOLYLINE
  5
1AA7
330
1ADA
100
AcDbEntity
  8
Edge.Cuts
  6
Continuous
100
AcDbPolyline
 90
        8
 70
   129
 43
0.0
 10
72.2435
 20
-163.1900009999967
 42
-0.4142123908117455
 10
71.7435
 20
-163.690001
 10
65.9935000000116
 20
-163.690001
 42
-0.4142123908185552
 10
65.4935
 20
-163.1900009999967
 10
65.4935
 20
-150.1900010000116
 42
-0.4142123908117455
 10
65.9935
 20
-149.690001
 10
71.7434999999884
 20
-149.690001
 42
-0.4142123908185549
 10
72.2435
 20
-150.1900010000033
  0
LWPOLYLINE
  5
1AA6
330
1ADA
100
AcDbEntity
  8
Edge.Cuts
  6
Continuous
100
AcDbPolyline
 90
        8
 70
   128
 43
0.0
 10
81.4185
 20
-162.69
 10
94.4185
 20
-162.69
 42
0.414213562373095
 10
94.9185
 20
-162.19
 10
94.9185
 20
-149.19
 42
0.414213562373095
 10
94.4185
 20
-148.69
 10
81.4185
 20
-148.69
 42
0.4142123908117622
 10
80.9185
 20
-149.1900000000033
 10
80.9185
 20
-162.19
  0
LWPOLYLINE
  5
1AA5
330
1ADA
100
AcDbEntity
  8
Edge.Cuts
  6
Continuous
100
AcDbPolyline
 90
        8
 70
   129
 43
0.0
 10
110.344105
 20
-163.1900009999899
 42
-0.4142100476593119
 10
109.844105
 20
-163.690001
 10
104.0941049999948
 20
-163.690001
 42
-0.4140987753594445
 10
103.594105
 20
-163.1900010000001
 10
103.594105
 20
-150.1900009999764
 42
-0.4142170770960564
 10
104.094105
 20
-149.690001
 10
109.8428939999645
 20
-149.690001
 42
-0.4141005319400463
 10
110.342894
 20
-150.1900010000001
  0
ARC
  5
1A2C
330
1ADA
100
AcDbEntity
  8
Edge.Cuts
100
AcDbCircle
 10
81.42126499999999
 20
-162.188883
 30
0.0
 40
0.500001000001
100
AcDbArc
 50
180.00011459
 51
269.99988541
  0
LWPOLYLINE
  5
1AAA
330
1ADA
100
AcDbEntity
  8
Edge.Cuts
  6
Continuous
100
AcDbPolyline
 90
        8
 70
   128
 43
0.0
 10
62.3685
 20
-143.64
 10
75.3685
 20
-143.64
 42
0.414213562373095
 10
75.8685
 20
-143.14
 10
75.8685
 20
-130.14
 42
0.414213562373095
 10
75.3685
 20
-129.64
 10
62.3685
 20
-129.64
 42
0.414212390811758
 10
61.8685
 20
-130.1400000000033
 10
61.8685
 20
-143.14
  0
ARC
  5
1A38
330
1ADA
100
AcDbEntity
  8
Edge.Cuts
100
AcDbCircle
 10
62.37126499999999
 20
-143.138883
 30
0.0
 40
0.500001000001
100
AcDbArc
 50
180.00011459
 51
269.99988541
  0
LWPOLYLINE
  5
1AAC
330
1ADA
100
AcDbEntity
  8
Edge.Cuts
  6
Continuous
100
AcDbPolyline
 90
        8
 70
   128
 43
0.0
 10
43.3185
 20
-124.59
 10
56.3185
 20
-124.59
 42
0.414213562373095
 10
56.8185
 20
-124.09
 10
56.8185
 20
-111.09
 42
0.414213562373095
 10
56.3185
 20
-110.59
 10
43.3185
 20
-110.59
 42
0.4142123908117497
 10
42.8185
 20
-111.0900000000032
 10
42.8185
 20
-124.09
  0
ARC
  5
1A40
330
1ADA
100
AcDbEntity
  8
Edge.Cuts
100
AcDbCircle
 10
43.321265
 20
-124.088883
 30
0.0
 40
0.500001000001
100
AcDbArc
 50
180.00011459
 51
269.99988541
  0
LWPOLYLINE
  5
1AA2
330
1ADA
100
AcDbEntity
  8
Edge.Cuts
  6
Continuous
100
AcDbPolyline
 90
        8
 70
   128
 43
0.0
 10
81.4185
 20
-124.59
 10
94.4185
 20
-124.59
 42
0.414213562373095
 10
94.9185
 20
-124.09
 10
94.9185
 20
-111.09
 42
0.414213562373095
 10
94.4185
 20
-110.59
 10
81.4185
 20
-110.59
 42
0.4142123908117539
 10
80.9185
 20
-111.0900000000032
 10
80.9185
 20
-124.09
  0
ARC
  5
1A48
330
1ADA
100
AcDbEntity
  8
Edge.Cuts
100
AcDbCircle
 10
81.42126499999999
 20
-124.088883
 30
0.0
 40
0.500001000001
100
AcDbArc
 50
180.00011459
 51
269.99988541
  0
LWPOLYLINE
  5
1AA4
330
1ADA
100
AcDbEntity
  8
Edge.Cuts
  6
Continuous
100
AcDbPolyline
 90
        8
 70
   128
 43
0.0
 10
100.4685
 20
-143.64
 10
113.4685
 20
-143.64
 42
0.414213562373095
 10
113.9685
 20
-143.14
 10
113.9685
 20
-130.14
 42
0.414213562373095
 10
113.4685
 20
-129.64
 10
100.4685
 20
-129.64
 42
0.4142123908117622
 10
99.96849999999999
 20
-130.1400000000033
 10
99.96849999999999
 20
-143.14
  0
ARC
  5
1A50
330
1ADA
100
AcDbEntity
  8
Edge.Cuts
100
AcDbCircle
 10
100.471265
 20
-143.138883
 30
0.0
 40
0.500001000001
100
AcDbArc
 50
180.00011459
 51
269.99988541
  0
LWPOLYLINE
  5
1AAF
330
1ADA
100
AcDbEntity
  8
Edge.Cuts
  6
Continuous
100
AcDbPolyline
 90
        8
 70
   128
 43
0.0
 10
81.4185
 20
-105.54
 10
94.4185
 20
-105.54
 42
0.414213562373095
 10
94.9185
 20
-105.04
 10
94.9185
 20
-92.03999999999999
 42
0.414213562373095
 10
94.4185
 20
-91.53999999999999
 10
81.4185
 20
-91.53999999999999
 42
0.4142123908117539
 10
80.9185
 20
-92.04000000000323
 10
80.9185
 20
-105.04
  0
ARC
  5
1A58
330
1ADA
100
AcDbEntity
  8
Edge.Cuts
100
AcDbCircle
 10
81.42126499999999
 20
-105.038883
 30
0.0
 40
0.500001000001
100
AcDbArc
 50
180.00011459
 51
269.99988541
  0
LWPOLYLINE
  5
1AA3
330
1ADA
100
AcDbEntity
  8
Edge.Cuts
  6
Continuous
100
AcDbPolyline
 90
        8
 70
   128
 43
0.0
 10
81.4185
 20
-143.64
 10
94.4185
 20
-143.64
 42
0.414213562373095
 10
94.9185
 20
-143.14
 10
94.9185
 20
-130.14
 42
0.414213562373095
 10
94.4185
 20
-129.64
 10
81.4185
 20
-129.64
 42
0.4142123908117622
 10
80.9185
 20
-130.1400000000033
 10
80.9185
 20
-143.14
  0
ARC
  5
1A60
330
1ADA
100
AcDbEntity
  8
Edge.Cuts
100
AcDbCircle
 10
81.42126499999999
 20
-143.138883
 30
0.0
 40
0.500001000001
100
AcDbArc
 50
180.00011459
 51
269.99988541
  0
LWPOLYLINE
  5
1AA1
330
1ADA
100
AcDbEntity
  8
Edge.Cuts
  6
Continuous
100
AcDbPolyline
 90
        8
 70
   128
 43
0.0
 10
100.4685
 20
-124.59
 10
113.4685
 20
-124.59
 42
0.414213562373095
 10
113.9685
 20
-124.09
 10
113.9685
 20
-111.09
 42
0.414213562373095
 10
113.4685
 20
-110.59
 10
100.4685000000116
 20
-110.59
 42
0.414212390818555
 10
99.96849999999999
 20
-111.0900000000033
 10
99.96849999999999
 20
-124.09
  0
ARC
  5
1A68
330
1ADA
100
AcDbEntity
  8
Edge.Cuts
100
AcDbCircle
 10
100.471265
 20
-124.088883
 30
0.0
 40
0.500001000001
100
AcDbArc
 50
180.00011459
 51
269.99988541
  0
LWPOLYLINE
  5
1AAE
330
1ADA
100
AcDbEntity
  8
Edge.Cuts
  6
Continuous
100
AcDbPolyline
 90
        8
 70
   128
 43
0.0
 10
62.3685
 20
-105.54
 10
75.3685
 20
-105.54
 42
0.414213562373095
 10
75.8685
 20
-105.04
 10
75.8685
 20
-92.03999999999999
 42
0.414213562373095
 10
75.3685
 20
-91.53999999999999
 10
62.3685
 20
-91.53999999999999
 42
0.4142123908117539
 10
61.8685
 20
-92.04000000000323
 10
61.8685
 20
-105.04
  0
ARC
  5
1A70
330
1ADA
100
AcDbEntity
  8
Edge.Cuts
100
AcDbCircle
 10
62.37126499999999
 20
-105.038883
 30
0.0
 40
0.500001000001
100
AcDbArc
 50
180.00011459
 51
269.99988541
  0
LWPOLYLINE
  5
1AAB
330
1ADA
100
AcDbEntity
  8
Edge.Cuts
  6
Continuous
100
AcDbPolyline
 90
        8
 70
   128
 43
0.0
 10
62.3685
 20
-124.59
 10
75.3685
 20
-124.59
 42
0.414213562373095
 10
75.8685
 20
-124.09
 10
75.8685
 20
-111.09
 42
0.414213562373095
 10
75.3685
 20
-110.59
 10
62.3685
 20
-110.59
 42
0.4142123908117497
 10
61.8685
 20
-111.0900000000032
 10
61.8685
 20
-124.09
  0
ARC
  5
1A78
330
1ADA
100
AcDbEntity
  8
Edge.Cuts
100
AcDbCircle
 10
62.37126499999999
 20
-124.088883
 30
0.0
 40
0.500001000001
100
AcDbArc
 50
180.00011459
 51
269.99988541
  0
CIRCLE
  5
1A7B
330
1ADA
100
AcDbEntity
  8
Edge.Cuts
100
AcDbCircle
 10
125.1125
 20
-65.93599999999999
 30
0.0
 40
1.249999
  0
CIRCLE
  5
1A7C
330
1ADA
100
AcDbEntity
  8
Edge.Cuts
100
AcDbCircle
 10
75.4725
 20
-64.93599999999999
 30
0.0
 40
1.249999
  0
CIRCLE
  5
1A7D
330
1ADA
100
AcDbEntity
  8
Edge.Cuts
100
AcDbCircle
 10
59.2165
 20
-127.0
 30
0.0
 40
1.249999
  0
CIRCLE
  5
1A7E
330
1ADA
100
AcDbEntity
  8
Edge.Cuts
100
AcDbCircle
 10
133.8925
 20
-62.23
 30
0.0
 40
1.249999
  0
CIRCLE
  5
1A7F
330
1ADA
100
AcDbEntity
  8
Edge.Cuts
100
AcDbCircle
 10
55.6605
 20
-65.024
 30
0.0
 40
1.249999
  0
CIRCLE
  5
1A80
330
1ADA
100
AcDbEntity
  8
Edge.Cuts
100
AcDbCircle
 10
55.6605
 20
-61.468
 30
0.0
 40
1.249999
  0
CIRCLE
  5
1A81
330
1ADA
100
AcDbEntity
  8
Edge.Cuts
100
AcDbCircle
 10
140.7505
 20
-70.104
 30
0.0
 40
1.249999
  0
CIRCLE
  5
1A82
330
1ADA
100
AcDbEntity
  8
Edge.Cuts
100
AcDbCircle
 10
122.8625
 20
-92.18599999999999
 30
0.0
 40
1.249999
  0
CIRCLE
  5
1A83
330
1ADA
100
AcDbEntity
  8
Edge.Cuts
100
AcDbCircle
 10
71.6625
 20
-64.93599999999999
 30
0.0
 40
1.249999
  0
CIRCLE
  5
1A84
330
1ADA
100
AcDbEntity
  8
Edge.Cuts
100
AcDbCircle
 10
167.1665
 20
-92.71
 30
0.0
 40
1.249999
  0
CIRCLE
  5
1A85
330
1ADA
100
AcDbEntity
  8
Edge.Cuts
100
AcDbCircle
 10
125.1125
 20
-61.936
 30
0.0
 40
1.249999
  0
CIRCLE
  5
1A86
330
1ADA
100
AcDbEntity
  8
Edge.Cuts
100
AcDbCircle
 10
88.1725
 20
-58.928
 30
0.0
 40
1.249999
  0
CIRCLE
  5
1A87
330
1ADA
100
AcDbEntity
  8
Edge.Cuts
100
AcDbCircle
 10
94.26849999999999
 20
-58.928
 30
0.0
 40
1.249999
  0
CIRCLE
  5
1A88
330
1ADA
100
AcDbEntity
  8
Edge.Cuts
100
AcDbCircle
 10
59.2165
 20
-146.05
 30
0.0
 40
1.249999
  0
CIRCLE
  5
1A89
330
1ADA
100
AcDbEntity
  8
Edge.Cuts
100
AcDbCircle
 10
61.7565
 20
-61.468
 30
0.0
 40
1.249999
  0
CIRCLE
  5
1A8A
330
1ADA
100
AcDbEntity
  8
Edge.Cuts
100
AcDbCircle
 10
141.7665
 20
-75.946
 30
0.0
 40
1.249999
  0
CIRCLE
  5
1A8B
330
1ADA
100
AcDbEntity
  8
Edge.Cuts
100
AcDbCircle
 10
152.6885
 20
-111.252
 30
0.0
 40
1.249999
  0
CIRCLE
  5
1A8C
330
1ADA
100
AcDbEntity
  8
Edge.Cuts
100
AcDbCircle
 10
100.3645
 20
-58.928
 30
0.0
 40
1.249999
  0
CIRCLE
  5
1A8D
330
1ADA
100
AcDbEntity
  8
Edge.Cuts
100
AcDbCircle
 10
125.2565
 20
-57.912
 30
0.0
 40
1.249999
  0
CIRCLE
  5
1A8E
330
1ADA
100
AcDbEntity
  8
Edge.Cuts
100
AcDbCircle
 10
62.2645
 20
-158.496
 30
0.0
 40
1.249999
  0
CIRCLE
  5
1A8F
330
1ADA
100
AcDbEntity
  8
Edge.Cuts
100
AcDbCircle
 10
199.9325
 20
-64.77
 30
0.0
 40
1.249999
  0
CIRCLE
  5
1A90
330
1ADA
100
AcDbEntity
  8
Edge.Cuts
100
AcDbCircle
 10
211.6165
 20
-89.66199999999999
 30
0.0
 40
1.249999
  0
CIRCLE
  5
1A91
330
1ADA
100
AcDbEntity
  8
Edge.Cuts
100
AcDbCircle
 10
122.8625
 20
-86.17114699999999
 30
0.0
 40
1.249999
  0
CIRCLE
  5
1A92
330
1ADA
100
AcDbEntity
  8
Edge.Cuts
100
AcDbCircle
 10
59.2165
 20
-107.696
 30
0.0
 40
1.249999
  0
CIRCLE
  5
1A93
330
1ADA
100
AcDbEntity
  8
Edge.Cuts
100
AcDbCircle
 10
136.6865
 20
-70.104
 30
0.0
 40
1.249999
  0
CIRCLE
  5
1A94
330
1ADA
100
AcDbEntity
  8
Edge.Cuts
100
AcDbCircle
 10
90.71249999999999
 20
-67.564
 30
0.0
 40
1.249999
  0
CIRCLE
  5
1A95
330
1ADA
100
AcDbEntity
  8
Edge.Cuts
100
AcDbCircle
 10
170.4685
 20
-92.71
 30
0.0
 40
1.249999
  0
VIEWPORT
  5
1B88
330
1AD6
100
AcDbEntity
 67
     1
  8
0
100
AcDbViewport
 10
128.5
 20
97.5
 30
0.0
 40
314.226
 41
222.18
 68
     1
 69
     1
 12
128.5
 22
97.5
 13
0.0
 23
0.0
 14
10.0
 24
10.0
 15
10.0
 25
10.0
 16
0.0
 26
0.0
 36
1.0
 17
0.0
 27
0.0
 37
0.0
 42
50.0
 43
0.0
 44
0.0
 45
222.18
 50
0.0
 51
0.0
 72
   100
 90
   557152
  1

281
     0
 71
     1
 74
     0
110
0.0
120
0.0
130
0.0
111
1.0
121
0.0
131
0.0
112
0.0
122
1.0
132
0.0
 79
     0
146
0.0
170
     0
 61
     5
348
1AEA
292
     1
282
     1
141
0.0
142
0.0
 63
   256
361
1B89
  0
ENDSEC
  0
SECTION
  2
OBJECTS
  0
DICTIONARY
  5
1AC8
330
0
100
AcDbDictionary
281
     1
  3
ACAD_DETAILVIEWSTYLE
350
1BC1
  3
ACAD_GROUP
350
1AC9
  3
ACAD_LAYOUT
350
1AD5
  3
ACAD_MATERIAL
350
1AFE
  3
ACAD_MLEADERSTYLE
350
1B16
  3
ACAD_MLINESTYLE
350
1AD2
  3
ACAD_PLOTSETTINGS
350
1AD4
  3
ACAD_PLOTSTYLENAME
350
1ACA
  3
ACAD_SCALELIST
350
1B02
  3
ACAD_SECTIONVIEWSTYLE
350
1BC2
  3
ACAD_TABLESTYLE
350
1B14
  3
ACAD_VISUALSTYLE
350
1AE5
  3
ACDB_RECOMPOSE_DATA
350
1BBE
  3
AcDbVariableDictionary
350
1B8A
  3
QCAD_OBJECTS
350
1B1A
  0
SUN
  5
1B18
330
1AE4
100
AcDbSun
 90
        1
290
     0
 63
     7
421
 16777215
 40
1.0
291
     1
 91
  2455826
 92
 54000000
292
     0
 70
     2
 71
   256
280
     1
  0
SUN
  5
1B89
330
1B88
100
AcDbSun
 90
        1
290
     0
 63
     7
421
 16777215
 40
1.0
291
     1
 91
  2455826
 92
 54000000
292
     0
 70
     2
 71
   256
280
     1
  0
DICTIONARY
  5
1BC1
102
{ACAD_REACTORS
330
1AC8
102
}
330
1AC8
100
AcDbDictionary
281
     1
  0
DICTIONARY
  5
1AC9
102
{ACAD_REACTORS
330
1AC8
102
}
330
1AC8
100
AcDbDictionary
281
     1
  0
DICTIONARY
  5
1AD5
102
{ACAD_REACTORS
330
1AC8
102
}
330
1AC8
100
AcDbDictionary
281
     1
  3
Layout1
350
1AD9
  3
Model
350
1ADD
  0
DICTIONARY
  5
1AFE
102
{ACAD_REACTORS
330
1AC8
102
}
330
1AC8
100
AcDbDictionary
281
     1
  3
ByBlock
350
1B00
  3
ByLayer
350
1AFF
  3
Global
350
1B01
  0
DICTIONARY
  5
1B16
102
{ACAD_REACTORS
330
1AC8
102
}
330
1AC8
100
AcDbDictionary
281
     1
  3
Standard
350
1B17
  0
DICTIONARY
  5
1AD2
102
{ACAD_REACTORS
330
1AC8
102
}
330
1AC8
100
AcDbDictionary
281
     1
  3
Standard
350
1AD3
  0
DICTIONARY
  5
1AD4
102
{ACAD_REACTORS
330
1AC8
102
}
330
1AC8
100
AcDbDictionary
281
     1
  0
ACDBDICTIONARYWDFLT
  5
1ACA
102
{ACAD_REACTORS
330
1AC8
102
}
330
1AC8
100
AcDbDictionary
281
     1
  3
Normal
350
1ACB
100
AcDbDictionaryWithDefault
340
1ACB
  0
DICTIONARY
  5
1B02
102
{ACAD_REACTORS
330
1AC8
102
}
330
1AC8
100
AcDbDictionary
281
     1
  3
A0
350
1B03
  3
A1
350
1B04
  3
A2
350
1B05
  3
A3
350
1B06
  3
A4
350
1B07
  3
A5
350
1B08
  3
A6
350
1B09
  3
A7
350
1B0A
  3
A8
350
1B0B
  3
A9
350
1B0C
  3
B1
350
1B0D
  3
B2
350
1B0E
  3
B3
350
1B0F
  3
B4
350
1B10
  3
B5
350
1B11
  3
B6
350
1B12
  3
B7
350
1B13
  0
DICTIONARY
  5
1BC2
102
{ACAD_REACTORS
330
1AC8
102
}
330
1AC8
100
AcDbDictionary
281
     1
  0
DICTIONARY
  5
1B14
102
{ACAD_REACTORS
330
1AC8
102
}
330
1AC8
100
AcDbDictionary
281
     1
  3
Standard
350
1B15
  0
DICTIONARY
  5
1AE5
102
{ACAD_REACTORS
330
1AC8
102
}
330
1AC8
100
AcDbDictionary
281
     1
  3
2dWireframe
350
1AEA
  3
Basic
350
1AED
  3
Brighten
350
1AF1
  3
ColorChange
350
1AF5
  3
Conceptual
350
1AEF
  3
Dim
350
1AF0
  3
EdgeColorOff
350
1AF8
  3
Facepattern
350
1AF4
  3
Flat
350
1AE6
  3
FlatWithEdges
350
1AE7
  3
Gouraud
350
1AE8
  3
GouraudWithEdges
350
1AE9
  3
Hidden
350
1AEC
  3
JitterOff
350
1AF6
  3
Linepattern
350
1AF3
  3
OverhangOff
350
1AF7
  3
Realistic
350
1AEE
  3
Shaded
350
1AFD
  3
Shaded with edges
350
1AFC
  3
Shades of Gray
350
1AF9
  3
Sketchy
350
1AFA
  3
Thicken
350
1AF2
  3
Wireframe
350
1AEB
  3
X-Ray
350
1AFB
  0
XRECORD
  5
1BBE
102
{ACAD_REACTORS
330
1AC8
102
}
330
1AC8
100
AcDbXrecord
280
     1
 90
        1
330
1B15
  0
DICTIONARY
  5
1B8A
102
{ACAD_REACTORS
330
1AC8
102
}
330
1AC8
100
AcDbDictionary
281
     1
  3
CANNOSCALE
350
1B8B
  3
CMLEADERSTYLE
350
1BC0
  3
CTABLESTYLE
350
1BBF
  0
DICTIONARY
  5
1B1A
102
{ACAD_REACTORS
330
1AC8
102
}
330
1AC8
100
AcDbDictionary
281
     1
  3
ColorSettings/BackgroundColor
350
1B1C
  3
ColorSettings/ColorMode
350
1B1D
  3
Grid/DisplayGrid00
350
1B1E
  3
Grid/DisplayGrid01
350
1B1F
  3
Grid/DisplayGrid02
350
1B20
  3
Grid/DisplayGrid03
350
1B21
  3
Grid/GridSpacingX00
350
1B22
  3
Grid/GridSpacingX01
350
1B23
  3
Grid/GridSpacingX02
350
1B24
  3
Grid/GridSpacingX03
350
1B25
  3
Grid/GridSpacingY00
350
1B26
  3
Grid/GridSpacingY01
350
1B27
  3
Grid/GridSpacingY02
350
1B28
  3
Grid/GridSpacingY03
350
1B29
  3
Grid/IsometricGrid00
350
1B2A
  3
Grid/IsometricGrid01
350
1B2B
  3
Grid/IsometricGrid02
350
1B2C
  3
Grid/IsometricGrid03
350
1B2D
  3
Grid/IsometricProjection00
350
1B2E
  3
Grid/IsometricProjection01
350
1B2F
  3
Grid/IsometricProjection02
350
1B30
  3
Grid/IsometricProjection03
350
1B31
  3
Grid/MetaGridSpacingX00
350
1B32
  3
Grid/MetaGridSpacingX01
350
1B33
  3
Grid/MetaGridSpacingX02
350
1B34
  3
Grid/MetaGridSpacingX03
350
1B35
  3
Grid/MetaGridSpacingY00
350
1B36
  3
Grid/MetaGridSpacingY01
350
1B37
  3
Grid/MetaGridSpacingY02
350
1B38
  3
Grid/MetaGridSpacingY03
350
1B39
  3
MultiPageSettings/Columns
350
1B3A
  3
MultiPageSettings/GlueMarginsBottom
350
1B3B
  3
MultiPageSettings/GlueMarginsLeft
350
1B3C
  3
MultiPageSettings/GlueMarginsRight
350
1B3D
  3
MultiPageSettings/GlueMarginsTop
350
1B3E
  3
MultiPageSettings/PrintCropMarks
350
1B3F
  3
MultiPageSettings/Rows
350
1B40
  3
PageSettings/OffsetX
350
1B41
  3
PageSettings/OffsetY
350
1B42
  3
PageSettings/PageOrientation
350
1B43
  3
PageSettings/PaperHeight
350
1B44
  3
PageSettings/PaperWidth
350
1B45
  3
PageSettings/Scale
350
1B46
  3
PageSettings/ShowPaperBorders
350
1B47
  3
PageTagSettings/EnablePageTags
350
1B48
  3
PageTagSettings/TagAlignment
350
1B49
  3
PageTagSettings/TagFont
350
1B4A
  3
PageTagSettings/TagPosition
350
1B4B
  3
QCADVersion
350
1B4C
  3
UnitSettings/PaperUnit
350
1B4D
  3
ViewportCenter
350
1B4E
  3
ViewportHeight
350
1B4F
  3
ViewportWidth
350
1B50
  0
LAYOUT
  5
1AD9
102
{ACAD_REACTORS
330
1AD5
102
}
330
1AD5
100
AcDbPlotSettings
  1

  2
none_device
  4
ISO_A4_(210.00_x_297.00_MM)
  6

 40
7.5
 41
20.0
 42
7.5
 43
20.0
 44
210.0
 45
297.0
 46
0.0
 47
0.0
 48
0.0
 49
0.0
140
0.0
141
0.0
142
1.0
143
1.0
 70
   688
 72
     1
 73
     1
 74
     5
  7

 75
    16
 76
     0
 77
     2
 78
   300
147
1.0
148
0.0
149
0.0
100
AcDbLayout
  1
Layout1
 70
     1
 71
     0
 10
-20.0
 20
-7.5
 11
277.0
 21
202.5
 12
0.0
 22
0.0
 32
0.0
 14
0.0
 24
0.0
 34
0.0
 15
0.0
 25
0.0
 35
0.0
146
0.0
 13
0.0
 23
0.0
 33
0.0
 16
1.0
 26
0.0
 36
0.0
 17
0.0
 27
1.0
 37
0.0
 76
     0
330
1AD6
331
1B88
  0
LAYOUT
  5
1ADD
102
{ACAD_REACTORS
330
1AD5
102
}
330
1AD5
100
AcDbPlotSettings
  1

  2
none_device
  4
Letter_(8.50_x_11.00_Inches)
  6

 40
6.35
 41
6.35
 42
6.35000508
 43
6.35000508
 44
215.9
 45
279.4
 46
0.0
 47
0.0
 48
0.0
 49
0.0
140
0.0
141
0.0
142
1.0
143
1.0
 70
  1712
 72
     0
 73
     0
 74
     0
  7

 75
     0
 76
     0
 77
     2
 78
   300
147
1.0
148
0.0
149
0.0
100
AcDbLayout
  1
Model
 70
     1
 71
     0
 10
0.0
 20
0.0
 11
12.0
 21
9.0
 12
0.0
 22
0.0
 32
0.0
 14
37.75350100208423
 24
-167.6399617708219
 34
0.0
 15
220.3738450434269
 25
-40.38595495657304
 35
0.0
146
0.0
 13
0.0
 23
0.0
 33
0.0
 16
1.0
 26
0.0
 36
0.0
 17
0.0
 27
1.0
 37
0.0
 76
     0
330
1ADA
331
1AE4
  0
MATERIAL
  5
1B00
102
{ACAD_REACTORS
330
1AFE
102
}
330
1AFE
100
AcDbMaterial
  1
ByBlock
 72
     1
 94
      127
  0
MATERIAL
  5
1AFF
102
{ACAD_REACTORS
330
1AFE
102
}
330
1AFE
100
AcDbMaterial
  1
ByLayer
 72
     1
 94
      127
  0
MATERIAL
  5
1B01
102
{ACAD_REACTORS
330
1AFE
102
}
330
1AFE
100
AcDbMaterial
  1
Global
 72
     1
 94
      127
  0
MLEADERSTYLE
  5
1B17
102
{ACAD_REACTORS
330
1B16
102
}
330
1B16
100
AcDbMLeaderStyle
179
     2
170
     2
171
     1
172
     0
 90
        2
 40
0.0
 41
0.0
173
     1
 91
-1056964608
340
1ACF
 92
       -2
290
     1
 42
0.09
291
     1
 43
0.36
  3
Standard
341
0
 44
0.18
300

342
1ACD
174
     1
178
     6
175
     1
176
     0
 93
-1056964608
 45
0.18
292
     0
297
     0
 46
0.18
343
0
 94
-1056964608
 47
1.0
 49
1.0
140
1.0
293
     1
141
0.0
294
     1
177
     0
142
1.0
295
     0
296
     0
143
0.125
271
     0
272
     9
273
     9
  0
MLINESTYLE
  5
1AD3
102
{ACAD_REACTORS
330
1AD2
102
}
330
1AD2
100
AcDbMlineStyle
  2
Standard
 70
     0
  3

 62
   256
 51
90.0
 52
90.0
 71
     2
 49
0.5
 62
   256
  6
BYLAYER
 49
-0.5
 62
   256
  6
BYLAYER
  0
ACDBPLACEHOLDER
  5
1ACB
102
{ACAD_REACTORS
330
1ACA
102
}
330
1ACA
  0
SCALE
  5
1B03
102
{ACAD_REACTORS
330
1B02
102
}
330
1B02
100
AcDbScale
 70
     0
300
1:1
140
1.0
141
1.0
290
     1
  0
SCALE
  5
1B04
102
{ACAD_REACTORS
330
1B02
102
}
330
1B02
100
AcDbScale
 70
     0
300
1/128" = 1'-0"
140
0.0078125
141
12.0
290
     0
  0
SCALE
  5
1B05
102
{ACAD_REACTORS
330
1B02
102
}
330
1B02
100
AcDbScale
 70
     0
300
1/64" = 1'-0"
140
0.015625
141
12.0
290
     0
  0
SCALE
  5
1B06
102
{ACAD_REACTORS
330
1B02
102
}
330
1B02
100
AcDbScale
 70
     0
300
1/32" = 1'-0"
140
0.03125
141
12.0
290
     0
  0
SCALE
  5
1B07
102
{ACAD_REACTORS
330
1B02
102
}
330
1B02
100
AcDbScale
 70
     0
300
1/16" = 1'-0"
140
0.0625
141
12.0
290
     0
  0
SCALE
  5
1B08
102
{ACAD_REACTORS
330
1B02
102
}
330
1B02
100
AcDbScale
 70
     0
300
3/32" = 1'-0"
140
0.09375
141
12.0
290
     0
  0
SCALE
  5
1B09
102
{ACAD_REACTORS
330
1B02
102
}
330
1B02
100
AcDbScale
 70
     0
300
1/8" = 1'-0"
140
0.125
141
12.0
290
     0
  0
SCALE
  5
1B0A
102
{ACAD_REACTORS
330
1B02
102
}
330
1B02
100
AcDbScale
 70
     0
300
3/16" = 1'-0"
140
0.1875
141
12.0
290
     0
  0
SCALE
  5
1B0B
102
{ACAD_REACTORS
330
1B02
102
}
330
1B02
100
AcDbScale
 70
     0
300
1/4" = 1'-0"
140
0.25
141
12.0
290
     0
  0
SCALE
  5
1B0C
102
{ACAD_REACTORS
330
1B02
102
}
330
1B02
100
AcDbScale
 70
     0
300
3/8" = 1'-0"
140
0.375
141
12.0
290
     0
  0
SCALE
  5
1B0D
102
{ACAD_REACTORS
330
1B02
102
}
330
1B02
100
AcDbScale
 70
     0
300
1/2" = 1'-0"
140
0.5
141
12.0
290
     0
  0
SCALE
  5
1B0E
102
{ACAD_REACTORS
330
1B02
102
}
330
1B02
100
AcDbScale
 70
     0
300
3/4" = 1'-0"
140
0.75
141
12.0
290
     0
  0
SCALE
  5
1B0F
102
{ACAD_REACTORS
330
1B02
102
}
330
1B02
100
AcDbScale
 70
     0
300
1" = 1'-0"
140
1.0
141
12.0
290
     0
  0
SCALE
  5
1B10
102
{ACAD_REACTORS
330
1B02
102
}
330
1B02
100
AcDbScale
 70
     0
300
1-1/2" = 1'-0"
140
1.5
141
12.0
290
     0
  0
SCALE
  5
1B11
102
{ACAD_REACTORS
330
1B02
102
}
330
1B02
100
AcDbScale
 70
     0
300
3" = 1'-0"
140
3.0
141
12.0
290
     0
  0
SCALE
  5
1B12
102
{ACAD_REACTORS
330
1B02
102
}
330
1B02
100
AcDbScale
 70
     0
300
6" = 1'-0"
140
6.0
141
12.0
290
     0
  0
SCALE
  5
1B13
102
{ACAD_REACTORS
330
1B02
102
}
330
1B02
100
AcDbScale
 70
     0
300
1'-0" = 1'-0"
140
12.0
141
12.0
290
     0
  0
TABLESTYLE
  5
1B15
102
{ACAD_REACTORS
330
1B14
102
}
102
{ACAD_XDICTIONARY
360
1BBC
102
}
330
1B14
100
AcDbTableStyle
  3
Standard
 70
     0
 71
     0
 40
0.06
 41
0.06
280
     0
281
     0
  7
Standard
140
0.18
170
     2
 62
     0
 63
   257
283
     0
 90
        4
 91
        0
  1

274
    -2
284
     1
 64
     0
275
    -2
285
     1
 65
     0
276
    -2
286
     1
 66
     0
277
    -2
287
     1
 67
     0
278
    -2
288
     1
 68
     0
279
    -2
289
     1
 69
     0
  7
Standard
140
0.25
170
     5
 62
     0
 63
   257
283
     0
 90
        4
 91
        0
  1

274
    -2
284
     1
 64
     0
275
    -2
285
     1
 65
     0
276
    -2
286
     1
 66
     0
277
    -2
287
     1
 67
     0
278
    -2
288
     1
 68
     0
279
    -2
289
     1
 69
     0
  7
Standard
140
0.18
170
     5
 62
     0
 63
   257
283
     0
 90
        4
 91
        0
  1

274
    -2
284
     1
 64
     0
275
    -2
285
     1
 65
     0
276
    -2
286
     1
 66
     0
277
    -2
287
     1
 67
     0
278
    -2
288
     1
 68
     0
279
    -2
289
     1
 69
     0
  0
VISUALSTYLE
  5
1AEA
102
{ACAD_REACTORS
330
1AE5
102
}
102
{ACAD_XDICTIONARY
360
1B94
102
}
330
1AE5
100
AcDbVisualStyle
  2
2dWireframe
 70
     4
177
     2
291
     0
 71
     0
176
     1
 72
     2
176
     1
 73
     0
176
     1
 90
        0
176
     1
 40
0.6
176
     1
 41
30.0
176
     1
 62
     5
 63
     7
421
 16777215
176
     1
 74
     1
176
     1
 91
        4
176
     1
 64
     7
176
     1
 65
   257
176
     1
 75
     1
176
     1
175
     1
176
     1
 42
1.0
176
     1
 92
        0
176
     1
 66
   257
176
     1
 43
1.0
176
     1
 76
     1
176
     1
 77
     6
176
     1
 78
     2
176
     1
 67
     7
176
     1
 79
     5
176
     1
170
     0
176
     1
171
     0
176
     1
290
     0
176
     1
 93
        1
176
     1
 44
0.0
176
     1
173
     0
176
     1
  0
VISUALSTYLE
  5
1AED
102
{ACAD_REACTORS
330
1AE5
102
}
102
{ACAD_XDICTIONARY
360
1B9A
102
}
330
1AE5
100
AcDbVisualStyle
  2
Basic
 70
     7
177
     2
291
     1
 71
     1
176
     1
 72
     0
176
     1
 73
     1
176
     1
 90
        0
176
     1
 40
0.6
176
     1
 41
30.0
176
     1
 62
     5
 63
     7
421
 16777215
176
     1
 74
     0
176
     1
 91
        4
176
     1
 64
     7
176
     1
 65
   257
176
     1
 75
     1
176
     1
175
     1
176
     1
 42
1.0
176
     1
 92
        8
176
     1
 66
     7
176
     1
 43
1.0
176
     1
 76
     1
176
     1
 77
     6
176
     1
 78
     2
176
     1
 67
     7
176
     1
 79
     5
176
     1
170
     0
176
     1
171
     0
176
     1
290
     0
176
     1
 93
        1
176
     1
 44
0.0
176
     1
173
     0
176
     1
  0
VISUALSTYLE
  5
1AF1
102
{ACAD_REACTORS
330
1AE5
102
}
102
{ACAD_XDICTIONARY
360
1BA2
102
}
330
1AE5
100
AcDbVisualStyle
  2
Brighten
 70
    12
177
     2
291
     1
 71
     2
176
     1
 72
     2
176
     1
 73
     0
176
     1
 90
        0
176
     1
 40
0.6
176
     1
 41
30.0
176
     1
 62
     5
 63
     7
421
 16777215
176
     1
 74
     1
176
     1
 91
        4
176
     1
 64
     7
176
     1
 65
   257
176
     1
 75
     1
176
     1
175
     1
176
     1
 42
1.0
176
     1
 92
        8
176
     1
 66
     7
176
     1
 43
1.0
176
     1
 76
     1
176
     1
 77
     6
176
     1
 78
     2
176
     1
 67
     7
176
     1
 79
     5
176
     1
170
     0
176
     1
171
     0
176
     1
290
     0
176
     1
 93
        1
176
     1
 44
50.0
176
     1
173
     0
176
     1
  0
VISUALSTYLE
  5
1AF5
102
{ACAD_REACTORS
330
1AE5
102
}
102
{ACAD_XDICTIONARY
360
1BAA
102
}
330
1AE5
100
AcDbVisualStyle
  2
ColorChange
 70
    16
177
     2
291
     1
 71
     2
176
     1
 72
     2
176
     1
 73
     3
176
     1
 90
        0
176
     1
 40
0.6
176
     1
 41
30.0
176
     1
 62
     5
 63
     8
421
  8421504
176
     1
 74
     1
176
     1
 91
        4
176
     1
 64
     7
176
     1
 65
   257
176
     1
 75
     1
176
     1
175
     1
176
     1
 42
1.0
176
     1
 92
        8
176
     1
 66
     8
424
  8421504
176
     1
 43
1.0
176
     1
 76
     1
176
     1
 77
     6
176
     1
 78
     2
176
     1
 67
     7
176
     1
 79
     5
176
     1
170
     0
176
     1
171
     0
176
     1
290
     0
176
     1
 93
        1
176
     1
 44
0.0
176
     1
173
     0
176
     1
  0
VISUALSTYLE
  5
1AEF
102
{ACAD_REACTORS
330
1AE5
102
}
102
{ACAD_XDICTIONARY
360
1B9E
102
}
330
1AE5
100
AcDbVisualStyle
  2
Conceptual
 70
     9
177
     2
291
     0
 71
     3
176
     1
 72
     2
176
     1
 73
     0
176
     1
 90
        0
176
     1
 40
0.6
176
     1
 41
30.0
176
     1
 62
     5
 63
     7
421
 16777215
176
     1
 74
     2
176
     1
 91
        2
176
     1
 64
     7
176
     1
 65
   257
176
     1
 75
     1
176
     1
175
     1
176
     1
 42
179.0
176
     1
 92
        8
176
     1
 66
     7
176
     1
 43
1.0
176
     1
 76
     1
176
     1
 77
     6
176
     1
 78
     2
176
     1
 67
     7
176
     1
 79
     3
176
     1
170
     0
176
     1
171
     0
176
     1
290
     0
176
     1
 93
        1
176
     1
 44
0.0
176
     1
173
     0
176
     1
  0
VISUALSTYLE
  5
1AF0
102
{ACAD_REACTORS
330
1AE5
102
}
102
{ACAD_XDICTIONARY
360
1BA0
102
}
330
1AE5
100
AcDbVisualStyle
  2
Dim
 70
    11
177
     2
291
     1
 71
     2
176
     1
 72
     2
176
     1
 73
     0
176
     1
 90
        0
176
     1
 40
0.6
176
     1
 41
30.0
176
     1
 62
     5
 63
     7
421
 16777215
176
     1
 74
     1
176
     1
 91
        4
176
     1
 64
     7
176
     1
 65
   257
176
     1
 75
     1
176
     1
175
     1
176
     1
 42
1.0
176
     1
 92
        8
176
     1
 66
     7
176
     1
 43
1.0
176
     1
 76
     1
176
     1
 77
     6
176
     1
 78
     2
176
     1
 67
     7
176
     1
 79
     5
176
     1
170
     0
176
     1
171
     0
176
     1
290
     0
176
     1
 93
        1
176
     1
 44
-50.0
176
     1
173
     0
176
     1
  0
VISUALSTYLE
  5
1AF8
102
{ACAD_REACTORS
330
1AE5
102
}
102
{ACAD_XDICTIONARY
360
1BB0
102
}
330
1AE5
100
AcDbVisualStyle
  2
EdgeColorOff
 70
    22
177
     2
291
     1
 71
     2
176
     0
 72
     2
176
     0
 73
     0
176
     0
 90
        0
176
     0
 40
0.6
176
     0
 41
30.0
176
     0
 62
     5
 63
     7
421
 16777215
176
     0
 74
     1
176
     0
 91
        4
176
     0
 64
     7
176
     0
 65
   257
176
     0
 75
     1
176
     0
175
     1
176
     0
 42
1.0
176
     0
 92
        8
176
     2
 66
     7
176
     0
 43
1.0
176
     0
 76
     1
176
     0
 77
     6
176
     0
 78
     2
176
     0
 67
     7
176
     0
 79
     5
176
     0
170
     0
176
     0
171
     0
176
     0
290
     0
176
     0
 93
        1
176
     0
 44
0.0
176
     0
173
     0
176
     0
  0
VISUALSTYLE
  5
1AF4
102
{ACAD_REACTORS
330
1AE5
102
}
102
{ACAD_XDICTIONARY
360
1BA8
102
}
330
1AE5
100
AcDbVisualStyle
  2
Facepattern
 70
    15
177
     2
291
     1
 71
     2
176
     1
 72
     2
176
     1
 73
     0
176
     1
 90
        0
176
     1
 40
0.6
176
     1
 41
30.0
176
     1
 62
     5
 63
     7
421
 16777215
176
     1
 74
     1
176
     1
 91
        4
176
     1
 64
     7
176
     1
 65
   257
176
     1
 75
     1
176
     1
175
     1
176
     1
 42
1.0
176
     1
 92
        8
176
     1
 66
     7
176
     1
 43
1.0
176
     1
 76
     1
176
     1
 77
     6
176
     1
 78
     2
176
     1
 67
     7
176
     1
 79
     5
176
     1
170
     0
176
     1
171
     0
176
     1
290
     0
176
     1
 93
        1
176
     1
 44
0.0
176
     1
173
     0
176
     1
  0
VISUALSTYLE
  5
1AE6
102
{ACAD_REACTORS
330
1AE5
102
}
102
{ACAD_XDICTIONARY
360
1B8C
102
}
330
1AE5
100
AcDbVisualStyle
  2
Flat
 70
     0
177
     2
291
     1
 71
     2
176
     1
 72
     1
176
     1
 73
     1
176
     1
 90
        2
176
     1
 40
0.6
176
     1
 41
30.0
176
     1
 62
     5
 63
     7
421
 16777215
176
     1
 74
     0
176
     1
 91
        0
176
     1
 64
     7
176
     1
 65
   257
176
     1
 75
     1
176
     1
175
     1
176
     1
 42
1.0
176
     1
 92
        8
176
     1
 66
     7
176
     1
 43
1.0
176
     1
 76
     1
176
     1
 77
     6
176
     1
 78
     2
176
     1
 67
     7
176
     1
 79
     5
176
     1
170
     0
176
     1
171
     0
176
     1
290
     0
176
     1
 93
       13
176
     1
 44
0.0
176
     1
173
     0
176
     1
  0
VISUALSTYLE
  5
1AE7
102
{ACAD_REACTORS
330
1AE5
102
}
102
{ACAD_XDICTIONARY
360
1B8E
102
}
330
1AE5
100
AcDbVisualStyle
  2
FlatWithEdges
 70
     1
177
     2
291
     1
 71
     2
176
     1
 72
     1
176
     1
 73
     1
176
     1
 90
        2
176
     1
 40
0.6
176
     1
 41
30.0
176
     1
 62
     5
 63
     7
421
 16777215
176
     1
 74
     1
176
     1
 91
        0
176
     1
 64
     7
176
     1
 65
   257
176
     1
 75
     1
176
     1
175
     1
176
     1
 42
1.0
176
     1
 92
        0
176
     1
 66
   257
176
     1
 43
1.0
176
     1
 76
     1
176
     1
 77
     6
176
     1
 78
     2
176
     1
 67
     7
176
     1
 79
     5
176
     1
170
     0
176
     1
171
     0
176
     1
290
     0
176
     1
 93
       13
176
     1
 44
0.0
176
     1
173
     0
176
     1
  0
VISUALSTYLE
  5
1AE8
102
{ACAD_REACTORS
330
1AE5
102
}
102
{ACAD_XDICTIONARY
360
1B90
102
}
330
1AE5
100
AcDbVisualStyle
  2
Gouraud
 70
     2
177
     2
291
     1
 71
     2
176
     1
 72
     2
176
     1
 73
     1
176
     1
 90
        2
176
     1
 40
0.6
176
     1
 41
30.0
176
     1
 62
     5
 63
     7
421
 16777215
176
     1
 74
     0
176
     1
 91
        0
176
     1
 64
     7
176
     1
 65
   257
176
     1
 75
     1
176
     1
175
     1
176
     1
 42
1.0
176
     1
 92
        0
176
     1
 66
     7
176
     1
 43
1.0
176
     1
 76
     1
176
     1
 77
     6
176
     1
 78
     2
176
     1
 67
     7
176
     1
 79
     5
176
     1
170
     0
176
     1
171
     0
176
     1
290
     0
176
     1
 93
       13
176
     1
 44
0.0
176
     1
173
     0
176
     1
  0
VISUALSTYLE
  5
1AE9
102
{ACAD_REACTORS
330
1AE5
102
}
102
{ACAD_XDICTIONARY
360
1B92
102
}
330
1AE5
100
AcDbVisualStyle
  2
GouraudWithEdges
 70
     3
177
     2
291
     1
 71
     2
176
     1
 72
     2
176
     1
 73
     1
176
     1
 90
        2
176
     1
 40
0.6
176
     1
 41
30.0
176
     1
 62
     5
 63
     7
421
 16777215
176
     1
 74
     1
176
     1
 91
        0
176
     1
 64
     7
176
     1
 65
   257
176
     1
 75
     1
176
     1
175
     1
176
     1
 42
1.0
176
     1
 92
        0
176
     1
 66
   257
176
     1
 43
1.0
176
     1
 76
     1
176
     1
 77
     6
176
     1
 78
     2
176
     1
 67
     7
176
     1
 79
     5
176
     1
170
     0
176
     1
171
     0
176
     1
290
     0
176
     1
 93
       13
176
     1
 44
0.0
176
     1
173
     0
176
     1
  0
VISUALSTYLE
  5
1AEC
102
{ACAD_REACTORS
330
1AE5
102
}
102
{ACAD_XDICTIONARY
360
1B98
102
}
330
1AE5
100
AcDbVisualStyle
  2
Hidden
 70
     6
177
     2
291
     0
 71
     1
176
     1
 72
     2
176
     1
 73
     2
176
     1
 90
        0
176
     1
 40
0.6
176
     1
 41
30.0
176
     1
 62
     5
 63
     7
421
 16777215
176
     1
 74
     2
176
     1
 91
        2
176
     1
 64
     7
176
     1
 65
   257
176
     1
 75
     2
176
     1
175
     1
176
     1
 42
40.0
176
     1
 92
        0
176
     1
 66
   257
176
     1
 43
1.0
176
     1
 76
     1
176
     1
 77
     6
176
     1
 78
     2
176
     1
 67
     7
176
     1
 79
     3
176
     1
170
     0
176
     1
171
     0
176
     1
290
     0
176
     1
 93
        1
176
     1
 44
0.0
176
     1
173
     0
176
     1
  0
VISUALSTYLE
  5
1AF6
102
{ACAD_REACTORS
330
1AE5
102
}
102
{ACAD_XDICTIONARY
360
1BAC
102
}
330
1AE5
100
AcDbVisualStyle
  2
JitterOff
 70
    20
177
     2
291
     1
 71
     2
176
     0
 72
     2
176
     0
 73
     0
176
     0
 90
        0
176
     0
 40
0.6
176
     0
 41
30.0
176
     0
 62
     5
 63
     7
421
 16777215
176
     0
 74
     1
176
     0
 91
        4
176
     0
 64
     7
176
     0
 65
   257
176
     0
 75
     1
176
     0
175
     1
176
     0
 42
1.0
176
     0
 92
       10
176
     2
 66
     7
176
     0
 43
1.0
176
     0
 76
     1
176
     0
 77
     6
176
     0
 78
     2
176
     0
 67
     7
176
     0
 79
     5
176
     0
170
     0
176
     0
171
     0
176
     0
290
     0
176
     0
 93
        1
176
     0
 44
0.0
176
     0
173
     0
176
     0
  0
VISUALSTYLE
  5
1AF3
102
{ACAD_REACTORS
330
1AE5
102
}
102
{ACAD_XDICTIONARY
360
1BA6
102
}
330
1AE5
100
AcDbVisualStyle
  2
Linepattern
 70
    14
177
     2
291
     1
 71
     2
176
     1
 72
     2
176
     1
 73
     0
176
     1
 90
        0
176
     1
 40
0.6
176
     1
 41
30.0
176
     1
 62
     5
 63
     7
421
 16777215
176
     1
 74
     1
176
     1
 91
        4
176
     1
 64
     7
176
     1
 65
   257
176
     1
 75
     7
176
     1
175
     7
176
     1
 42
1.0
176
     1
 92
        8
176
     1
 66
     7
176
     1
 43
1.0
176
     1
 76
     1
176
     1
 77
     6
176
     1
 78
     2
176
     1
 67
     7
176
     1
 79
     5
176
     1
170
     0
176
     1
171
     0
176
     1
290
     0
176
     1
 93
        1
176
     1
 44
0.0
176
     1
173
     0
176
     1
  0
VISUALSTYLE
  5
1AF7
102
{ACAD_REACTORS
330
1AE5
102
}
102
{ACAD_XDICTIONARY
360
1BAE
102
}
330
1AE5
100
AcDbVisualStyle
  2
OverhangOff
 70
    21
177
     2
291
     1
 71
     2
176
     0
 72
     2
176
     0
 73
     0
176
     0
 90
        0
176
     0
 40
0.6
176
     0
 41
30.0
176
     0
 62
     5
 63
     7
421
 16777215
176
     0
 74
     1
176
     0
 91
        4
176
     0
 64
     7
176
     0
 65
   257
176
     0
 75
     1
176
     0
175
     1
176
     0
 42
1.0
176
     0
 92
        9
176
     2
 66
     7
176
     0
 43
1.0
176
     0
 76
     1
176
     0
 77
     6
176
     0
 78
     2
176
     0
 67
     7
176
     0
 79
     5
176
     0
170
     0
176
     0
171
     0
176
     0
290
     0
176
     0
 93
        1
176
     0
 44
0.0
176
     0
173
     0
176
     0
  0
VISUALSTYLE
  5
1AEE
102
{ACAD_REACTORS
330
1AE5
102
}
102
{ACAD_XDICTIONARY
360
1B9C
102
}
330
1AE5
100
AcDbVisualStyle
  2
Realistic
 70
     8
177
     2
291
     0
 71
     2
176
     1
 72
     3
176
     1
 73
     0
176
     1
 90
        2
176
     1
 40
0.6
176
     1
 41
30.0
176
     1
 62
     5
 63
     7
421
 16777215
176
     1
 74
     0
176
     1
 91
        0
176
     1
 64
     7
176
     1
 65
   257
176
     1
 75
     1
176
     1
175
     1
176
     1
 42
1.0
176
     1
 92
        8
176
     1
 66
   257
176
     1
 43
1.0
176
     1
 76
     1
176
     1
 77
     6
176
     1
 78
     2
176
     1
 67
     7
176
     1
 79
     3
176
     1
170
     0
176
     1
171
     0
176
     1
290
     0
176
     1
 93
       13
176
     1
 44
0.0
176
     1
173
     0
176
     1
  0
VISUALSTYLE
  5
1AFD
102
{ACAD_REACTORS
330
1AE5
102
}
102
{ACAD_XDICTIONARY
360
1BBA
102
}
330
1AE5
100
AcDbVisualStyle
  2
Shaded
 70
    27
177
     2
291
     0
 71
     2
176
     1
 72
     2
176
     1
 73
     1
176
     1
 90
        2
176
     1
 40
0.6
176
     1
 41
30.0
176
     1
 62
     5
 63
     7
421
 16777215
176
     1
 74
     0
176
     1
 91
        4
176
     1
 64
     7
176
     1
 65
   257
176
     1
 75
     1
176
     1
175
     1
176
     1
 42
1.0
176
     1
 92
        8
176
     1
 66
   257
176
     1
 43
1.0
176
     1
 76
     1
176
     1
 77
     6
176
     1
 78
     2
176
     1
 67
     8
425
  7895160
176
     1
 79
     3
176
     1
170
     0
176
     1
171
     0
176
     1
290
     0
176
     1
 93
        5
176
     1
 44
0.0
176
     1
173
     0
176
     1
  0
VISUALSTYLE
  5
1AFC
102
{ACAD_REACTORS
330
1AE5
102
}
102
{ACAD_XDICTIONARY
360
1BB8
102
}
330
1AE5
100
AcDbVisualStyle
  2
Shaded with edges
 70
    26
177
     2
291
     0
 71
     2
176
     1
 72
     2
176
     1
 73
     1
176
     1
 90
        2
176
     1
 40
0.6
176
     1
 41
30.0
176
     1
 62
     5
 63
     7
421
 16777215
176
     1
 74
     1
176
     1
 91
       10
176
     1
 64
     7
176
     1
 65
   257
176
     1
 75
     2
176
     1
175
     1
176
     1
 42
1.0
176
     1
 92
        8
176
     1
 66
   257
176
     1
 43
1.0
176
     1
 76
     1
176
     1
 77
     6
176
     1
 78
     2
176
     1
 67
     7
176
     1
 79
     3
176
     1
170
     0
176
     1
171
     0
176
     1
290
     0
176
     1
 93
        5
176
     1
 44
0.0
176
     1
173
     0
176
     1
  0
VISUALSTYLE
  5
1AF9
102
{ACAD_REACTORS
330
1AE5
102
}
102
{ACAD_XDICTIONARY
360
1BB2
102
}
330
1AE5
100
AcDbVisualStyle
  2
Shades of Gray
 70
    23
177
     2
291
     0
 71
     2
176
     1
 72
     2
176
     1
 73
     3
176
     1
 90
        0
176
     1
 40
0.6
176
     1
 41
30.0
176
     1
 62
     5
 63
     7
421
 16777215
176
     1
 74
     2
176
     1
 91
        2
176
     1
 64
     7
176
     1
 65
     7
176
     1
 75
     1
176
     1
175
     1
176
     1
 42
40.0
176
     1
 92
        8
176
     1
 66
     7
176
     1
 43
1.0
176
     1
 76
     1
176
     1
 77
     6
176
     1
 78
     2
176
     1
 67
     7
176
     1
 79
     3
176
     1
170
     0
176
     1
171
     0
176
     1
290
     0
176
     1
 93
        1
176
     1
 44
0.0
176
     1
173
     0
176
     1
  0
VISUALSTYLE
  5
1AFA
102
{ACAD_REACTORS
330
1AE5
102
}
102
{ACAD_XDICTIONARY
360
1BB4
102
}
330
1AE5
100
AcDbVisualStyle
  2
Sketchy
 70
    24
177
     2
291
     0
 71
     1
176
     1
 72
     2
176
     1
 73
     2
176
     1
 90
        0
176
     1
 40
0.6
176
     1
 41
30.0
176
     1
 62
     5
 63
     7
421
 16777215
176
     1
 74
     2
176
     1
 91
        2
176
     1
 64
     7
176
     1
 65
     7
176
     1
 75
     1
176
     1
175
     1
176
     1
 42
40.0
176
     1
 92
       11
176
     1
 66
     7
176
     1
 43
1.0
176
     1
 76
     1
176
     1
 77
     6
176
     1
 78
     2
176
     1
 67
     7
176
     1
 79
     6
176
     1
170
     0
176
     1
171
     0
176
     1
290
     0
176
     1
 93
        1
176
     1
 44
0.0
176
     1
173
     0
176
     1
  0
VISUALSTYLE
  5
1AF2
102
{ACAD_REACTORS
330
1AE5
102
}
102
{ACAD_XDICTIONARY
360
1BA4
102
}
330
1AE5
100
AcDbVisualStyle
  2
Thicken
 70
    13
177
     2
291
     1
 71
     2
176
     1
 72
     2
176
     1
 73
     0
176
     1
 90
        0
176
     1
 40
0.6
176
     1
 41
30.0
176
     1
 62
     5
 63
     7
421
 16777215
176
     1
 74
     1
176
     1
 91
        4
176
     1
 64
     7
176
     1
 65
   257
176
     1
 75
     1
176
     1
175
     1
176
     1
 42
1.0
176
     1
 92
       12
176
     1
 66
     7
176
     1
 43
1.0
176
     1
 76
     1
176
     1
 77
     6
176
     1
 78
     2
176
     1
 67
     7
176
     1
 79
     5
176
     1
170
     0
176
     1
171
     0
176
     1
290
     0
176
     1
 93
        1
176
     1
 44
0.0
176
     1
173
     0
176
     1
  0
VISUALSTYLE
  5
1AEB
102
{ACAD_REACTORS
330
1AE5
102
}
102
{ACAD_XDICTIONARY
360
1B96
102
}
330
1AE5
100
AcDbVisualStyle
  2
Wireframe
 70
     5
177
     2
291
     0
 71
     0
176
     1
 72
     2
176
     1
 73
     0
176
     1
 90
        0
176
     1
 40
0.6
176
     1
 41
30.0
176
     1
 62
     5
 63
     7
421
 16777215
176
     1
 74
     1
176
     1
 91
        4
176
     1
 64
     7
176
     1
 65
   257
176
     1
 75
     1
176
     1
175
     1
176
     1
 42
1.0
176
     1
 92
        0
176
     1
 66
   257
176
     1
 43
1.0
176
     1
 76
     1
176
     1
 77
     6
176
     1
 78
     2
176
     1
 67
     7
176
     1
 79
     3
176
     1
170
     0
176
     1
171
     0
176
     1
290
     0
176
     1
 93
        1
176
     1
 44
0.0
176
     1
173
     0
176
     1
  0
VISUALSTYLE
  5
1AFB
102
{ACAD_REACTORS
330
1AE5
102
}
102
{ACAD_XDICTIONARY
360
1BB6
102
}
330
1AE5
100
AcDbVisualStyle
  2
X-Ray
 70
    25
177
     2
291
     0
 71
     2
176
     1
 72
     2
176
     1
 73
     1
176
     1
 90
        1
176
     1
 40
0.5
176
     1
 41
30.0
176
     1
 62
     5
 63
     7
421
 16777215
176
     1
 74
     1
176
     1
 91
        0
176
     1
 64
     7
176
     1
 65
   257
176
     1
 75
     1
176
     1
175
     1
176
     1
 42
1.0
176
     1
 92
        8
176
     1
 66
     7
176
     1
 43
1.0
176
     1
 76
     1
176
     1
 77
     6
176
     1
 78
     2
176
     1
 67
     7
176
     1
 79
     3
176
     1
170
     0
176
     1
171
     0
176
     1
290
     0
176
     1
 93
       13
176
     1
 44
0.0
176
     1
173
     0
176
     1
  0
DICTIONARYVAR
  5
1B8B
102
{ACAD_REACTORS
330
1B8A
102
}
330
1B8A
100
DictionaryVariables
280
     0
  1
1:1
  0
DICTIONARYVAR
  5
1BC0
102
{ACAD_REACTORS
330
1B8A
102
}
330
1B8A
100
DictionaryVariables
280
     0
  1
Standard
  0
DICTIONARYVAR
  5
1BBF
102
{ACAD_REACTORS
330
1B8A
102
}
330
1B8A
100
DictionaryVariables
280
     0
  1
Standard
  0
XRECORD
  5
1B1C
102
{ACAD_REACTORS
330
1B1A
102
}
330
1B1A
100
AcDbXrecord
280
     1
1000
#ffffff
  0
XRECORD
  5
1B1D
102
{ACAD_REACTORS
330
1B1A
102
}
330
1B1A
100
AcDbXrecord
280
     1
1000
FullColor
  0
XRECORD
  5
1B1E
102
{ACAD_REACTORS
330
1B1A
102
}
330
1B1A
100
AcDbXrecord
280
     1
290
     1
  0
XRECORD
  5
1B1F
102
{ACAD_REACTORS
330
1B1A
102
}
330
1B1A
100
AcDbXrecord
280
     1
290
     1
  0
XRECORD
  5
1B20
102
{ACAD_REACTORS
330
1B1A
102
}
330
1B1A
100
AcDbXrecord
280
     1
290
     1
  0
XRECORD
  5
1B21
102
{ACAD_REACTORS
330
1B1A
102
}
330
1B1A
100
AcDbXrecord
280
     1
290
     1
  0
XRECORD
  5
1B22
102
{ACAD_REACTORS
330
1B1A
102
}
330
1B1A
100
AcDbXrecord
280
     1
1000
auto
  0
XRECORD
  5
1B23
102
{ACAD_REACTORS
330
1B1A
102
}
330
1B1A
100
AcDbXrecord
280
     1
1000
auto
  0
XRECORD
  5
1B24
102
{ACAD_REACTORS
330
1B1A
102
}
330
1B1A
100
AcDbXrecord
280
     1
1000
auto
  0
XRECORD
  5
1B25
102
{ACAD_REACTORS
330
1B1A
102
}
330
1B1A
100
AcDbXrecord
280
     1
1000
auto
  0
XRECORD
  5
1B26
102
{ACAD_REACTORS
330
1B1A
102
}
330
1B1A
100
AcDbXrecord
280
     1
1000
auto
  0
XRECORD
  5
1B27
102
{ACAD_REACTORS
330
1B1A
102
}
330
1B1A
100
AcDbXrecord
280
     1
1000
auto
  0
XRECORD
  5
1B28
102
{ACAD_REACTORS
330
1B1A
102
}
330
1B1A
100
AcDbXrecord
280
     1
1000
auto
  0
XRECORD
  5
1B29
102
{ACAD_REACTORS
330
1B1A
102
}
330
1B1A
100
AcDbXrecord
280
     1
1000
auto
  0
XRECORD
  5
1B2A
102
{ACAD_REACTORS
330
1B1A
102
}
330
1B1A
100
AcDbXrecord
280
     1
290
     0
  0
XRECORD
  5
1B2B
102
{ACAD_REACTORS
330
1B1A
102
}
330
1B1A
100
AcDbXrecord
280
     1
290
     0
  0
XRECORD
  5
1B2C
102
{ACAD_REACTORS
330
1B1A
102
}
330
1B1A
100
AcDbXrecord
280
     1
290
     0
  0
XRECORD
  5
1B2D
102
{ACAD_REACTORS
330
1B1A
102
}
330
1B1A
100
AcDbXrecord
280
     1
290
     0
  0
XRECORD
  5
1B2E
102
{ACAD_REACTORS
330
1B1A
102
}
330
1B1A
100
AcDbXrecord
280
     1
 90
    65537
  0
XRECORD
  5
1B2F
102
{ACAD_REACTORS
330
1B1A
102
}
330
1B1A
100
AcDbXrecord
280
     1
 90
    65537
  0
XRECORD
  5
1B30
102
{ACAD_REACTORS
330
1B1A
102
}
330
1B1A
100
AcDbXrecord
280
     1
 90
    65537
  0
XRECORD
  5
1B31
102
{ACAD_REACTORS
330
1B1A
102
}
330
1B1A
100
AcDbXrecord
280
     1
 90
    65537
  0
XRECORD
  5
1B32
102
{ACAD_REACTORS
330
1B1A
102
}
330
1B1A
100
AcDbXrecord
280
     1
1000
auto
  0
XRECORD
  5
1B33
102
{ACAD_REACTORS
330
1B1A
102
}
330
1B1A
100
AcDbXrecord
280
     1
1000
auto
  0
XRECORD
  5
1B34
102
{ACAD_REACTORS
330
1B1A
102
}
330
1B1A
100
AcDbXrecord
280
     1
1000
auto
  0
XRECORD
  5
1B35
102
{ACAD_REACTORS
330
1B1A
102
}
330
1B1A
100
AcDbXrecord
280
     1
1000
auto
  0
XRECORD
  5
1B36
102
{ACAD_REACTORS
330
1B1A
102
}
330
1B1A
100
AcDbXrecord
280
     1
1000
auto
  0
XRECORD
  5
1B37
102
{ACAD_REACTORS
330
1B1A
102
}
330
1B1A
100
AcDbXrecord
280
     1
1000
auto
  0
XRECORD
  5
1B38
102
{ACAD_REACTORS
330
1B1A
102
}
330
1B1A
100
AcDbXrecord
280
     1
1000
auto
  0
XRECORD
  5
1B39
102
{ACAD_REACTORS
330
1B1A
102
}
330
1B1A
100
AcDbXrecord
280
     1
1000
auto
  0
XRECORD
  5
1B3A
102
{ACAD_REACTORS
330
1B1A
102
}
330
1B1A
100
AcDbXrecord
280
     1
 90
        1
  0
XRECORD
  5
1B3B
102
{ACAD_REACTORS
330
1B1A
102
}
330
1B1A
100
AcDbXrecord
280
     1
 40
10.0
  0
XRECORD
  5
1B3C
102
{ACAD_REACTORS
330
1B1A
102
}
330
1B1A
100
AcDbXrecord
280
     1
 40
10.0
  0
XRECORD
  5
1B3D
102
{ACAD_REACTORS
330
1B1A
102
}
330
1B1A
100
AcDbXrecord
280
     1
 40
10.0
  0
XRECORD
  5
1B3E
102
{ACAD_REACTORS
330
1B1A
102
}
330
1B1A
100
AcDbXrecord
280
     1
 40
10.0
  0
XRECORD
  5
1B3F
102
{ACAD_REACTORS
330
1B1A
102
}
330
1B1A
100
AcDbXrecord
280
     1
290
     0
  0
XRECORD
  5
1B40
102
{ACAD_REACTORS
330
1B1A
102
}
330
1B1A
100
AcDbXrecord
280
     1
 90
        1
  0
XRECORD
  5
1B41
102
{ACAD_REACTORS
330
1B1A
102
}
330
1B1A
100
AcDbXrecord
280
     1
 40
0.0
  0
XRECORD
  5
1B42
102
{ACAD_REACTORS
330
1B1A
102
}
330
1B1A
100
AcDbXrecord
280
     1
 40
0.0
  0
XRECORD
  5
1B43
102
{ACAD_REACTORS
330
1B1A
102
}
330
1B1A
100
AcDbXrecord
280
     1
1000
Portrait
  0
XRECORD
  5
1B44
102
{ACAD_REACTORS
330
1B1A
102
}
330
1B1A
100
AcDbXrecord
280
     1
 40
297.0
  0
XRECORD
  5
1B45
102
{ACAD_REACTORS
330
1B1A
102
}
330
1B1A
100
AcDbXrecord
280
     1
 40
210.0
  0
XRECORD
  5
1B46
102
{ACAD_REACTORS
330
1B1A
102
}
330
1B1A
100
AcDbXrecord
280
     1
1000
1:1
  0
XRECORD
  5
1B47
102
{ACAD_REACTORS
330
1B1A
102
}
330
1B1A
100
AcDbXrecord
280
     1
290
     1
  0
XRECORD
  5
1B48
102
{ACAD_REACTORS
330
1B1A
102
}
330
1B1A
100
AcDbXrecord
280
     1
290
     0
  0
XRECORD
  5
1B49
102
{ACAD_REACTORS
330
1B1A
102
}
330
1B1A
100
AcDbXrecord
280
     1
1000
Inside
  0
XRECORD
  5
1B4A
102
{ACAD_REACTORS
330
1B1A
102
}
330
1B1A
100
AcDbXrecord
280
     1
1000
Arial,10,-1,5,400,0,0,0,0,0,0,0,0,0,0,1,,0,0
  0
XRECORD
  5
1B4B
102
{ACAD_REACTORS
330
1B1A
102
}
330
1B1A
100
AcDbXrecord
280
     1
1000
TopLeft
  0
XRECORD
  5
1B4C
102
{ACAD_REACTORS
330
1B1A
102
}
330
1B1A
100
AcDbXrecord
280
     1
1000
3.32.9
  0
XRECORD
  5
1B4D
102
{ACAD_REACTORS
330
1B1A
102
}
330
1B1A
100
AcDbXrecord
280
     1
 90
        4
  0
XRECORD
  5
1B4E
102
{ACAD_REACTORS
330
1B1A
102
}
330
1B1A
100
AcDbXrecord
280
     1
  0
XRECORD
  5
1B4F
102
{ACAD_REACTORS
330
1B1A
102
}
330
1B1A
100
AcDbXrecord
280
     1
 40
82.58101851851853
  0
XRECORD
  5
1B50
102
{ACAD_REACTORS
330
1B1A
102
}
330
1B1A
100
AcDbXrecord
280
     1
 40
153.8773148148148
  0
DICTIONARY
  5
1BBC
330
1B15
100
AcDbDictionary
280
     1
281
     1
  3
ACAD_ROUNDTRIP_2008_TABLESTYLE_CELLSTYLEMAP
360
1BBD
  0
DICTIONARY
  5
1B94
330
1AEA
100
AcDbDictionary
280
     1
281
     1
  3
ACAD_XREC_ROUNDTRIP
360
1B95
  0
DICTIONARY
  5
1B9A
330
1AED
100
AcDbDictionary
280
     1
281
     1
  3
ACAD_XREC_ROUNDTRIP
360
1B9B
  0
DICTIONARY
  5
1BA2
330
1AF1
100
AcDbDictionary
280
     1
281
     1
  3
ACAD_XREC_ROUNDTRIP
360
1BA3
  0
DICTIONARY
  5
1BAA
330
1AF5
100
AcDbDictionary
280
     1
281
     1
  3
ACAD_XREC_ROUNDTRIP
360
1BAB
  0
DICTIONARY
  5
1B9E
330
1AEF
100
AcDbDictionary
280
     1
281
     1
  3
ACAD_XREC_ROUNDTRIP
360
1B9F
  0
DICTIONARY
  5
1BA0
330
1AF0
100
AcDbDictionary
280
     1
281
     1
  3
ACAD_XREC_ROUNDTRIP
360
1BA1
  0
DICTIONARY
  5
1BB0
330
1AF8
100
AcDbDictionary
280
     1
281
     1
  3
ACAD_XREC_ROUNDTRIP
360
1BB1
  0
DICTIONARY
  5
1BA8
330
1AF4
100
AcDbDictionary
280
     1
281
     1
  3
ACAD_XREC_ROUNDTRIP
360
1BA9
  0
DICTIONARY
  5
1B8C
330
1AE6
100
AcDbDictionary
280
     1
281
     1
  3
ACAD_XREC_ROUNDTRIP
360
1B8D
  0
DICTIONARY
  5
1B8E
330
1AE7
100
AcDbDictionary
280
     1
281
     1
  3
ACAD_XREC_ROUNDTRIP
360
1B8F
  0
DICTIONARY
  5
1B90
330
1AE8
100
AcDbDictionary
280
     1
281
     1
  3
ACAD_XREC_ROUNDTRIP
360
1B91
  0
DICTIONARY
  5
1B92
330
1AE9
100
AcDbDictionary
280
     1
281
     1
  3
ACAD_XREC_ROUNDTRIP
360
1B93
  0
DICTIONARY
  5
1B98
330
1AEC
100
AcDbDictionary
280
     1
281
     1
  3
ACAD_XREC_ROUNDTRIP
360
1B99
  0
DICTIONARY
  5
1BAC
330
1AF6
100
AcDbDictionary
280
     1
281
     1
  3
ACAD_XREC_ROUNDTRIP
360
1BAD
  0
DICTIONARY
  5
1BA6
330
1AF3
100
AcDbDictionary
280
     1
281
     1
  3
ACAD_XREC_ROUNDTRIP
360
1BA7
  0
DICTIONARY
  5
1BAE
330
1AF7
100
AcDbDictionary
280
     1
281
     1
  3
ACAD_XREC_ROUNDTRIP
360
1BAF
  0
DICTIONARY
  5
1B9C
330
1AEE
100
AcDbDictionary
280
     1
281
     1
  3
ACAD_XREC_ROUNDTRIP
360
1B9D
  0
DICTIONARY
  5
1BBA
330
1AFD
100
AcDbDictionary
280
     1
281
     1
  3
ACAD_XREC_ROUNDTRIP
360
1BBB
  0
DICTIONARY
  5
1BB8
330
1AFC
100
AcDbDictionary
280
     1
281
     1
  3
ACAD_XREC_ROUNDTRIP
360
1BB9
  0
DICTIONARY
  5
1BB2
330
1AF9
100
AcDbDictionary
280
     1
281
     1
  3
ACAD_XREC_ROUNDTRIP
360
1BB3
  0
DICTIONARY
  5
1BB4
330
1AFA
100
AcDbDictionary
280
     1
281
     1
  3
ACAD_XREC_ROUNDTRIP
360
1BB5
  0
DICTIONARY
  5
1BA4
330
1AF2
100
AcDbDictionary
280
     1
281
     1
  3
ACAD_XREC_ROUNDTRIP
360
1BA5
  0
DICTIONARY
  5
1B96
330
1AEB
100
AcDbDictionary
280
     1
281
     1
  3
ACAD_XREC_ROUNDTRIP
360
1B97
  0
DICTIONARY
  5
1BB6
330
1AFB
100
AcDbDictionary
280
     1
281
     1
  3
ACAD_XREC_ROUNDTRIP
360
1BB7
  0
CELLSTYLEMAP
  5
1BBD
102
{ACAD_REACTORS
330
1BBC
102
}
330
1BBC
100
AcDbCellStyleMap
 90
        3
300
CELLSTYLE
  1
TABLEFORMAT_BEGIN
 90
        5
170
     1
 91
        0
 92
    32768
 62
   257
 93
        1
300
CONTENTFORMAT
  1
CONTENTFORMAT_BEGIN
 90
        0
 91
        0
 92
        4
 93
        0
300

 40
0.0
140
1.0
 94
        5
 62
     0
340
1ACD
144
0.25
309
CONTENTFORMAT_END
171
     1
301
MARGIN
  1
CELLMARGIN_BEGIN
 40
0.06
 40
0.06
 40
0.06
 40
0.06
 40
0.06
 40
0.06
309
CELLMARGIN_END
 94
        6
 95
        1
302
GRIDFORMAT
  1
GRIDFORMAT_BEGIN
 90
        0
 91
        1
 62
     0
 92
       -2
340
1ACF
 93
        0
 40
0.045
309
GRIDFORMAT_END
 95
        2
302
GRIDFORMAT
  1
GRIDFORMAT_BEGIN
 90
        0
 91
        1
 62
     0
 92
       -2
340
1ACF
 93
        0
 40
0.045
309
GRIDFORMAT_END
 95
        4
302
GRIDFORMAT
  1
GRIDFORMAT_BEGIN
 90
        0
 91
        1
 62
     0
 92
       -2
340
1ACF
 93
        0
 40
0.045
309
GRIDFORMAT_END
 95
        8
302
GRIDFORMAT
  1
GRIDFORMAT_BEGIN
 90
        0
 91
        1
 62
     0
 92
       -2
340
1ACF
 93
        0
 40
0.045
309
GRIDFORMAT_END
 95
       16
302
GRIDFORMAT
  1
GRIDFORMAT_BEGIN
 90
        0
 91
        1
 62
     0
 92
       -2
340
1ACF
 93
        0
 40
0.045
309
GRIDFORMAT_END
 95
       32
302
GRIDFORMAT
  1
GRIDFORMAT_BEGIN
 90
        0
 91
        1
 62
     0
 92
       -2
340
1ACF
 93
        0
 40
0.045
309
GRIDFORMAT_END
309
TABLEFORMAT_END
  1
CELLSTYLE_BEGIN
 90
        1
 91
        1
300
_TITLE
309
CELLSTYLE_END
300
CELLSTYLE
  1
TABLEFORMAT_BEGIN
 90
        5
170
     1
 91
        0
 92
        0
 62
   257
 93
        1
300
CONTENTFORMAT
  1
CONTENTFORMAT_BEGIN
 90
        0
 91
        0
 92
        4
 93
        0
300

 40
0.0
140
1.0
 94
        5
 62
     0
340
1ACD
144
0.18
309
CONTENTFORMAT_END
171
     1
301
MARGIN
  1
CELLMARGIN_BEGIN
 40
0.06
 40
0.06
 40
0.06
 40
0.06
 40
0.06
 40
0.06
309
CELLMARGIN_END
 94
        6
 95
        1
302
GRIDFORMAT
  1
GRIDFORMAT_BEGIN
 90
        0
 91
        1
 62
     0
 92
       -2
340
1ACF
 93
        0
 40
0.045
309
GRIDFORMAT_END
 95
        2
302
GRIDFORMAT
  1
GRIDFORMAT_BEGIN
 90
        0
 91
        1
 62
     0
 92
       -2
340
1ACF
 93
        0
 40
0.045
309
GRIDFORMAT_END
 95
        4
302
GRIDFORMAT
  1
GRIDFORMAT_BEGIN
 90
        0
 91
        1
 62
     0
 92
       -2
340
1ACF
 93
        0
 40
0.045
309
GRIDFORMAT_END
 95
        8
302
GRIDFORMAT
  1
GRIDFORMAT_BEGIN
 90
        0
 91
        1
 62
     0
 92
       -2
340
1ACF
 93
        0
 40
0.045
309
GRIDFORMAT_END
 95
       16
302
GRIDFORMAT
  1
GRIDFORMAT_BEGIN
 90
        0
 91
        1
 62
     0
 92
       -2
340
1ACF
 93
        0
 40
0.045
309
GRIDFORMAT_END
 95
       32
302
GRIDFORMAT
  1
GRIDFORMAT_BEGIN
 90
        0
 91
        1
 62
     0
 92
       -2
340
1ACF
 93
        0
 40
0.045
309
GRIDFORMAT_END
309
TABLEFORMAT_END
  1
CELLSTYLE_BEGIN
 90
        2
 91
        1
300
_HEADER
309
CELLSTYLE_END
300
CELLSTYLE
  1
TABLEFORMAT_BEGIN
 90
        5
170
     1
 91
        0
 92
        0
 62
   257
 93
        1
300
CONTENTFORMAT
  1
CONTENTFORMAT_BEGIN
 90
        0
 91
        0
 92
        4
 93
        0
300

 40
0.0
140
1.0
 94
        2
 62
     0
340
1ACD
144
0.18
309
CONTENTFORMAT_END
171
     1
301
MARGIN
  1
CELLMARGIN_BEGIN
 40
0.06
 40
0.06
 40
0.06
 40
0.06
 40
0.06
 40
0.06
309
CELLMARGIN_END
 94
        6
 95
        1
302
GRIDFORMAT
  1
GRIDFORMAT_BEGIN
 90
        0
 91
        1
 62
     0
 92
       -2
340
1ACF
 93
        0
 40
0.045
309
GRIDFORMAT_END
 95
        2
302
GRIDFORMAT
  1
GRIDFORMAT_BEGIN
 90
        0
 91
        1
 62
     0
 92
       -2
340
1ACF
 93
        0
 40
0.045
309
GRIDFORMAT_END
 95
        4
302
GRIDFORMAT
  1
GRIDFORMAT_BEGIN
 90
        0
 91
        1
 62
     0
 92
       -2
340
1ACF
 93
        0
 40
0.045
309
GRIDFORMAT_END
 95
        8
302
GRIDFORMAT
  1
GRIDFORMAT_BEGIN
 90
        0
 91
        1
 62
     0
 92
       -2
340
1ACF
 93
        0
 40
0.045
309
GRIDFORMAT_END
 95
       16
302
GRIDFORMAT
  1
GRIDFORMAT_BEGIN
 90
        0
 91
        1
 62
     0
 92
       -2
340
1ACF
 93
        0
 40
0.045
309
GRIDFORMAT_END
 95
       32
302
GRIDFORMAT
  1
GRIDFORMAT_BEGIN
 90
        0
 91
        1
 62
     0
 92
       -2
340
1ACF
 93
        0
 40
0.045
309
GRIDFORMAT_END
309
TABLEFORMAT_END
  1
CELLSTYLE_BEGIN
 90
        3
 91
        2
300
_DATA
309
CELLSTYLE_END
  0
XRECORD
  5
1B95
102
{ACAD_REACTORS
330
1B94
102
}
330
1B94
100
AcDbXrecord
280
     1
102
RTVSPost2010Prop28
280
     1
102
RTVSPost2010PropOp28
 70
     1
102
RTVSPost2010Prop29
280
     1
102
RTVSPost2010PropOp29
 70
     1
102
RTVSPost2010Prop30
280
     0
102
RTVSPost2010PropOp30
 70
     1
102
RTVSPost2010Prop31
280
     0
102
RTVSPost2010PropOp31
 70
     1
102
RTVSPost2010Prop32
280
     0
102
RTVSPost2010PropOp32
 70
     1
102
RTVSPost2010Prop33
280
     0
102
RTVSPost2010PropOp33
 70
     1
102
RTVSPost2010Prop34
280
     0
102
RTVSPost2010PropOp34
 70
     1
102
RTVSPost2010Prop35
280
     0
102
RTVSPost2010PropOp35
 70
     1
102
RTVSPost2010Prop36
280
     0
102
RTVSPost2010PropOp36
 70
     1
102
RTVSPost2010Prop37
 90
       50
102
RTVSPost2010PropOp37
 70
     1
102
RTVSPost2010Prop38
140
0.0
102
RTVSPost2010PropOp38
 70
     1
102
RTVSPost2010Prop39
140
1.0
102
RTVSPost2010PropOp39
 70
     1
102
RTVSPost2010Prop40
 90
        0
102
RTVSPost2010PropOp40
 70
     1
102
RTVSPost2010Prop41ColorIndex
 90
       18
102
RTVSPost2010Prop41ColorRGB
 90
        0
102
RTVSPost2010PropOp41
 70
     1
102
RTVSPost2010Prop42
 90
       50
102
RTVSPost2010PropOp42
 70
     1
102
RTVSPost2010Prop43
 90
        3
102
RTVSPost2010PropOp43
 70
     1
102
RTVSPost2010Prop44ColorIndex
 90
        5
102
RTVSPost2010Prop44ColorRGB
 90
      255
102
RTVSPost2010PropOp44
 70
     1
102
RTVSPost2010Prop45
280
     0
102
RTVSPost2010PropOp45
 70
     1
102
RTVSPost2010Prop46
 90
       50
102
RTVSPost2010PropOp46
 70
     1
102
RTVSPost2010Prop47
 90
       50
102
RTVSPost2010PropOp47
 70
     1
102
RTVSPost2010Prop48
 90
       50
102
RTVSPost2010PropOp48
 70
     1
102
RTVSPost2010Prop49
280
     0
102
RTVSPost2010PropOp49
 70
     1
102
RTVSPost2010Prop50
 90
       50
102
RTVSPost2010PropOp50
 70
     1
102
RTVSPost2010Prop51ColorIndex
 90
      256
102
RTVSPost2010Prop51ColorRGB
 90
-16777216
102
RTVSPost2010PropOp51
 70
     0
102
RTVSPost2010Prop52
140
1.0
102
RTVSPost2010PropOp52
 70
     0
102
RTVSPost2010Prop53
 90
        2
102
RTVSPost2010PropOp53
 70
     1
102
RTVSPost2010Prop54
  1
strokes_ogs.tif
102
RTVSPost2010PropOp54
 70
     1
102
RTVSPost2010Prop55
280
     0
102
RTVSPost2010PropOp55
 70
     1
102
RTVSPost2010Prop56
140
1.0
102
RTVSPost2010PropOp56
 70
     1
102
RTVSPost2010Prop57
140
1.0
102
RTVSPost2010PropOp57
 70
     1
  0
XRECORD
  5
1B9B
102
{ACAD_REACTORS
330
1B9A
102
}
330
1B9A
100
AcDbXrecord
280
     1
102
RTVSPost2010Prop28
280
     0
102
RTVSPost2010PropOp28
 70
     1
102
RTVSPost2010Prop29
280
     1
102
RTVSPost2010PropOp29
 70
     1
102
RTVSPost2010Prop30
280
     1
102
RTVSPost2010PropOp30
 70
     1
102
RTVSPost2010Prop31
280
     0
102
RTVSPost2010PropOp31
 70
     1
102
RTVSPost2010Prop32
280
     0
102
RTVSPost2010PropOp32
 70
     1
102
RTVSPost2010Prop33
280
     0
102
RTVSPost2010PropOp33
 70
     1
102
RTVSPost2010Prop34
280
     0
102
RTVSPost2010PropOp34
 70
     1
102
RTVSPost2010Prop35
280
     0
102
RTVSPost2010PropOp35
 70
     1
102
RTVSPost2010Prop36
280
     0
102
RTVSPost2010PropOp36
 70
     1
102
RTVSPost2010Prop37
 90
       50
102
RTVSPost2010PropOp37
 70
     1
102
RTVSPost2010Prop38
140
0.0
102
RTVSPost2010PropOp38
 70
     1
102
RTVSPost2010Prop39
140
1.0
102
RTVSPost2010PropOp39
 70
     1
102
RTVSPost2010Prop40
 90
        0
102
RTVSPost2010PropOp40
 70
     1
102
RTVSPost2010Prop41ColorIndex
 90
       18
102
RTVSPost2010Prop41ColorRGB
 90
        0
102
RTVSPost2010PropOp41
 70
     1
102
RTVSPost2010Prop42
 90
       50
102
RTVSPost2010PropOp42
 70
     1
102
RTVSPost2010Prop43
 90
        3
102
RTVSPost2010PropOp43
 70
     1
102
RTVSPost2010Prop44ColorIndex
 90
        5
102
RTVSPost2010Prop44ColorRGB
 90
      255
102
RTVSPost2010PropOp44
 70
     1
102
RTVSPost2010Prop45
280
     0
102
RTVSPost2010PropOp45
 70
     1
102
RTVSPost2010Prop46
 90
       50
102
RTVSPost2010PropOp46
 70
     1
102
RTVSPost2010Prop47
 90
       50
102
RTVSPost2010PropOp47
 70
     1
102
RTVSPost2010Prop48
 90
       50
102
RTVSPost2010PropOp48
 70
     1
102
RTVSPost2010Prop49
280
     0
102
RTVSPost2010PropOp49
 70
     1
102
RTVSPost2010Prop50
 90
       50
102
RTVSPost2010PropOp50
 70
     1
102
RTVSPost2010Prop51ColorIndex
 90
      256
102
RTVSPost2010Prop51ColorRGB
 90
-16777216
102
RTVSPost2010PropOp51
 70
     0
102
RTVSPost2010Prop52
140
1.0
102
RTVSPost2010PropOp52
 70
     0
102
RTVSPost2010Prop53
 90
        2
102
RTVSPost2010PropOp53
 70
     1
102
RTVSPost2010Prop54
  1
strokes_ogs.tif
102
RTVSPost2010PropOp54
 70
     1
102
RTVSPost2010Prop55
280
     0
102
RTVSPost2010PropOp55
 70
     1
102
RTVSPost2010Prop56
140
1.0
102
RTVSPost2010PropOp56
 70
     1
102
RTVSPost2010Prop57
140
1.0
102
RTVSPost2010PropOp57
 70
     1
  0
XRECORD
  5
1BA3
102
{ACAD_REACTORS
330
1BA2
102
}
330
1BA2
100
AcDbXrecord
280
     1
102
RTVSPost2010Prop28
280
     0
102
RTVSPost2010PropOp28
 70
     1
102
RTVSPost2010Prop29
280
     1
102
RTVSPost2010PropOp29
 70
     1
102
RTVSPost2010Prop30
280
     1
102
RTVSPost2010PropOp30
 70
     1
102
RTVSPost2010Prop31
280
     0
102
RTVSPost2010PropOp31
 70
     1
102
RTVSPost2010Prop32
280
     0
102
RTVSPost2010PropOp32
 70
     1
102
RTVSPost2010Prop33
280
     0
102
RTVSPost2010PropOp33
 70
     1
102
RTVSPost2010Prop34
280
     0
102
RTVSPost2010PropOp34
 70
     1
102
RTVSPost2010Prop35
280
     0
102
RTVSPost2010PropOp35
 70
     1
102
RTVSPost2010Prop36
280
     0
102
RTVSPost2010PropOp36
 70
     1
102
RTVSPost2010Prop37
 90
       50
102
RTVSPost2010PropOp37
 70
     1
102
RTVSPost2010Prop38
140
0.0
102
RTVSPost2010PropOp38
 70
     1
102
RTVSPost2010Prop39
140
1.0
102
RTVSPost2010PropOp39
 70
     1
102
RTVSPost2010Prop40
 90
        0
102
RTVSPost2010PropOp40
 70
     1
102
RTVSPost2010Prop41ColorIndex
 90
       18
102
RTVSPost2010Prop41ColorRGB
 90
        0
102
RTVSPost2010PropOp41
 70
     1
102
RTVSPost2010Prop42
 90
       50
102
RTVSPost2010PropOp42
 70
     1
102
RTVSPost2010Prop43
 90
        3
102
RTVSPost2010PropOp43
 70
     1
102
RTVSPost2010Prop44ColorIndex
 90
        5
102
RTVSPost2010Prop44ColorRGB
 90
      255
102
RTVSPost2010PropOp44
 70
     1
102
RTVSPost2010Prop45
280
     0
102
RTVSPost2010PropOp45
 70
     1
102
RTVSPost2010Prop46
 90
       50
102
RTVSPost2010PropOp46
 70
     1
102
RTVSPost2010Prop47
 90
       50
102
RTVSPost2010PropOp47
 70
     1
102
RTVSPost2010Prop48
 90
       50
102
RTVSPost2010PropOp48
 70
     1
102
RTVSPost2010Prop49
280
     0
102
RTVSPost2010PropOp49
 70
     1
102
RTVSPost2010Prop50
 90
       50
102
RTVSPost2010PropOp50
 70
     1
102
RTVSPost2010Prop51ColorIndex
 90
      256
102
RTVSPost2010Prop51ColorRGB
 90
-16777216
102
RTVSPost2010PropOp51
 70
     0
102
RTVSPost2010Prop52
140
1.0
102
RTVSPost2010PropOp52
 70
     0
102
RTVSPost2010Prop53
 90
        2
102
RTVSPost2010PropOp53
 70
     1
102
RTVSPost2010Prop54
  1
strokes_ogs.tif
102
RTVSPost2010PropOp54
 70
     1
102
RTVSPost2010Prop55
280
     0
102
RTVSPost2010PropOp55
 70
     1
102
RTVSPost2010Prop56
140
1.0
102
RTVSPost2010PropOp56
 70
     1
102
RTVSPost2010Prop57
140
1.0
102
RTVSPost2010PropOp57
 70
     1
  0
XRECORD
  5
1BAB
102
{ACAD_REACTORS
330
1BAA
102
}
330
1BAA
100
AcDbXrecord
280
     1
102
RTVSPost2010Prop28
280
     0
102
RTVSPost2010PropOp28
 70
     1
102
RTVSPost2010Prop29
280
     1
102
RTVSPost2010PropOp29
 70
     1
102
RTVSPost2010Prop30
280
     1
102
RTVSPost2010PropOp30
 70
     1
102
RTVSPost2010Prop31
280
     0
102
RTVSPost2010PropOp31
 70
     1
102
RTVSPost2010Prop32
280
     0
102
RTVSPost2010PropOp32
 70
     1
102
RTVSPost2010Prop33
280
     0
102
RTVSPost2010PropOp33
 70
     1
102
RTVSPost2010Prop34
280
     0
102
RTVSPost2010PropOp34
 70
     1
102
RTVSPost2010Prop35
280
     0
102
RTVSPost2010PropOp35
 70
     1
102
RTVSPost2010Prop36
280
     0
102
RTVSPost2010PropOp36
 70
     1
102
RTVSPost2010Prop37
 90
       50
102
RTVSPost2010PropOp37
 70
     1
102
RTVSPost2010Prop38
140
0.0
102
RTVSPost2010PropOp38
 70
     1
102
RTVSPost2010Prop39
140
1.0
102
RTVSPost2010PropOp39
 70
     1
102
RTVSPost2010Prop40
 90
        0
102
RTVSPost2010PropOp40
 70
     1
102
RTVSPost2010Prop41ColorIndex
 90
       18
102
RTVSPost2010Prop41ColorRGB
 90
        0
102
RTVSPost2010PropOp41
 70
     1
102
RTVSPost2010Prop42
 90
       50
102
RTVSPost2010PropOp42
 70
     1
102
RTVSPost2010Prop43
 90
        3
102
RTVSPost2010PropOp43
 70
     1
102
RTVSPost2010Prop44ColorIndex
 90
        5
102
RTVSPost2010Prop44ColorRGB
 90
      255
102
RTVSPost2010PropOp44
 70
     1
102
RTVSPost2010Prop45
280
     0
102
RTVSPost2010PropOp45
 70
     1
102
RTVSPost2010Prop46
 90
       50
102
RTVSPost2010PropOp46
 70
     1
102
RTVSPost2010Prop47
 90
       50
102
RTVSPost2010PropOp47
 70
     1
102
RTVSPost2010Prop48
 90
       50
102
RTVSPost2010PropOp48
 70
     1
102
RTVSPost2010Prop49
280
     0
102
RTVSPost2010PropOp49
 70
     1
102
RTVSPost2010Prop50
 90
       50
102
RTVSPost2010PropOp50
 70
     1
102
RTVSPost2010Prop51ColorIndex
 90
      256
102
RTVSPost2010Prop51ColorRGB
 90
-16777216
102
RTVSPost2010PropOp51
 70
     0
102
RTVSPost2010Prop52
140
1.0
102
RTVSPost2010PropOp52
 70
     0
102
RTVSPost2010Prop53
 90
        2
102
RTVSPost2010PropOp53
 70
     1
102
RTVSPost2010Prop54
  1
strokes_ogs.tif
102
RTVSPost2010PropOp54
 70
     1
102
RTVSPost2010Prop55
280
     0
102
RTVSPost2010PropOp55
 70
     1
102
RTVSPost2010Prop56
140
1.0
102
RTVSPost2010PropOp56
 70
     1
102
RTVSPost2010Prop57
140
1.0
102
RTVSPost2010PropOp57
 70
     1
  0
XRECORD
  5
1B9F
102
{ACAD_REACTORS
330
1B9E
102
}
330
1B9E
100
AcDbXrecord
280
     1
102
RTVSPost2010Prop28
280
     0
102
RTVSPost2010PropOp28
 70
     1
102
RTVSPost2010Prop29
280
     1
102
RTVSPost2010PropOp29
 70
     1
102
RTVSPost2010Prop30
280
     1
102
RTVSPost2010PropOp30
 70
     1
102
RTVSPost2010Prop31
280
     0
102
RTVSPost2010PropOp31
 70
     1
102
RTVSPost2010Prop32
280
     0
102
RTVSPost2010PropOp32
 70
     1
102
RTVSPost2010Prop33
280
     0
102
RTVSPost2010PropOp33
 70
     1
102
RTVSPost2010Prop34
280
     0
102
RTVSPost2010PropOp34
 70
     1
102
RTVSPost2010Prop35
280
     0
102
RTVSPost2010PropOp35
 70
     1
102
RTVSPost2010Prop36
280
     0
102
RTVSPost2010PropOp36
 70
     1
102
RTVSPost2010Prop37
 90
       50
102
RTVSPost2010PropOp37
 70
     1
102
RTVSPost2010Prop38
140
0.0
102
RTVSPost2010PropOp38
 70
     1
102
RTVSPost2010Prop39
140
1.0
102
RTVSPost2010PropOp39
 70
     1
102
RTVSPost2010Prop40
 90
        0
102
RTVSPost2010PropOp40
 70
     1
102
RTVSPost2010Prop41ColorIndex
 90
       18
102
RTVSPost2010Prop41ColorRGB
 90
        0
102
RTVSPost2010PropOp41
 70
     1
102
RTVSPost2010Prop42
 90
       50
102
RTVSPost2010PropOp42
 70
     1
102
RTVSPost2010Prop43
 90
        3
102
RTVSPost2010PropOp43
 70
     1
102
RTVSPost2010Prop44ColorIndex
 90
        5
102
RTVSPost2010Prop44ColorRGB
 90
      255
102
RTVSPost2010PropOp44
 70
     1
102
RTVSPost2010Prop45
280
     0
102
RTVSPost2010PropOp45
 70
     1
102
RTVSPost2010Prop46
 90
       50
102
RTVSPost2010PropOp46
 70
     1
102
RTVSPost2010Prop47
 90
       50
102
RTVSPost2010PropOp47
 70
     1
102
RTVSPost2010Prop48
 90
       50
102
RTVSPost2010PropOp48
 70
     1
102
RTVSPost2010Prop49
280
     0
102
RTVSPost2010PropOp49
 70
     1
102
RTVSPost2010Prop50
 90
       50
102
RTVSPost2010PropOp50
 70
     1
102
RTVSPost2010Prop51ColorIndex
 90
      256
102
RTVSPost2010Prop51ColorRGB
 90
-16777216
102
RTVSPost2010PropOp51
 70
     0
102
RTVSPost2010Prop52
140
1.0
102
RTVSPost2010PropOp52
 70
     0
102
RTVSPost2010Prop53
 90
        2
102
RTVSPost2010PropOp53
 70
     1
102
RTVSPost2010Prop54
  1
strokes_ogs.tif
102
RTVSPost2010PropOp54
 70
     1
102
RTVSPost2010Prop55
280
     0
102
RTVSPost2010PropOp55
 70
     1
102
RTVSPost2010Prop56
140
1.0
102
RTVSPost2010PropOp56
 70
     1
102
RTVSPost2010Prop57
140
1.0
102
RTVSPost2010PropOp57
 70
     1
  0
XRECORD
  5
1BA1
102
{ACAD_REACTORS
330
1BA0
102
}
330
1BA0
100
AcDbXrecord
280
     1
102
RTVSPost2010Prop28
280
     0
102
RTVSPost2010PropOp28
 70
     1
102
RTVSPost2010Prop29
280
     1
102
RTVSPost2010PropOp29
 70
     1
102
RTVSPost2010Prop30
280
     1
102
RTVSPost2010PropOp30
 70
     1
102
RTVSPost2010Prop31
280
     0
102
RTVSPost2010PropOp31
 70
     1
102
RTVSPost2010Prop32
280
     0
102
RTVSPost2010PropOp32
 70
     1
102
RTVSPost2010Prop33
280
     0
102
RTVSPost2010PropOp33
 70
     1
102
RTVSPost2010Prop34
280
     0
102
RTVSPost2010PropOp34
 70
     1
102
RTVSPost2010Prop35
280
     0
102
RTVSPost2010PropOp35
 70
     1
102
RTVSPost2010Prop36
280
     0
102
RTVSPost2010PropOp36
 70
     1
102
RTVSPost2010Prop37
 90
       50
102
RTVSPost2010PropOp37
 70
     1
102
RTVSPost2010Prop38
140
0.0
102
RTVSPost2010PropOp38
 70
     1
102
RTVSPost2010Prop39
140
1.0
102
RTVSPost2010PropOp39
 70
     1
102
RTVSPost2010Prop40
 90
        0
102
RTVSPost2010PropOp40
 70
     1
102
RTVSPost2010Prop41ColorIndex
 90
       18
102
RTVSPost2010Prop41ColorRGB
 90
        0
102
RTVSPost2010PropOp41
 70
     1
102
RTVSPost2010Prop42
 90
       50
102
RTVSPost2010PropOp42
 70
     1
102
RTVSPost2010Prop43
 90
        3
102
RTVSPost2010PropOp43
 70
     1
102
RTVSPost2010Prop44ColorIndex
 90
        5
102
RTVSPost2010Prop44ColorRGB
 90
      255
102
RTVSPost2010PropOp44
 70
     1
102
RTVSPost2010Prop45
280
     0
102
RTVSPost2010PropOp45
 70
     1
102
RTVSPost2010Prop46
 90
       50
102
RTVSPost2010PropOp46
 70
     1
102
RTVSPost2010Prop47
 90
       50
102
RTVSPost2010PropOp47
 70
     1
102
RTVSPost2010Prop48
 90
       50
102
RTVSPost2010PropOp48
 70
     1
102
RTVSPost2010Prop49
280
     0
102
RTVSPost2010PropOp49
 70
     1
102
RTVSPost2010Prop50
 90
       50
102
RTVSPost2010PropOp50
 70
     1
102
RTVSPost2010Prop51ColorIndex
 90
      256
102
RTVSPost2010Prop51ColorRGB
 90
-16777216
102
RTVSPost2010PropOp51
 70
     0
102
RTVSPost2010Prop52
140
1.0
102
RTVSPost2010PropOp52
 70
     0
102
RTVSPost2010Prop53
 90
        2
102
RTVSPost2010PropOp53
 70
     1
102
RTVSPost2010Prop54
  1
strokes_ogs.tif
102
RTVSPost2010PropOp54
 70
     1
102
RTVSPost2010Prop55
280
     0
102
RTVSPost2010PropOp55
 70
     1
102
RTVSPost2010Prop56
140
1.0
102
RTVSPost2010PropOp56
 70
     1
102
RTVSPost2010Prop57
140
1.0
102
RTVSPost2010PropOp57
 70
     1
  0
XRECORD
  5
1BB1
102
{ACAD_REACTORS
330
1BB0
102
}
330
1BB0
100
AcDbXrecord
280
     1
102
RTVSPost2010Prop28
280
     0
102
RTVSPost2010PropOp28
 70
     0
102
RTVSPost2010Prop29
280
     1
102
RTVSPost2010PropOp29
 70
     0
102
RTVSPost2010Prop30
280
     1
102
RTVSPost2010PropOp30
 70
     0
102
RTVSPost2010Prop31
280
     0
102
RTVSPost2010PropOp31
 70
     0
102
RTVSPost2010Prop32
280
     0
102
RTVSPost2010PropOp32
 70
     0
102
RTVSPost2010Prop33
280
     0
102
RTVSPost2010PropOp33
 70
     0
102
RTVSPost2010Prop34
280
     0
102
RTVSPost2010PropOp34
 70
     0
102
RTVSPost2010Prop35
280
     0
102
RTVSPost2010PropOp35
 70
     0
102
RTVSPost2010Prop36
280
     0
102
RTVSPost2010PropOp36
 70
     0
102
RTVSPost2010Prop37
 90
       50
102
RTVSPost2010PropOp37
 70
     0
102
RTVSPost2010Prop38
140
0.0
102
RTVSPost2010PropOp38
 70
     0
102
RTVSPost2010Prop39
140
1.0
102
RTVSPost2010PropOp39
 70
     0
102
RTVSPost2010Prop40
 90
        0
102
RTVSPost2010PropOp40
 70
     0
102
RTVSPost2010Prop41ColorIndex
 90
       18
102
RTVSPost2010Prop41ColorRGB
 90
        0
102
RTVSPost2010PropOp41
 70
     0
102
RTVSPost2010Prop42
 90
       50
102
RTVSPost2010PropOp42
 70
     0
102
RTVSPost2010Prop43
 90
        3
102
RTVSPost2010PropOp43
 70
     0
102
RTVSPost2010Prop44ColorIndex
 90
        5
102
RTVSPost2010Prop44ColorRGB
 90
      255
102
RTVSPost2010PropOp44
 70
     0
102
RTVSPost2010Prop45
280
     0
102
RTVSPost2010PropOp45
 70
     0
102
RTVSPost2010Prop46
 90
       50
102
RTVSPost2010PropOp46
 70
     0
102
RTVSPost2010Prop47
 90
       50
102
RTVSPost2010PropOp47
 70
     0
102
RTVSPost2010Prop48
 90
       50
102
RTVSPost2010PropOp48
 70
     0
102
RTVSPost2010Prop49
280
     0
102
RTVSPost2010PropOp49
 70
     0
102
RTVSPost2010Prop50
 90
       50
102
RTVSPost2010PropOp50
 70
     0
102
RTVSPost2010Prop51ColorIndex
 90
      256
102
RTVSPost2010Prop51ColorRGB
 90
-16777216
102
RTVSPost2010PropOp51
 70
     0
102
RTVSPost2010Prop52
140
1.0
102
RTVSPost2010PropOp52
 70
     0
102
RTVSPost2010Prop53
 90
        2
102
RTVSPost2010PropOp53
 70
     0
102
RTVSPost2010Prop54
  1
strokes_ogs.tif
102
RTVSPost2010PropOp54
 70
     0
102
RTVSPost2010Prop55
280
     0
102
RTVSPost2010PropOp55
 70
     0
102
RTVSPost2010Prop56
140
1.0
102
RTVSPost2010PropOp56
 70
     0
102
RTVSPost2010Prop57
140
1.0
102
RTVSPost2010PropOp57
 70
     0
  0
XRECORD
  5
1BA9
102
{ACAD_REACTORS
330
1BA8
102
}
330
1BA8
100
AcDbXrecord
280
     1
102
RTVSPost2010Prop28
280
     0
102
RTVSPost2010PropOp28
 70
     1
102
RTVSPost2010Prop29
280
     1
102
RTVSPost2010PropOp29
 70
     1
102
RTVSPost2010Prop30
280
     1
102
RTVSPost2010PropOp30
 70
     1
102
RTVSPost2010Prop31
280
     0
102
RTVSPost2010PropOp31
 70
     1
102
RTVSPost2010Prop32
280
     0
102
RTVSPost2010PropOp32
 70
     1
102
RTVSPost2010Prop33
280
     0
102
RTVSPost2010PropOp33
 70
     1
102
RTVSPost2010Prop34
280
     0
102
RTVSPost2010PropOp34
 70
     1
102
RTVSPost2010Prop35
280
     0
102
RTVSPost2010PropOp35
 70
     1
102
RTVSPost2010Prop36
280
     0
102
RTVSPost2010PropOp36
 70
     1
102
RTVSPost2010Prop37
 90
       50
102
RTVSPost2010PropOp37
 70
     1
102
RTVSPost2010Prop38
140
0.0
102
RTVSPost2010PropOp38
 70
     1
102
RTVSPost2010Prop39
140
1.0
102
RTVSPost2010PropOp39
 70
     1
102
RTVSPost2010Prop40
 90
        0
102
RTVSPost2010PropOp40
 70
     1
102
RTVSPost2010Prop41ColorIndex
 90
       18
102
RTVSPost2010Prop41ColorRGB
 90
        0
102
RTVSPost2010PropOp41
 70
     1
102
RTVSPost2010Prop42
 90
       50
102
RTVSPost2010PropOp42
 70
     1
102
RTVSPost2010Prop43
 90
        3
102
RTVSPost2010PropOp43
 70
     1
102
RTVSPost2010Prop44ColorIndex
 90
        5
102
RTVSPost2010Prop44ColorRGB
 90
      255
102
RTVSPost2010PropOp44
 70
     1
102
RTVSPost2010Prop45
280
     0
102
RTVSPost2010PropOp45
 70
     1
102
RTVSPost2010Prop46
 90
       50
102
RTVSPost2010PropOp46
 70
     1
102
RTVSPost2010Prop47
 90
       50
102
RTVSPost2010PropOp47
 70
     1
102
RTVSPost2010Prop48
 90
       50
102
RTVSPost2010PropOp48
 70
     1
102
RTVSPost2010Prop49
280
     0
102
RTVSPost2010PropOp49
 70
     1
102
RTVSPost2010Prop50
 90
       50
102
RTVSPost2010PropOp50
 70
     1
102
RTVSPost2010Prop51ColorIndex
 90
      256
102
RTVSPost2010Prop51ColorRGB
 90
-16777216
102
RTVSPost2010PropOp51
 70
     0
102
RTVSPost2010Prop52
140
1.0
102
RTVSPost2010PropOp52
 70
     0
102
RTVSPost2010Prop53
 90
        2
102
RTVSPost2010PropOp53
 70
     1
102
RTVSPost2010Prop54
  1
strokes_ogs.tif
102
RTVSPost2010PropOp54
 70
     1
102
RTVSPost2010Prop55
280
     0
102
RTVSPost2010PropOp55
 70
     1
102
RTVSPost2010Prop56
140
1.0
102
RTVSPost2010PropOp56
 70
     1
102
RTVSPost2010Prop57
140
1.0
102
RTVSPost2010PropOp57
 70
     1
  0
XRECORD
  5
1B8D
102
{ACAD_REACTORS
330
1B8C
102
}
330
1B8C
100
AcDbXrecord
280
     1
102
RTVSPost2010Prop28
280
     0
102
RTVSPost2010PropOp28
 70
     1
102
RTVSPost2010Prop29
280
     1
102
RTVSPost2010PropOp29
 70
     1
102
RTVSPost2010Prop30
280
     1
102
RTVSPost2010PropOp30
 70
     1
102
RTVSPost2010Prop31
280
     0
102
RTVSPost2010PropOp31
 70
     1
102
RTVSPost2010Prop32
280
     0
102
RTVSPost2010PropOp32
 70
     1
102
RTVSPost2010Prop33
280
     0
102
RTVSPost2010PropOp33
 70
     1
102
RTVSPost2010Prop34
280
     0
102
RTVSPost2010PropOp34
 70
     1
102
RTVSPost2010Prop35
280
     0
102
RTVSPost2010PropOp35
 70
     1
102
RTVSPost2010Prop36
280
     0
102
RTVSPost2010PropOp36
 70
     1
102
RTVSPost2010Prop37
 90
       50
102
RTVSPost2010PropOp37
 70
     1
102
RTVSPost2010Prop38
140
0.0
102
RTVSPost2010PropOp38
 70
     1
102
RTVSPost2010Prop39
140
1.0
102
RTVSPost2010PropOp39
 70
     1
102
RTVSPost2010Prop40
 90
        0
102
RTVSPost2010PropOp40
 70
     1
102
RTVSPost2010Prop41ColorIndex
 90
       18
102
RTVSPost2010Prop41ColorRGB
 90
        0
102
RTVSPost2010PropOp41
 70
     1
102
RTVSPost2010Prop42
 90
       50
102
RTVSPost2010PropOp42
 70
     1
102
RTVSPost2010Prop43
 90
        3
102
RTVSPost2010PropOp43
 70
     1
102
RTVSPost2010Prop44ColorIndex
 90
        5
102
RTVSPost2010Prop44ColorRGB
 90
      255
102
RTVSPost2010PropOp44
 70
     1
102
RTVSPost2010Prop45
280
     0
102
RTVSPost2010PropOp45
 70
     1
102
RTVSPost2010Prop46
 90
       50
102
RTVSPost2010PropOp46
 70
     1
102
RTVSPost2010Prop47
 90
       50
102
RTVSPost2010PropOp47
 70
     1
102
RTVSPost2010Prop48
 90
       50
102
RTVSPost2010PropOp48
 70
     1
102
RTVSPost2010Prop49
280
     0
102
RTVSPost2010PropOp49
 70
     1
102
RTVSPost2010Prop50
 90
       50
102
RTVSPost2010PropOp50
 70
     1
102
RTVSPost2010Prop51ColorIndex
 90
      256
102
RTVSPost2010Prop51ColorRGB
 90
-16777216
102
RTVSPost2010PropOp51
 70
     0
102
RTVSPost2010Prop52
140
1.0
102
RTVSPost2010PropOp52
 70
     0
102
RTVSPost2010Prop53
 90
        2
102
RTVSPost2010PropOp53
 70
     1
102
RTVSPost2010Prop54
  1
strokes_ogs.tif
102
RTVSPost2010PropOp54
 70
     1
102
RTVSPost2010Prop55
280
     0
102
RTVSPost2010PropOp55
 70
     1
102
RTVSPost2010Prop56
140
1.0
102
RTVSPost2010PropOp56
 70
     1
102
RTVSPost2010Prop57
140
1.0
102
RTVSPost2010PropOp57
 70
     1
  0
XRECORD
  5
1B8F
102
{ACAD_REACTORS
330
1B8E
102
}
330
1B8E
100
AcDbXrecord
280
     1
102
RTVSPost2010Prop28
280
     0
102
RTVSPost2010PropOp28
 70
     1
102
RTVSPost2010Prop29
280
     1
102
RTVSPost2010PropOp29
 70
     1
102
RTVSPost2010Prop30
280
     1
102
RTVSPost2010PropOp30
 70
     1
102
RTVSPost2010Prop31
280
     0
102
RTVSPost2010PropOp31
 70
     1
102
RTVSPost2010Prop32
280
     0
102
RTVSPost2010PropOp32
 70
     1
102
RTVSPost2010Prop33
280
     0
102
RTVSPost2010PropOp33
 70
     1
102
RTVSPost2010Prop34
280
     0
102
RTVSPost2010PropOp34
 70
     1
102
RTVSPost2010Prop35
280
     0
102
RTVSPost2010PropOp35
 70
     1
102
RTVSPost2010Prop36
280
     0
102
RTVSPost2010PropOp36
 70
     1
102
RTVSPost2010Prop37
 90
       50
102
RTVSPost2010PropOp37
 70
     1
102
RTVSPost2010Prop38
140
0.0
102
RTVSPost2010PropOp38
 70
     1
102
RTVSPost2010Prop39
140
1.0
102
RTVSPost2010PropOp39
 70
     1
102
RTVSPost2010Prop40
 90
        0
102
RTVSPost2010PropOp40
 70
     1
102
RTVSPost2010Prop41ColorIndex
 90
       18
102
RTVSPost2010Prop41ColorRGB
 90
        0
102
RTVSPost2010PropOp41
 70
     1
102
RTVSPost2010Prop42
 90
       50
102
RTVSPost2010PropOp42
 70
     1
102
RTVSPost2010Prop43
 90
        3
102
RTVSPost2010PropOp43
 70
     1
102
RTVSPost2010Prop44ColorIndex
 90
        5
102
RTVSPost2010Prop44ColorRGB
 90
      255
102
RTVSPost2010PropOp44
 70
     1
102
RTVSPost2010Prop45
280
     0
102
RTVSPost2010PropOp45
 70
     1
102
RTVSPost2010Prop46
 90
       50
102
RTVSPost2010PropOp46
 70
     1
102
RTVSPost2010Prop47
 90
       50
102
RTVSPost2010PropOp47
 70
     1
102
RTVSPost2010Prop48
 90
       50
102
RTVSPost2010PropOp48
 70
     1
102
RTVSPost2010Prop49
280
     0
102
RTVSPost2010PropOp49
 70
     1
102
RTVSPost2010Prop50
 90
       50
102
RTVSPost2010PropOp50
 70
     1
102
RTVSPost2010Prop51ColorIndex
 90
      256
102
RTVSPost2010Prop51ColorRGB
 90
-16777216
102
RTVSPost2010PropOp51
 70
     0
102
RTVSPost2010Prop52
140
1.0
102
RTVSPost2010PropOp52
 70
     0
102
RTVSPost2010Prop53
 90
        2
102
RTVSPost2010PropOp53
 70
     1
102
RTVSPost2010Prop54
  1
strokes_ogs.tif
102
RTVSPost2010PropOp54
 70
     1
102
RTVSPost2010Prop55
280
     0
102
RTVSPost2010PropOp55
 70
     1
102
RTVSPost2010Prop56
140
1.0
102
RTVSPost2010PropOp56
 70
     1
102
RTVSPost2010Prop57
140
1.0
102
RTVSPost2010PropOp57
 70
     1
  0
XRECORD
  5
1B91
102
{ACAD_REACTORS
330
1B90
102
}
330
1B90
100
AcDbXrecord
280
     1
102
RTVSPost2010Prop28
280
     0
102
RTVSPost2010PropOp28
 70
     1
102
RTVSPost2010Prop29
280
     1
102
RTVSPost2010PropOp29
 70
     1
102
RTVSPost2010Prop30
280
     1
102
RTVSPost2010PropOp30
 70
     1
102
RTVSPost2010Prop31
280
     0
102
RTVSPost2010PropOp31
 70
     1
102
RTVSPost2010Prop32
280
     0
102
RTVSPost2010PropOp32
 70
     1
102
RTVSPost2010Prop33
280
     0
102
RTVSPost2010PropOp33
 70
     1
102
RTVSPost2010Prop34
280
     0
102
RTVSPost2010PropOp34
 70
     1
102
RTVSPost2010Prop35
280
     0
102
RTVSPost2010PropOp35
 70
     1
102
RTVSPost2010Prop36
280
     0
102
RTVSPost2010PropOp36
 70
     1
102
RTVSPost2010Prop37
 90
       50
102
RTVSPost2010PropOp37
 70
     1
102
RTVSPost2010Prop38
140
0.0
102
RTVSPost2010PropOp38
 70
     1
102
RTVSPost2010Prop39
140
1.0
102
RTVSPost2010PropOp39
 70
     1
102
RTVSPost2010Prop40
 90
        0
102
RTVSPost2010PropOp40
 70
     1
102
RTVSPost2010Prop41ColorIndex
 90
       18
102
RTVSPost2010Prop41ColorRGB
 90
        0
102
RTVSPost2010PropOp41
 70
     1
102
RTVSPost2010Prop42
 90
       50
102
RTVSPost2010PropOp42
 70
     1
102
RTVSPost2010Prop43
 90
        3
102
RTVSPost2010PropOp43
 70
     1
102
RTVSPost2010Prop44ColorIndex
 90
        5
102
RTVSPost2010Prop44ColorRGB
 90
      255
102
RTVSPost2010PropOp44
 70
     1
102
RTVSPost2010Prop45
280
     0
102
RTVSPost2010PropOp45
 70
     1
102
RTVSPost2010Prop46
 90
       50
102
RTVSPost2010PropOp46
 70
     1
102
RTVSPost2010Prop47
 90
       50
102
RTVSPost2010PropOp47
 70
     1
102
RTVSPost2010Prop48
 90
       50
102
RTVSPost2010PropOp48
 70
     1
102
RTVSPost2010Prop49
280
     0
102
RTVSPost2010PropOp49
 70
     1
102
RTVSPost2010Prop50
 90
       50
102
RTVSPost2010PropOp50
 70
     1
102
RTVSPost2010Prop51ColorIndex
 90
      256
102
RTVSPost2010Prop51ColorRGB
 90
-16777216
102
RTVSPost2010PropOp51
 70
     0
102
RTVSPost2010Prop52
140
1.0
102
RTVSPost2010PropOp52
 70
     0
102
RTVSPost2010Prop53
 90
        2
102
RTVSPost2010PropOp53
 70
     1
102
RTVSPost2010Prop54
  1
strokes_ogs.tif
102
RTVSPost2010PropOp54
 70
     1
102
RTVSPost2010Prop55
280
     0
102
RTVSPost2010PropOp55
 70
     1
102
RTVSPost2010Prop56
140
1.0
102
RTVSPost2010PropOp56
 70
     1
102
RTVSPost2010Prop57
140
1.0
102
RTVSPost2010PropOp57
 70
     1
  0
XRECORD
  5
1B93
102
{ACAD_REACTORS
330
1B92
102
}
330
1B92
100
AcDbXrecord
280
     1
102
RTVSPost2010Prop28
280
     0
102
RTVSPost2010PropOp28
 70
     1
102
RTVSPost2010Prop29
280
     1
102
RTVSPost2010PropOp29
 70
     1
102
RTVSPost2010Prop30
280
     1
102
RTVSPost2010PropOp30
 70
     1
102
RTVSPost2010Prop31
280
     0
102
RTVSPost2010PropOp31
 70
     1
102
RTVSPost2010Prop32
280
     0
102
RTVSPost2010PropOp32
 70
     1
102
RTVSPost2010Prop33
280
     0
102
RTVSPost2010PropOp33
 70
     1
102
RTVSPost2010Prop34
280
     0
102
RTVSPost2010PropOp34
 70
     1
102
RTVSPost2010Prop35
280
     0
102
RTVSPost2010PropOp35
 70
     1
102
RTVSPost2010Prop36
280
     0
102
RTVSPost2010PropOp36
 70
     1
102
RTVSPost2010Prop37
 90
       50
102
RTVSPost2010PropOp37
 70
     1
102
RTVSPost2010Prop38
140
0.0
102
RTVSPost2010PropOp38
 70
     1
102
RTVSPost2010Prop39
140
1.0
102
RTVSPost2010PropOp39
 70
     1
102
RTVSPost2010Prop40
 90
        0
102
RTVSPost2010PropOp40
 70
     1
102
RTVSPost2010Prop41ColorIndex
 90
       18
102
RTVSPost2010Prop41ColorRGB
 90
        0
102
RTVSPost2010PropOp41
 70
     1
102
RTVSPost2010Prop42
 90
       50
102
RTVSPost2010PropOp42
 70
     1
102
RTVSPost2010Prop43
 90
        3
102
RTVSPost2010PropOp43
 70
     1
102
RTVSPost2010Prop44ColorIndex
 90
        5
102
RTVSPost2010Prop44ColorRGB
 90
      255
102
RTVSPost2010PropOp44
 70
     1
102
RTVSPost2010Prop45
280
     0
102
RTVSPost2010PropOp45
 70
     1
102
RTVSPost2010Prop46
 90
       50
102
RTVSPost2010PropOp46
 70
     1
102
RTVSPost2010Prop47
 90
       50
102
RTVSPost2010PropOp47
 70
     1
102
RTVSPost2010Prop48
 90
       50
102
RTVSPost2010PropOp48
 70
     1
102
RTVSPost2010Prop49
280
     0
102
RTVSPost2010PropOp49
 70
     1
102
RTVSPost2010Prop50
 90
       50
102
RTVSPost2010PropOp50
 70
     1
102
RTVSPost2010Prop51ColorIndex
 90
      256
102
RTVSPost2010Prop51ColorRGB
 90
-16777216
102
RTVSPost2010PropOp51
 70
     0
102
RTVSPost2010Prop52
140
1.0
102
RTVSPost2010PropOp52
 70
     0
102
RTVSPost2010Prop53
 90
        2
102
RTVSPost2010PropOp53
 70
     1
102
RTVSPost2010Prop54
  1
strokes_ogs.tif
102
RTVSPost2010PropOp54
 70
     1
102
RTVSPost2010Prop55
280
     0
102
RTVSPost2010PropOp55
 70
     1
102
RTVSPost2010Prop56
140
1.0
102
RTVSPost2010PropOp56
 70
     1
102
RTVSPost2010Prop57
140
1.0
102
RTVSPost2010PropOp57
 70
     1
  0
XRECORD
  5
1B99
102
{ACAD_REACTORS
330
1B98
102
}
330
1B98
100
AcDbXrecord
280
     1
102
RTVSPost2010Prop28
280
     0
102
RTVSPost2010PropOp28
 70
     1
102
RTVSPost2010Prop29
280
     1
102
RTVSPost2010PropOp29
 70
     1
102
RTVSPost2010Prop30
280
     1
102
RTVSPost2010PropOp30
 70
     1
102
RTVSPost2010Prop31
280
     0
102
RTVSPost2010PropOp31
 70
     1
102
RTVSPost2010Prop32
280
     0
102
RTVSPost2010PropOp32
 70
     1
102
RTVSPost2010Prop33
280
     0
102
RTVSPost2010PropOp33
 70
     1
102
RTVSPost2010Prop34
280
     0
102
RTVSPost2010PropOp34
 70
     1
102
RTVSPost2010Prop35
280
     0
102
RTVSPost2010PropOp35
 70
     1
102
RTVSPost2010Prop36
280
     0
102
RTVSPost2010PropOp36
 70
     1
102
RTVSPost2010Prop37
 90
       50
102
RTVSPost2010PropOp37
 70
     1
102
RTVSPost2010Prop38
140
0.0
102
RTVSPost2010PropOp38
 70
     1
102
RTVSPost2010Prop39
140
1.0
102
RTVSPost2010PropOp39
 70
     1
102
RTVSPost2010Prop40
 90
        0
102
RTVSPost2010PropOp40
 70
     1
102
RTVSPost2010Prop41ColorIndex
 90
       18
102
RTVSPost2010Prop41ColorRGB
 90
        0
102
RTVSPost2010PropOp41
 70
     1
102
RTVSPost2010Prop42
 90
       50
102
RTVSPost2010PropOp42
 70
     1
102
RTVSPost2010Prop43
 90
        3
102
RTVSPost2010PropOp43
 70
     1
102
RTVSPost2010Prop44ColorIndex
 90
        5
102
RTVSPost2010Prop44ColorRGB
 90
      255
102
RTVSPost2010PropOp44
 70
     1
102
RTVSPost2010Prop45
280
     0
102
RTVSPost2010PropOp45
 70
     1
102
RTVSPost2010Prop46
 90
       50
102
RTVSPost2010PropOp46
 70
     1
102
RTVSPost2010Prop47
 90
       50
102
RTVSPost2010PropOp47
 70
     1
102
RTVSPost2010Prop48
 90
       50
102
RTVSPost2010PropOp48
 70
     1
102
RTVSPost2010Prop49
280
     0
102
RTVSPost2010PropOp49
 70
     1
102
RTVSPost2010Prop50
 90
       50
102
RTVSPost2010PropOp50
 70
     1
102
RTVSPost2010Prop51ColorIndex
 90
      256
102
RTVSPost2010Prop51ColorRGB
 90
-16777216
102
RTVSPost2010PropOp51
 70
     0
102
RTVSPost2010Prop52
140
1.0
102
RTVSPost2010PropOp52
 70
     0
102
RTVSPost2010Prop53
 90
        2
102
RTVSPost2010PropOp53
 70
     1
102
RTVSPost2010Prop54
  1
strokes_ogs.tif
102
RTVSPost2010PropOp54
 70
     1
102
RTVSPost2010Prop55
280
     0
102
RTVSPost2010PropOp55
 70
     1
102
RTVSPost2010Prop56
140
1.0
102
RTVSPost2010PropOp56
 70
     1
102
RTVSPost2010Prop57
140
1.0
102
RTVSPost2010PropOp57
 70
     1
  0
XRECORD
  5
1BAD
102
{ACAD_REACTORS
330
1BAC
102
}
330
1BAC
100
AcDbXrecord
280
     1
102
RTVSPost2010Prop28
280
     0
102
RTVSPost2010PropOp28
 70
     0
102
RTVSPost2010Prop29
280
     1
102
RTVSPost2010PropOp29
 70
     0
102
RTVSPost2010Prop30
280
     1
102
RTVSPost2010PropOp30
 70
     0
102
RTVSPost2010Prop31
280
     0
102
RTVSPost2010PropOp31
 70
     0
102
RTVSPost2010Prop32
280
     0
102
RTVSPost2010PropOp32
 70
     0
102
RTVSPost2010Prop33
280
     0
102
RTVSPost2010PropOp33
 70
     0
102
RTVSPost2010Prop34
280
     0
102
RTVSPost2010PropOp34
 70
     0
102
RTVSPost2010Prop35
280
     0
102
RTVSPost2010PropOp35
 70
     0
102
RTVSPost2010Prop36
280
     0
102
RTVSPost2010PropOp36
 70
     0
102
RTVSPost2010Prop37
 90
       50
102
RTVSPost2010PropOp37
 70
     0
102
RTVSPost2010Prop38
140
0.0
102
RTVSPost2010PropOp38
 70
     0
102
RTVSPost2010Prop39
140
1.0
102
RTVSPost2010PropOp39
 70
     0
102
RTVSPost2010Prop40
 90
        0
102
RTVSPost2010PropOp40
 70
     0
102
RTVSPost2010Prop41ColorIndex
 90
       18
102
RTVSPost2010Prop41ColorRGB
 90
        0
102
RTVSPost2010PropOp41
 70
     0
102
RTVSPost2010Prop42
 90
       50
102
RTVSPost2010PropOp42
 70
     0
102
RTVSPost2010Prop43
 90
        3
102
RTVSPost2010PropOp43
 70
     0
102
RTVSPost2010Prop44ColorIndex
 90
        5
102
RTVSPost2010Prop44ColorRGB
 90
      255
102
RTVSPost2010PropOp44
 70
     0
102
RTVSPost2010Prop45
280
     0
102
RTVSPost2010PropOp45
 70
     0
102
RTVSPost2010Prop46
 90
       50
102
RTVSPost2010PropOp46
 70
     0
102
RTVSPost2010Prop47
 90
       50
102
RTVSPost2010PropOp47
 70
     0
102
RTVSPost2010Prop48
 90
       50
102
RTVSPost2010PropOp48
 70
     0
102
RTVSPost2010Prop49
280
     0
102
RTVSPost2010PropOp49
 70
     0
102
RTVSPost2010Prop50
 90
       50
102
RTVSPost2010PropOp50
 70
     0
102
RTVSPost2010Prop51ColorIndex
 90
      256
102
RTVSPost2010Prop51ColorRGB
 90
-16777216
102
RTVSPost2010PropOp51
 70
     0
102
RTVSPost2010Prop52
140
1.0
102
RTVSPost2010PropOp52
 70
     0
102
RTVSPost2010Prop53
 90
        2
102
RTVSPost2010PropOp53
 70
     0
102
RTVSPost2010Prop54
  1
strokes_ogs.tif
102
RTVSPost2010PropOp54
 70
     0
102
RTVSPost2010Prop55
280
     0
102
RTVSPost2010PropOp55
 70
     0
102
RTVSPost2010Prop56
140
1.0
102
RTVSPost2010PropOp56
 70
     0
102
RTVSPost2010Prop57
140
1.0
102
RTVSPost2010PropOp57
 70
     0
  0
XRECORD
  5
1BA7
102
{ACAD_REACTORS
330
1BA6
102
}
330
1BA6
100
AcDbXrecord
280
     1
102
RTVSPost2010Prop28
280
     0
102
RTVSPost2010PropOp28
 70
     1
102
RTVSPost2010Prop29
280
     1
102
RTVSPost2010PropOp29
 70
     1
102
RTVSPost2010Prop30
280
     1
102
RTVSPost2010PropOp30
 70
     1
102
RTVSPost2010Prop31
280
     0
102
RTVSPost2010PropOp31
 70
     1
102
RTVSPost2010Prop32
280
     0
102
RTVSPost2010PropOp32
 70
     1
102
RTVSPost2010Prop33
280
     0
102
RTVSPost2010PropOp33
 70
     1
102
RTVSPost2010Prop34
280
     0
102
RTVSPost2010PropOp34
 70
     1
102
RTVSPost2010Prop35
280
     0
102
RTVSPost2010PropOp35
 70
     1
102
RTVSPost2010Prop36
280
     0
102
RTVSPost2010PropOp36
 70
     1
102
RTVSPost2010Prop37
 90
       50
102
RTVSPost2010PropOp37
 70
     1
102
RTVSPost2010Prop38
140
0.0
102
RTVSPost2010PropOp38
 70
     1
102
RTVSPost2010Prop39
140
1.0
102
RTVSPost2010PropOp39
 70
     1
102
RTVSPost2010Prop40
 90
        0
102
RTVSPost2010PropOp40
 70
     1
102
RTVSPost2010Prop41ColorIndex
 90
       18
102
RTVSPost2010Prop41ColorRGB
 90
        0
102
RTVSPost2010PropOp41
 70
     1
102
RTVSPost2010Prop42
 90
       50
102
RTVSPost2010PropOp42
 70
     1
102
RTVSPost2010Prop43
 90
        3
102
RTVSPost2010PropOp43
 70
     1
102
RTVSPost2010Prop44ColorIndex
 90
        5
102
RTVSPost2010Prop44ColorRGB
 90
      255
102
RTVSPost2010PropOp44
 70
     1
102
RTVSPost2010Prop45
280
     0
102
RTVSPost2010PropOp45
 70
     1
102
RTVSPost2010Prop46
 90
       50
102
RTVSPost2010PropOp46
 70
     1
102
RTVSPost2010Prop47
 90
       50
102
RTVSPost2010PropOp47
 70
     1
102
RTVSPost2010Prop48
 90
       50
102
RTVSPost2010PropOp48
 70
     1
102
RTVSPost2010Prop49
280
     0
102
RTVSPost2010PropOp49
 70
     1
102
RTVSPost2010Prop50
 90
       50
102
RTVSPost2010PropOp50
 70
     1
102
RTVSPost2010Prop51ColorIndex
 90
      256
102
RTVSPost2010Prop51ColorRGB
 90
-16777216
102
RTVSPost2010PropOp51
 70
     0
102
RTVSPost2010Prop52
140
1.0
102
RTVSPost2010PropOp52
 70
     0
102
RTVSPost2010Prop53
 90
        2
102
RTVSPost2010PropOp53
 70
     1
102
RTVSPost2010Prop54
  1
strokes_ogs.tif
102
RTVSPost2010PropOp54
 70
     1
102
RTVSPost2010Prop55
280
     0
102
RTVSPost2010PropOp55
 70
     1
102
RTVSPost2010Prop56
140
1.0
102
RTVSPost2010PropOp56
 70
     1
102
RTVSPost2010Prop57
140
1.0
102
RTVSPost2010PropOp57
 70
     1
  0
XRECORD
  5
1BAF
102
{ACAD_REACTORS
330
1BAE
102
}
330
1BAE
100
AcDbXrecord
280
     1
102
RTVSPost2010Prop28
280
     0
102
RTVSPost2010PropOp28
 70
     0
102
RTVSPost2010Prop29
280
     1
102
RTVSPost2010PropOp29
 70
     0
102
RTVSPost2010Prop30
280
     1
102
RTVSPost2010PropOp30
 70
     0
102
RTVSPost2010Prop31
280
     0
102
RTVSPost2010PropOp31
 70
     0
102
RTVSPost2010Prop32
280
     0
102
RTVSPost2010PropOp32
 70
     0
102
RTVSPost2010Prop33
280
     0
102
RTVSPost2010PropOp33
 70
     0
102
RTVSPost2010Prop34
280
     0
102
RTVSPost2010PropOp34
 70
     0
102
RTVSPost2010Prop35
280
     0
102
RTVSPost2010PropOp35
 70
     0
102
RTVSPost2010Prop36
280
     0
102
RTVSPost2010PropOp36
 70
     0
102
RTVSPost2010Prop37
 90
       50
102
RTVSPost2010PropOp37
 70
     0
102
RTVSPost2010Prop38
140
0.0
102
RTVSPost2010PropOp38
 70
     0
102
RTVSPost2010Prop39
140
1.0
102
RTVSPost2010PropOp39
 70
     0
102
RTVSPost2010Prop40
 90
        0
102
RTVSPost2010PropOp40
 70
     0
102
RTVSPost2010Prop41ColorIndex
 90
       18
102
RTVSPost2010Prop41ColorRGB
 90
        0
102
RTVSPost2010PropOp41
 70
     0
102
RTVSPost2010Prop42
 90
       50
102
RTVSPost2010PropOp42
 70
     0
102
RTVSPost2010Prop43
 90
        3
102
RTVSPost2010PropOp43
 70
     0
102
RTVSPost2010Prop44ColorIndex
 90
        5
102
RTVSPost2010Prop44ColorRGB
 90
      255
102
RTVSPost2010PropOp44
 70
     0
102
RTVSPost2010Prop45
280
     0
102
RTVSPost2010PropOp45
 70
     0
102
RTVSPost2010Prop46
 90
       50
102
RTVSPost2010PropOp46
 70
     0
102
RTVSPost2010Prop47
 90
       50
102
RTVSPost2010PropOp47
 70
     0
102
RTVSPost2010Prop48
 90
       50
102
RTVSPost2010PropOp48
 70
     0
102
RTVSPost2010Prop49
280
     0
102
RTVSPost2010PropOp49
 70
     0
102
RTVSPost2010Prop50
 90
       50
102
RTVSPost2010PropOp50
 70
     0
102
RTVSPost2010Prop51ColorIndex
 90
      256
102
RTVSPost2010Prop51ColorRGB
 90
-16777216
102
RTVSPost2010PropOp51
 70
     0
102
RTVSPost2010Prop52
140
1.0
102
RTVSPost2010PropOp52
 70
     0
102
RTVSPost2010Prop53
 90
        2
102
RTVSPost2010PropOp53
 70
     0
102
RTVSPost2010Prop54
  1
strokes_ogs.tif
102
RTVSPost2010PropOp54
 70
     0
102
RTVSPost2010Prop55
280
     0
102
RTVSPost2010PropOp55
 70
     0
102
RTVSPost2010Prop56
140
1.0
102
RTVSPost2010PropOp56
 70
     0
102
RTVSPost2010Prop57
140
1.0
102
RTVSPost2010PropOp57
 70
     0
  0
XRECORD
  5
1B9D
102
{ACAD_REACTORS
330
1B9C
102
}
330
1B9C
100
AcDbXrecord
280
     1
102
RTVSPost2010Prop28
280
     0
102
RTVSPost2010PropOp28
 70
     1
102
RTVSPost2010Prop29
280
     1
102
RTVSPost2010PropOp29
 70
     1
102
RTVSPost2010Prop30
280
     1
102
RTVSPost2010PropOp30
 70
     1
102
RTVSPost2010Prop31
280
     0
102
RTVSPost2010PropOp31
 70
     1
102
RTVSPost2010Prop32
280
     0
102
RTVSPost2010PropOp32
 70
     1
102
RTVSPost2010Prop33
280
     0
102
RTVSPost2010PropOp33
 70
     1
102
RTVSPost2010Prop34
280
     0
102
RTVSPost2010PropOp34
 70
     1
102
RTVSPost2010Prop35
280
     0
102
RTVSPost2010PropOp35
 70
     1
102
RTVSPost2010Prop36
280
     0
102
RTVSPost2010PropOp36
 70
     1
102
RTVSPost2010Prop37
 90
       50
102
RTVSPost2010PropOp37
 70
     1
102
RTVSPost2010Prop38
140
0.0
102
RTVSPost2010PropOp38
 70
     1
102
RTVSPost2010Prop39
140
1.0
102
RTVSPost2010PropOp39
 70
     1
102
RTVSPost2010Prop40
 90
        0
102
RTVSPost2010PropOp40
 70
     1
102
RTVSPost2010Prop41ColorIndex
 90
       18
102
RTVSPost2010Prop41ColorRGB
 90
        0
102
RTVSPost2010PropOp41
 70
     1
102
RTVSPost2010Prop42
 90
       50
102
RTVSPost2010PropOp42
 70
     1
102
RTVSPost2010Prop43
 90
        3
102
RTVSPost2010PropOp43
 70
     1
102
RTVSPost2010Prop44ColorIndex
 90
        5
102
RTVSPost2010Prop44ColorRGB
 90
      255
102
RTVSPost2010PropOp44
 70
     1
102
RTVSPost2010Prop45
280
     0
102
RTVSPost2010PropOp45
 70
     1
102
RTVSPost2010Prop46
 90
       50
102
RTVSPost2010PropOp46
 70
     1
102
RTVSPost2010Prop47
 90
       50
102
RTVSPost2010PropOp47
 70
     1
102
RTVSPost2010Prop48
 90
       50
102
RTVSPost2010PropOp48
 70
     1
102
RTVSPost2010Prop49
280
     0
102
RTVSPost2010PropOp49
 70
     1
102
RTVSPost2010Prop50
 90
       50
102
RTVSPost2010PropOp50
 70
     1
102
RTVSPost2010Prop51ColorIndex
 90
      256
102
RTVSPost2010Prop51ColorRGB
 90
-16777216
102
RTVSPost2010PropOp51
 70
     0
102
RTVSPost2010Prop52
140
1.0
102
RTVSPost2010PropOp52
 70
     0
102
RTVSPost2010Prop53
 90
        2
102
RTVSPost2010PropOp53
 70
     1
102
RTVSPost2010Prop54
  1
strokes_ogs.tif
102
RTVSPost2010PropOp54
 70
     1
102
RTVSPost2010Prop55
280
     0
102
RTVSPost2010PropOp55
 70
     1
102
RTVSPost2010Prop56
140
1.0
102
RTVSPost2010PropOp56
 70
     1
102
RTVSPost2010Prop57
140
1.0
102
RTVSPost2010PropOp57
 70
     1
  0
XRECORD
  5
1BBB
102
{ACAD_REACTORS
330
1BBA
102
}
330
1BBA
100
AcDbXrecord
280
     1
102
RTVSPost2010Prop28
280
     0
102
RTVSPost2010PropOp28
 70
     1
102
RTVSPost2010Prop29
280
     1
102
RTVSPost2010PropOp29
 70
     1
102
RTVSPost2010Prop30
280
     1
102
RTVSPost2010PropOp30
 70
     1
102
RTVSPost2010Prop31
280
     0
102
RTVSPost2010PropOp31
 70
     1
102
RTVSPost2010Prop32
280
     0
102
RTVSPost2010PropOp32
 70
     1
102
RTVSPost2010Prop33
280
     0
102
RTVSPost2010PropOp33
 70
     1
102
RTVSPost2010Prop34
280
     0
102
RTVSPost2010PropOp34
 70
     1
102
RTVSPost2010Prop35
280
     0
102
RTVSPost2010PropOp35
 70
     1
102
RTVSPost2010Prop36
280
     0
102
RTVSPost2010PropOp36
 70
     1
102
RTVSPost2010Prop37
 90
       50
102
RTVSPost2010PropOp37
 70
     1
102
RTVSPost2010Prop38
140
0.0
102
RTVSPost2010PropOp38
 70
     1
102
RTVSPost2010Prop39
140
1.0
102
RTVSPost2010PropOp39
 70
     1
102
RTVSPost2010Prop40
 90
        0
102
RTVSPost2010PropOp40
 70
     1
102
RTVSPost2010Prop41ColorIndex
 90
       18
102
RTVSPost2010Prop41ColorRGB
 90
        0
102
RTVSPost2010PropOp41
 70
     1
102
RTVSPost2010Prop42
 90
       50
102
RTVSPost2010PropOp42
 70
     1
102
RTVSPost2010Prop43
 90
        3
102
RTVSPost2010PropOp43
 70
     1
102
RTVSPost2010Prop44ColorIndex
 90
        5
102
RTVSPost2010Prop44ColorRGB
 90
      255
102
RTVSPost2010PropOp44
 70
     1
102
RTVSPost2010Prop45
280
     0
102
RTVSPost2010PropOp45
 70
     1
102
RTVSPost2010Prop46
 90
       50
102
RTVSPost2010PropOp46
 70
     1
102
RTVSPost2010Prop47
 90
       50
102
RTVSPost2010PropOp47
 70
     1
102
RTVSPost2010Prop48
 90
       50
102
RTVSPost2010PropOp48
 70
     1
102
RTVSPost2010Prop49
280
     0
102
RTVSPost2010PropOp49
 70
     1
102
RTVSPost2010Prop50
 90
       50
102
RTVSPost2010PropOp50
 70
     1
102
RTVSPost2010Prop51ColorIndex
 90
      256
102
RTVSPost2010Prop51ColorRGB
 90
-16777216
102
RTVSPost2010PropOp51
 70
     0
102
RTVSPost2010Prop52
140
1.0
102
RTVSPost2010PropOp52
 70
     0
102
RTVSPost2010Prop53
 90
        2
102
RTVSPost2010PropOp53
 70
     1
102
RTVSPost2010Prop54
  1
strokes_ogs.tif
102
RTVSPost2010PropOp54
 70
     1
102
RTVSPost2010Prop55
280
     0
102
RTVSPost2010PropOp55
 70
     1
102
RTVSPost2010Prop56
140
1.0
102
RTVSPost2010PropOp56
 70
     1
102
RTVSPost2010Prop57
140
1.0
102
RTVSPost2010PropOp57
 70
     1
  0
XRECORD
  5
1BB9
102
{ACAD_REACTORS
330
1BB8
102
}
330
1BB8
100
AcDbXrecord
280
     1
102
RTVSPost2010Prop28
280
     0
102
RTVSPost2010PropOp28
 70
     1
102
RTVSPost2010Prop29
280
     1
102
RTVSPost2010PropOp29
 70
     1
102
RTVSPost2010Prop30
280
     1
102
RTVSPost2010PropOp30
 70
     1
102
RTVSPost2010Prop31
280
     0
102
RTVSPost2010PropOp31
 70
     1
102
RTVSPost2010Prop32
280
     0
102
RTVSPost2010PropOp32
 70
     1
102
RTVSPost2010Prop33
280
     0
102
RTVSPost2010PropOp33
 70
     1
102
RTVSPost2010Prop34
280
     0
102
RTVSPost2010PropOp34
 70
     1
102
RTVSPost2010Prop35
280
     0
102
RTVSPost2010PropOp35
 70
     1
102
RTVSPost2010Prop36
280
     0
102
RTVSPost2010PropOp36
 70
     1
102
RTVSPost2010Prop37
 90
       50
102
RTVSPost2010PropOp37
 70
     1
102
RTVSPost2010Prop38
140
0.0
102
RTVSPost2010PropOp38
 70
     1
102
RTVSPost2010Prop39
140
1.0
102
RTVSPost2010PropOp39
 70
     1
102
RTVSPost2010Prop40
 90
        0
102
RTVSPost2010PropOp40
 70
     1
102
RTVSPost2010Prop41ColorIndex
 90
       18
102
RTVSPost2010Prop41ColorRGB
 90
        0
102
RTVSPost2010PropOp41
 70
     1
102
RTVSPost2010Prop42
 90
       50
102
RTVSPost2010PropOp42
 70
     1
102
RTVSPost2010Prop43
 90
        3
102
RTVSPost2010PropOp43
 70
     1
102
RTVSPost2010Prop44ColorIndex
 90
        5
102
RTVSPost2010Prop44ColorRGB
 90
      255
102
RTVSPost2010PropOp44
 70
     1
102
RTVSPost2010Prop45
280
     0
102
RTVSPost2010PropOp45
 70
     1
102
RTVSPost2010Prop46
 90
       50
102
RTVSPost2010PropOp46
 70
     1
102
RTVSPost2010Prop47
 90
       50
102
RTVSPost2010PropOp47
 70
     1
102
RTVSPost2010Prop48
 90
       50
102
RTVSPost2010PropOp48
 70
     1
102
RTVSPost2010Prop49
280
     0
102
RTVSPost2010PropOp49
 70
     1
102
RTVSPost2010Prop50
 90
       50
102
RTVSPost2010PropOp50
 70
     1
102
RTVSPost2010Prop51ColorIndex
 90
      256
102
RTVSPost2010Prop51ColorRGB
 90
-16777216
102
RTVSPost2010PropOp51
 70
     0
102
RTVSPost2010Prop52
140
1.0
102
RTVSPost2010PropOp52
 70
     0
102
RTVSPost2010Prop53
 90
        2
102
RTVSPost2010PropOp53
 70
     1
102
RTVSPost2010Prop54
  1
strokes_ogs.tif
102
RTVSPost2010PropOp54
 70
     1
102
RTVSPost2010Prop55
280
     0
102
RTVSPost2010PropOp55
 70
     1
102
RTVSPost2010Prop56
140
1.0
102
RTVSPost2010PropOp56
 70
     1
102
RTVSPost2010Prop57
140
1.0
102
RTVSPost2010PropOp57
 70
     1
  0
XRECORD
  5
1BB3
102
{ACAD_REACTORS
330
1BB2
102
}
330
1BB2
100
AcDbXrecord
280
     1
102
RTVSPost2010Prop28
280
     0
102
RTVSPost2010PropOp28
 70
     1
102
RTVSPost2010Prop29
280
     1
102
RTVSPost2010PropOp29
 70
     1
102
RTVSPost2010Prop30
280
     1
102
RTVSPost2010PropOp30
 70
     1
102
RTVSPost2010Prop31
280
     0
102
RTVSPost2010PropOp31
 70
     1
102
RTVSPost2010Prop32
280
     0
102
RTVSPost2010PropOp32
 70
     1
102
RTVSPost2010Prop33
280
     0
102
RTVSPost2010PropOp33
 70
     1
102
RTVSPost2010Prop34
280
     0
102
RTVSPost2010PropOp34
 70
     1
102
RTVSPost2010Prop35
280
     0
102
RTVSPost2010PropOp35
 70
     1
102
RTVSPost2010Prop36
280
     0
102
RTVSPost2010PropOp36
 70
     1
102
RTVSPost2010Prop37
 90
       50
102
RTVSPost2010PropOp37
 70
     1
102
RTVSPost2010Prop38
140
0.0
102
RTVSPost2010PropOp38
 70
     1
102
RTVSPost2010Prop39
140
1.0
102
RTVSPost2010PropOp39
 70
     1
102
RTVSPost2010Prop40
 90
        0
102
RTVSPost2010PropOp40
 70
     1
102
RTVSPost2010Prop41ColorIndex
 90
       18
102
RTVSPost2010Prop41ColorRGB
 90
        0
102
RTVSPost2010PropOp41
 70
     1
102
RTVSPost2010Prop42
 90
       50
102
RTVSPost2010PropOp42
 70
     1
102
RTVSPost2010Prop43
 90
        3
102
RTVSPost2010PropOp43
 70
     1
102
RTVSPost2010Prop44ColorIndex
 90
        5
102
RTVSPost2010Prop44ColorRGB
 90
      255
102
RTVSPost2010PropOp44
 70
     1
102
RTVSPost2010Prop45
280
     0
102
RTVSPost2010PropOp45
 70
     1
102
RTVSPost2010Prop46
 90
       50
102
RTVSPost2010PropOp46
 70
     1
102
RTVSPost2010Prop47
 90
       50
102
RTVSPost2010PropOp47
 70
     1
102
RTVSPost2010Prop48
 90
       50
102
RTVSPost2010PropOp48
 70
     1
102
RTVSPost2010Prop49
280
     0
102
RTVSPost2010PropOp49
 70
     1
102
RTVSPost2010Prop50
 90
       50
102
RTVSPost2010PropOp50
 70
     1
102
RTVSPost2010Prop51ColorIndex
 90
      256
102
RTVSPost2010Prop51ColorRGB
 90
-16777216
102
RTVSPost2010PropOp51
 70
     0
102
RTVSPost2010Prop52
140
1.0
102
RTVSPost2010PropOp52
 70
     0
102
RTVSPost2010Prop53
 90
        2
102
RTVSPost2010PropOp53
 70
     1
102
RTVSPost2010Prop54
  1
strokes_ogs.tif
102
RTVSPost2010PropOp54
 70
     1
102
RTVSPost2010Prop55
280
     0
102
RTVSPost2010PropOp55
 70
     1
102
RTVSPost2010Prop56
140
1.0
102
RTVSPost2010PropOp56
 70
     1
102
RTVSPost2010Prop57
140
1.0
102
RTVSPost2010PropOp57
 70
     1
  0
XRECORD
  5
1BB5
102
{ACAD_REACTORS
330
1BB4
102
}
330
1BB4
100
AcDbXrecord
280
     1
102
RTVSPost2010Prop28
280
     0
102
RTVSPost2010PropOp28
 70
     1
102
RTVSPost2010Prop29
280
     1
102
RTVSPost2010PropOp29
 70
     1
102
RTVSPost2010Prop30
280
     1
102
RTVSPost2010PropOp30
 70
     1
102
RTVSPost2010Prop31
280
     0
102
RTVSPost2010PropOp31
 70
     1
102
RTVSPost2010Prop32
280
     0
102
RTVSPost2010PropOp32
 70
     1
102
RTVSPost2010Prop33
280
     0
102
RTVSPost2010PropOp33
 70
     1
102
RTVSPost2010Prop34
280
     0
102
RTVSPost2010PropOp34
 70
     1
102
RTVSPost2010Prop35
280
     0
102
RTVSPost2010PropOp35
 70
     1
102
RTVSPost2010Prop36
280
     0
102
RTVSPost2010PropOp36
 70
     1
102
RTVSPost2010Prop37
 90
       50
102
RTVSPost2010PropOp37
 70
     1
102
RTVSPost2010Prop38
140
0.0
102
RTVSPost2010PropOp38
 70
     1
102
RTVSPost2010Prop39
140
1.0
102
RTVSPost2010PropOp39
 70
     1
102
RTVSPost2010Prop40
 90
        0
102
RTVSPost2010PropOp40
 70
     1
102
RTVSPost2010Prop41ColorIndex
 90
       18
102
RTVSPost2010Prop41ColorRGB
 90
        0
102
RTVSPost2010PropOp41
 70
     1
102
RTVSPost2010Prop42
 90
       50
102
RTVSPost2010PropOp42
 70
     1
102
RTVSPost2010Prop43
 90
        3
102
RTVSPost2010PropOp43
 70
     1
102
RTVSPost2010Prop44ColorIndex
 90
        5
102
RTVSPost2010Prop44ColorRGB
 90
      255
102
RTVSPost2010PropOp44
 70
     1
102
RTVSPost2010Prop45
280
     0
102
RTVSPost2010PropOp45
 70
     1
102
RTVSPost2010Prop46
 90
       50
102
RTVSPost2010PropOp46
 70
     1
102
RTVSPost2010Prop47
 90
       50
102
RTVSPost2010PropOp47
 70
     1
102
RTVSPost2010Prop48
 90
       50
102
RTVSPost2010PropOp48
 70
     1
102
RTVSPost2010Prop49
280
     0
102
RTVSPost2010PropOp49
 70
     1
102
RTVSPost2010Prop50
 90
       50
102
RTVSPost2010PropOp50
 70
     1
102
RTVSPost2010Prop51ColorIndex
 90
      256
102
RTVSPost2010Prop51ColorRGB
 90
-16777216
102
RTVSPost2010PropOp51
 70
     0
102
RTVSPost2010Prop52
140
1.0
102
RTVSPost2010PropOp52
 70
     0
102
RTVSPost2010Prop53
 90
        2
102
RTVSPost2010PropOp53
 70
     1
102
RTVSPost2010Prop54
  1
strokes_ogs.tif
102
RTVSPost2010PropOp54
 70
     1
102
RTVSPost2010Prop55
280
     0
102
RTVSPost2010PropOp55
 70
     1
102
RTVSPost2010Prop56
140
1.0
102
RTVSPost2010PropOp56
 70
     1
102
RTVSPost2010Prop57
140
1.0
102
RTVSPost2010PropOp57
 70
     1
  0
XRECORD
  5
1BA5
102
{ACAD_REACTORS
330
1BA4
102
}
330
1BA4
100
AcDbXrecord
280
     1
102
RTVSPost2010Prop28
280
     0
102
RTVSPost2010PropOp28
 70
     1
102
RTVSPost2010Prop29
280
     1
102
RTVSPost2010PropOp29
 70
     1
102
RTVSPost2010Prop30
280
     1
102
RTVSPost2010PropOp30
 70
     1
102
RTVSPost2010Prop31
280
     0
102
RTVSPost2010PropOp31
 70
     1
102
RTVSPost2010Prop32
280
     0
102
RTVSPost2010PropOp32
 70
     1
102
RTVSPost2010Prop33
280
     0
102
RTVSPost2010PropOp33
 70
     1
102
RTVSPost2010Prop34
280
     0
102
RTVSPost2010PropOp34
 70
     1
102
RTVSPost2010Prop35
280
     0
102
RTVSPost2010PropOp35
 70
     1
102
RTVSPost2010Prop36
280
     0
102
RTVSPost2010PropOp36
 70
     1
102
RTVSPost2010Prop37
 90
       50
102
RTVSPost2010PropOp37
 70
     1
102
RTVSPost2010Prop38
140
0.0
102
RTVSPost2010PropOp38
 70
     1
102
RTVSPost2010Prop39
140
1.0
102
RTVSPost2010PropOp39
 70
     1
102
RTVSPost2010Prop40
 90
        0
102
RTVSPost2010PropOp40
 70
     1
102
RTVSPost2010Prop41ColorIndex
 90
       18
102
RTVSPost2010Prop41ColorRGB
 90
        0
102
RTVSPost2010PropOp41
 70
     1
102
RTVSPost2010Prop42
 90
       50
102
RTVSPost2010PropOp42
 70
     1
102
RTVSPost2010Prop43
 90
        3
102
RTVSPost2010PropOp43
 70
     1
102
RTVSPost2010Prop44ColorIndex
 90
        5
102
RTVSPost2010Prop44ColorRGB
 90
      255
102
RTVSPost2010PropOp44
 70
     1
102
RTVSPost2010Prop45
280
     0
102
RTVSPost2010PropOp45
 70
     1
102
RTVSPost2010Prop46
 90
       50
102
RTVSPost2010PropOp46
 70
     1
102
RTVSPost2010Prop47
 90
       50
102
RTVSPost2010PropOp47
 70
     1
102
RTVSPost2010Prop48
 90
       50
102
RTVSPost2010PropOp48
 70
     1
102
RTVSPost2010Prop49
280
     0
102
RTVSPost2010PropOp49
 70
     1
102
RTVSPost2010Prop50
 90
       50
102
RTVSPost2010PropOp50
 70
     1
102
RTVSPost2010Prop51ColorIndex
 90
      256
102
RTVSPost2010Prop51ColorRGB
 90
-16777216
102
RTVSPost2010PropOp51
 70
     0
102
RTVSPost2010Prop52
140
1.0
102
RTVSPost2010PropOp52
 70
     0
102
RTVSPost2010Prop53
 90
        2
102
RTVSPost2010PropOp53
 70
     1
102
RTVSPost2010Prop54
  1
strokes_ogs.tif
102
RTVSPost2010PropOp54
 70
     1
102
RTVSPost2010Prop55
280
     0
102
RTVSPost2010PropOp55
 70
     1
102
RTVSPost2010Prop56
140
1.0
102
RTVSPost2010PropOp56
 70
     1
102
RTVSPost2010Prop57
140
1.0
102
RTVSPost2010PropOp57
 70
     1
  0
XRECORD
  5
1B97
102
{ACAD_REACTORS
330
1B96
102
}
330
1B96
100
AcDbXrecord
280
     1
102
RTVSPost2010Prop28
280
     0
102
RTVSPost2010PropOp28
 70
     1
102
RTVSPost2010Prop29
280
     1
102
RTVSPost2010PropOp29
 70
     1
102
RTVSPost2010Prop30
280
     1
102
RTVSPost2010PropOp30
 70
     1
102
RTVSPost2010Prop31
280
     0
102
RTVSPost2010PropOp31
 70
     1
102
RTVSPost2010Prop32
280
     0
102
RTVSPost2010PropOp32
 70
     1
102
RTVSPost2010Prop33
280
     0
102
RTVSPost2010PropOp33
 70
     1
102
RTVSPost2010Prop34
280
     0
102
RTVSPost2010PropOp34
 70
     1
102
RTVSPost2010Prop35
280
     0
102
RTVSPost2010PropOp35
 70
     1
102
RTVSPost2010Prop36
280
     0
102
RTVSPost2010PropOp36
 70
     1
102
RTVSPost2010Prop37
 90
       50
102
RTVSPost2010PropOp37
 70
     1
102
RTVSPost2010Prop38
140
0.0
102
RTVSPost2010PropOp38
 70
     1
102
RTVSPost2010Prop39
140
1.0
102
RTVSPost2010PropOp39
 70
     1
102
RTVSPost2010Prop40
 90
        0
102
RTVSPost2010PropOp40
 70
     1
102
RTVSPost2010Prop41ColorIndex
 90
       18
102
RTVSPost2010Prop41ColorRGB
 90
        0
102
RTVSPost2010PropOp41
 70
     1
102
RTVSPost2010Prop42
 90
       50
102
RTVSPost2010PropOp42
 70
     1
102
RTVSPost2010Prop43
 90
        3
102
RTVSPost2010PropOp43
 70
     1
102
RTVSPost2010Prop44ColorIndex
 90
        5
102
RTVSPost2010Prop44ColorRGB
 90
      255
102
RTVSPost2010PropOp44
 70
     1
102
RTVSPost2010Prop45
280
     0
102
RTVSPost2010PropOp45
 70
     1
102
RTVSPost2010Prop46
 90
       50
102
RTVSPost2010PropOp46
 70
     1
102
RTVSPost2010Prop47
 90
       50
102
RTVSPost2010PropOp47
 70
     1
102
RTVSPost2010Prop48
 90
       50
102
RTVSPost2010PropOp48
 70
     1
102
RTVSPost2010Prop49
280
     0
102
RTVSPost2010PropOp49
 70
     1
102
RTVSPost2010Prop50
 90
       50
102
RTVSPost2010PropOp50
 70
     1
102
RTVSPost2010Prop51ColorIndex
 90
      256
102
RTVSPost2010Prop51ColorRGB
 90
-16777216
102
RTVSPost2010PropOp51
 70
     0
102
RTVSPost2010Prop52
140
1.0
102
RTVSPost2010PropOp52
 70
     0
102
RTVSPost2010Prop53
 90
        2
102
RTVSPost2010PropOp53
 70
     1
102
RTVSPost2010Prop54
  1
strokes_ogs.tif
102
RTVSPost2010PropOp54
 70
     1
102
RTVSPost2010Prop55
280
     0
102
RTVSPost2010PropOp55
 70
     1
102
RTVSPost2010Prop56
140
1.0
102
RTVSPost2010PropOp56
 70
     1
102
RTVSPost2010Prop57
140
1.0
102
RTVSPost2010PropOp57
 70
     1
  0
XRECORD
  5
1BB7
102
{ACAD_REACTORS
330
1BB6
102
}
330
1BB6
100
AcDbXrecord
280
     1
102
RTVSPost2010Prop28
280
     0
102
RTVSPost2010PropOp28
 70
     1
102
RTVSPost2010Prop29
280
     1
102
RTVSPost2010PropOp29
 70
     1
102
RTVSPost2010Prop30
280
     1
102
RTVSPost2010PropOp30
 70
     1
102
RTVSPost2010Prop31
280
     0
102
RTVSPost2010PropOp31
 70
     1
102
RTVSPost2010Prop32
280
     0
102
RTVSPost2010PropOp32
 70
     1
102
RTVSPost2010Prop33
280
     0
102
RTVSPost2010PropOp33
 70
     1
102
RTVSPost2010Prop34
280
     0
102
RTVSPost2010PropOp34
 70
     1
102
RTVSPost2010Prop35
280
     0
102
RTVSPost2010PropOp35
 70
     1
102
RTVSPost2010Prop36
280
     0
102
RTVSPost2010PropOp36
 70
     1
102
RTVSPost2010Prop37
 90
       50
102
RTVSPost2010PropOp37
 70
     1
102
RTVSPost2010Prop38
140
0.0
102
RTVSPost2010PropOp38
 70
     1
102
RTVSPost2010Prop39
140
1.0
102
RTVSPost2010PropOp39
 70
     1
102
RTVSPost2010Prop40
 90
        0
102
RTVSPost2010PropOp40
 70
     1
102
RTVSPost2010Prop41ColorIndex
 90
       18
102
RTVSPost2010Prop41ColorRGB
 90
        0
102
RTVSPost2010PropOp41
 70
     1
102
RTVSPost2010Prop42
 90
       50
102
RTVSPost2010PropOp42
 70
     1
102
RTVSPost2010Prop43
 90
        3
102
RTVSPost2010PropOp43
 70
     1
102
RTVSPost2010Prop44ColorIndex
 90
        5
102
RTVSPost2010Prop44ColorRGB
 90
      255
102
RTVSPost2010PropOp44
 70
     1
102
RTVSPost2010Prop45
280
     0
102
RTVSPost2010PropOp45
 70
     1
102
RTVSPost2010Prop46
 90
       50
102
RTVSPost2010PropOp46
 70
     1
102
RTVSPost2010Prop47
 90
       50
102
RTVSPost2010PropOp47
 70
     1
102
RTVSPost2010Prop48
 90
       50
102
RTVSPost2010PropOp48
 70
     1
102
RTVSPost2010Prop49
280
     0
102
RTVSPost2010PropOp49
 70
     1
102
RTVSPost2010Prop50
 90
       50
102
RTVSPost2010PropOp50
 70
     1
102
RTVSPost2010Prop51ColorIndex
 90
      256
102
RTVSPost2010Prop51ColorRGB
 90
-16777216
102
RTVSPost2010PropOp51
 70
     0
102
RTVSPost2010Prop52
140
1.0
102
RTVSPost2010PropOp52
 70
     0
102
RTVSPost2010Prop53
 90
        2
102
RTVSPost2010PropOp53
 70
     1
102
RTVSPost2010Prop54
  1
strokes_ogs.tif
102
RTVSPost2010PropOp54
 70
     1
102
RTVSPost2010Prop55
280
     0
102
RTVSPost2010PropOp55
 70
     1
102
RTVSPost2010Prop56
140
1.0
102
RTVSPost2010PropOp56
 70
     1
102
RTVSPost2010Prop57
140
1.0
102
RTVSPost2010PropOp57
 70
     1
  0
ENDSEC
  0
EOF
